2026-05-10 12:06:23: [32m[Nest] 33564  - [39m10/05/2026, 12:06:23 pm [32m    LOG[39m [38;5;3m[NestFactory] [39m[32mStarting Nest application...[39m
2026-05-10 12:06:23: [32m[Nest] 33564  - [39m10/05/2026, 12:06:23 pm [32m    LOG[39m [38;5;3m[InstanceLoader] [39m[32mPrismaModule dependencies initialized[39m[38;5;3m +46ms[39m
2026-05-10 12:06:23: [32m[Nest] 33564  - [39m10/05/2026, 12:06:23 pm [32m    LOG[39m [38;5;3m[InstanceLoader] [39m[32mSharedModule dependencies initialized[39m[38;5;3m +0ms[39m
2026-05-10 12:06:23: [32m[Nest] 33564  - [39m10/05/2026, 12:06:23 pm [32m    LOG[39m [38;5;3m[InstanceLoader] [39m[32mDiscoveryModule dependencies initialized[39m[38;5;3m +2ms[39m
2026-05-10 12:06:23: [32m[Nest] 33564  - [39m10/05/2026, 12:06:23 pm [32m    LOG[39m [38;5;3m[InstanceLoader] [39m[32mModuleActionsModule dependencies initialized[39m[38;5;3m +1ms[39m
2026-05-10 12:06:23: [32m[Nest] 33564  - [39m10/05/2026, 12:06:23 pm [32m    LOG[39m [38;5;3m[InstanceLoader] [39m[32mAiModule dependencies initialized[39m[38;5;3m +0ms[39m
2026-05-10 12:06:23: [32m[Nest] 33564  - [39m10/05/2026, 12:06:23 pm [32m    LOG[39m [38;5;3m[InstanceLoader] [39m[32mComplianceModule dependencies initialized[39m[38;5;3m +0ms[39m
2026-05-10 12:06:23: [32m[Nest] 33564  - [39m10/05/2026, 12:06:23 pm [32m    LOG[39m [38;5;3m[InstanceLoader] [39m[32mScheduleModule dependencies initialized[39m[38;5;3m +1ms[39m
2026-05-10 12:06:23: [32m[Nest] 33564  - [39m10/05/2026, 12:06:23 pm [32m    LOG[39m [38;5;3m[InstanceLoader] [39m[32mAppModule dependencies initialized[39m[38;5;3m +0ms[39m
2026-05-10 12:06:23: [32m[Nest] 33564  - [39m10/05/2026, 12:06:23 pm [32m    LOG[39m [38;5;3m[InstanceLoader] [39m[32mRecordsModule dependencies initialized[39m[38;5;3m +1ms[39m
2026-05-10 12:06:23: [32m[Nest] 33564  - [39m10/05/2026, 12:06:23 pm [32m    LOG[39m [38;5;3m[InstanceLoader] [39m[32mAuthModule dependencies initialized[39m[38;5;3m +0ms[39m
2026-05-10 12:06:23: [32m[Nest] 33564  - [39m10/05/2026, 12:06:23 pm [32m    LOG[39m [38;5;3m[InstanceLoader] [39m[32mTenantsModule dependencies initialized[39m[38;5;3m +1ms[39m
2026-05-10 12:06:23: [32m[Nest] 33564  - [39m10/05/2026, 12:06:23 pm [32m    LOG[39m [38;5;3m[InstanceLoader] [39m[32mUsersModule dependencies initialized[39m[38;5;3m +0ms[39m
2026-05-10 12:06:23: [32m[Nest] 33564  - [39m10/05/2026, 12:06:23 pm [32m    LOG[39m [38;5;3m[InstanceLoader] [39m[32mProjectsModule dependencies initialized[39m[38;5;3m +0ms[39m
2026-05-10 12:06:23: [32m[Nest] 33564  - [39m10/05/2026, 12:06:23 pm [32m    LOG[39m [38;5;3m[InstanceLoader] [39m[32mDashboardModule dependencies initialized[39m[38;5;3m +1ms[39m
2026-05-10 12:06:23: [32m[Nest] 33564  - [39m10/05/2026, 12:06:23 pm [32m    LOG[39m [38;5;3m[InstanceLoader] [39m[32mApprovalsModule dependencies initialized[39m[38;5;3m +0ms[39m
2026-05-10 12:06:23: [32m[Nest] 33564  - [39m10/05/2026, 12:06:23 pm [32m    LOG[39m [38;5;3m[InstanceLoader] [39m[32mInventoryModule dependencies initialized[39m[38;5;3m +0ms[39m
2026-05-10 12:06:23: [32m[Nest] 33564  - [39m10/05/2026, 12:06:23 pm [32m    LOG[39m [38;5;3m[InstanceLoader] [39m[32mFinanceModule dependencies initialized[39m[38;5;3m +0ms[39m
2026-05-10 12:06:23: [32m[Nest] 33564  - [39m10/05/2026, 12:06:23 pm [32m    LOG[39m [38;5;3m[InstanceLoader] [39m[32mDocumentsModule dependencies initialized[39m[38;5;3m +0ms[39m
2026-05-10 12:06:23: [32m[Nest] 33564  - [39m10/05/2026, 12:06:23 pm [32m    LOG[39m [38;5;3m[InstanceLoader] [39m[32mWorkflowsModule dependencies initialized[39m[38;5;3m +0ms[39m
2026-05-10 12:06:23: [32m[Nest] 33564  - [39m10/05/2026, 12:06:23 pm [32m    LOG[39m [38;5;3m[InstanceLoader] [39m[32mHealthModule dependencies initialized[39m[38;5;3m +0ms[39m
2026-05-10 12:06:23: [32m[Nest] 33564  - [39m10/05/2026, 12:06:23 pm [32m    LOG[39m [38;5;3m[InstanceLoader] [39m[32mProcurementModule dependencies initialized[39m[38;5;3m +0ms[39m
2026-05-10 12:06:23: [32m[Nest] 33564  - [39m10/05/2026, 12:06:23 pm [32m    LOG[39m [38;5;3m[InstanceLoader] [39m[32mAuditModule dependencies initialized[39m[38;5;3m +0ms[39m
2026-05-10 12:06:23: [32m[Nest] 33564  - [39m10/05/2026, 12:06:23 pm [32m    LOG[39m [38;5;3m[RoutesResolver] [39m[32mAuthController {/api/v1/auth}:[39m[38;5;3m +7ms[39m
2026-05-10 12:06:23: [32m[Nest] 33564  - [39m10/05/2026, 12:06:23 pm [32m    LOG[39m [38;5;3m[RouterExplorer] [39m[32mMapped {/api/v1/auth/login, POST} route[39m[38;5;3m +4ms[39m
2026-05-10 12:06:23: [32m[Nest] 33564  - [39m10/05/2026, 12:06:23 pm [32m    LOG[39m [38;5;3m[RouterExplorer] [39m[32mMapped {/api/v1/auth/me, GET} route[39m[38;5;3m +1ms[39m
2026-05-10 12:06:23: [32m[Nest] 33564  - [39m10/05/2026, 12:06:23 pm [32m    LOG[39m [38;5;3m[RoutesResolver] [39m[32mAuditController {/api/v1/tenants/:tenantId/audit}:[39m[38;5;3m +0ms[39m
2026-05-10 12:06:23: [32m[Nest] 33564  - [39m10/05/2026, 12:06:23 pm [32m    LOG[39m [38;5;3m[RouterExplorer] [39m[32mMapped {/api/v1/tenants/:tenantId/audit, GET} route[39m[38;5;3m +4ms[39m
2026-05-10 12:06:23: [32m[Nest] 33564  - [39m10/05/2026, 12:06:23 pm [32m    LOG[39m [38;5;3m[RoutesResolver] [39m[32mTenantsController {/api/v1/tenants}:[39m[38;5;3m +0ms[39m
2026-05-10 12:06:23: [32m[Nest] 33564  - [39m10/05/2026, 12:06:23 pm [32m    LOG[39m [38;5;3m[RouterExplorer] [39m[32mMapped {/api/v1/tenants, GET} route[39m[38;5;3m +1ms[39m
2026-05-10 12:06:23: [32m[Nest] 33564  - [39m10/05/2026, 12:06:23 pm [32m    LOG[39m [38;5;3m[RouterExplorer] [39m[32mMapped {/api/v1/tenants/:id, GET} route[39m[38;5;3m +0ms[39m
2026-05-10 12:06:23: [32m[Nest] 33564  - [39m10/05/2026, 12:06:23 pm [32m    LOG[39m [38;5;3m[RoutesResolver] [39m[32mUsersController {/api/v1/tenants/:tenantId/users}:[39m[38;5;3m +1ms[39m
2026-05-10 12:06:23: [32m[Nest] 33564  - [39m10/05/2026, 12:06:23 pm [32m    LOG[39m [38;5;3m[RouterExplorer] [39m[32mMapped {/api/v1/tenants/:tenantId/users, GET} route[39m[38;5;3m +0ms[39m
2026-05-10 12:06:23: [32m[Nest] 33564  - [39m10/05/2026, 12:06:23 pm [32m    LOG[39m [38;5;3m[RouterExplorer] [39m[32mMapped {/api/v1/tenants/:tenantId/users/permissions, GET} route[39m[38;5;3m +1ms[39m
2026-05-10 12:06:23: [32m[Nest] 33564  - [39m10/05/2026, 12:06:23 pm [32m    LOG[39m [38;5;3m[RoutesResolver] [39m[32mProjectsController {/api/v1/tenants/:tenantId/projects}:[39m[38;5;3m +0ms[39m
2026-05-10 12:06:23: [32m[Nest] 33564  - [39m10/05/2026, 12:06:23 pm [32m    LOG[39m [38;5;3m[RouterExplorer] [39m[32mMapped {/api/v1/tenants/:tenantId/projects, GET} route[39m[38;5;3m +1ms[39m
2026-05-10 12:06:23: [32m[Nest] 33564  - [39m10/05/2026, 12:06:23 pm [32m    LOG[39m [38;5;3m[RouterExplorer] [39m[32mMapped {/api/v1/tenants/:tenantId/projects/health, GET} route[39m[38;5;3m +1ms[39m
2026-05-10 12:06:23: [32m[Nest] 33564  - [39m10/05/2026, 12:06:23 pm [32m    LOG[39m [38;5;3m[RouterExplorer] [39m[32mMapped {/api/v1/tenants/:tenantId/projects/:projectId, GET} route[39m[38;5;3m +2ms[39m
2026-05-10 12:06:23: [32m[Nest] 33564  - [39m10/05/2026, 12:06:23 pm [32m    LOG[39m [38;5;3m[RoutesResolver] [39m[32mDashboardController {/api/v1/tenants/:tenantId/dashboard}:[39m[38;5;3m +0ms[39m
2026-05-10 12:06:23: [32m[Nest] 33564  - [39m10/05/2026, 12:06:23 pm [32m    LOG[39m [38;5;3m[RouterExplorer] [39m[32mMapped {/api/v1/tenants/:tenantId/dashboard/erp-home, GET} route[39m[38;5;3m +0ms[39m
2026-05-10 12:06:23: [32m[Nest] 33564  - [39m10/05/2026, 12:06:23 pm [32m    LOG[39m [38;5;3m[RoutesResolver] [39m[32mHealthController {/api/v1/health}:[39m[38;5;3m +1ms[39m
2026-05-10 12:06:23: [32m[Nest] 33564  - [39m10/05/2026, 12:06:23 pm [32m    LOG[39m [38;5;3m[RouterExplorer] [39m[32mMapped {/api/v1/health, GET} route[39m[38;5;3m +0ms[39m
2026-05-10 12:06:23: [32m[Nest] 33564  - [39m10/05/2026, 12:06:23 pm [32m    LOG[39m [38;5;3m[RoutesResolver] [39m[32mApprovalsController {/api/v1/tenants/:tenantId/approvals}:[39m[38;5;3m +0ms[39m
2026-05-10 12:06:23: [32m[Nest] 33564  - [39m10/05/2026, 12:06:23 pm [32m    LOG[39m [38;5;3m[RouterExplorer] [39m[32mMapped {/api/v1/tenants/:tenantId/approvals, GET} route[39m[38;5;3m +1ms[39m
2026-05-10 12:06:23: [32m[Nest] 33564  - [39m10/05/2026, 12:06:23 pm [32m    LOG[39m [38;5;3m[RouterExplorer] [39m[32mMapped {/api/v1/tenants/:tenantId/approvals/:approvalId/decision, PATCH} route[39m[38;5;3m +0ms[39m
2026-05-10 12:06:23: [32m[Nest] 33564  - [39m10/05/2026, 12:06:23 pm [32m    LOG[39m [38;5;3m[RoutesResolver] [39m[32mProcurementController {/api/v1/tenants/:tenantId/procurement}:[39m[38;5;3m +0ms[39m
2026-05-10 12:06:23: [32m[Nest] 33564  - [39m10/05/2026, 12:06:23 pm [32m    LOG[39m [38;5;3m[RouterExplorer] [39m[32mMapped {/api/v1/tenants/:tenantId/procurement, GET} route[39m[38;5;3m +1ms[39m
2026-05-10 12:06:23: [32m[Nest] 33564  - [39m10/05/2026, 12:06:23 pm [32m    LOG[39m [38;5;3m[RouterExplorer] [39m[32mMapped {/api/v1/tenants/:tenantId/procurement/:vendorId/draft-po, POST} route[39m[38;5;3m +1ms[39m
2026-05-10 12:06:23: [32m[Nest] 33564  - [39m10/05/2026, 12:06:23 pm [32m    LOG[39m [38;5;3m[RoutesResolver] [39m[32mInventoryController {/api/v1/tenants/:tenantId/inventory}:[39m[38;5;3m +0ms[39m
2026-05-10 12:06:23: [32m[Nest] 33564  - [39m10/05/2026, 12:06:23 pm [32m    LOG[39m [38;5;3m[RouterExplorer] [39m[32mMapped {/api/v1/tenants/:tenantId/inventory, GET} route[39m[38;5;3m +1ms[39m
2026-05-10 12:06:23: [32m[Nest] 33564  - [39m10/05/2026, 12:06:23 pm [32m    LOG[39m [38;5;3m[RouterExplorer] [39m[32mMapped {/api/v1/tenants/:tenantId/inventory/low-stock, GET} route[39m[38;5;3m +0ms[39m
2026-05-10 12:06:23: [32m[Nest] 33564  - [39m10/05/2026, 12:06:23 pm [32m    LOG[39m [38;5;3m[RoutesResolver] [39m[32mModuleActionsController {/api/v1/tenants/:tenantId/module-actions}:[39m[38;5;3m +0ms[39m
2026-05-10 12:06:23: [32m[Nest] 33564  - [39m10/05/2026, 12:06:23 pm [32m    LOG[39m [38;5;3m[RouterExplorer] [39m[32mMapped {/api/v1/tenants/:tenantId/module-actions, POST} route[39m[38;5;3m +1ms[39m
2026-05-10 12:06:23: [32m[Nest] 33564  - [39m10/05/2026, 12:06:23 pm [32m    LOG[39m [38;5;3m[RoutesResolver] [39m[32mFinanceController {/api/v1/tenants/:tenantId/finance}:[39m[38;5;3m +0ms[39m
2026-05-10 12:06:23: [32m[Nest] 33564  - [39m10/05/2026, 12:06:23 pm [32m    LOG[39m [38;5;3m[RouterExplorer] [39m[32mMapped {/api/v1/tenants/:tenantId/finance/summary, GET} route[39m[38;5;3m +0ms[39m
2026-05-10 12:06:23: [32m[Nest] 33564  - [39m10/05/2026, 12:06:23 pm [32m    LOG[39m [38;5;3m[RoutesResolver] [39m[32mDocumentsController {/api/v1/tenants/:tenantId/documents}:[39m[38;5;3m +0ms[39m
2026-05-10 12:06:23: [32m[Nest] 33564  - [39m10/05/2026, 12:06:23 pm [32m    LOG[39m [38;5;3m[RouterExplorer] [39m[32mMapped {/api/v1/tenants/:tenantId/documents, GET} route[39m[38;5;3m +1ms[39m
2026-05-10 12:06:23: [32m[Nest] 33564  - [39m10/05/2026, 12:06:23 pm [32m    LOG[39m [38;5;3m[RouterExplorer] [39m[32mMapped {/api/v1/tenants/:tenantId/documents/ocr-queue, GET} route[39m[38;5;3m +1ms[39m
2026-05-10 12:06:23: [32m[Nest] 33564  - [39m10/05/2026, 12:06:23 pm [32m    LOG[39m [38;5;3m[RoutesResolver] [39m[32mWorkflowsController {/api/v1/tenants/:tenantId/workflows}:[39m[38;5;3m +0ms[39m
2026-05-10 12:06:23: [32m[Nest] 33564  - [39m10/05/2026, 12:06:23 pm [32m    LOG[39m [38;5;3m[RouterExplorer] [39m[32mMapped {/api/v1/tenants/:tenantId/workflows, GET} route[39m[38;5;3m +1ms[39m
2026-05-10 12:06:23: [32m[Nest] 33564  - [39m10/05/2026, 12:06:23 pm [32m    LOG[39m [38;5;3m[RouterExplorer] [39m[32mMapped {/api/v1/tenants/:tenantId/workflows/events, GET} route[39m[38;5;3m +0ms[39m
2026-05-10 12:06:23: [32m[Nest] 33564  - [39m10/05/2026, 12:06:23 pm [32m    LOG[39m [38;5;3m[RouterExplorer] [39m[32mMapped {/api/v1/tenants/:tenantId/workflows/:workflowId/simulate, POST} route[39m[38;5;3m +1ms[39m
2026-05-10 12:06:23: [32m[Nest] 33564  - [39m10/05/2026, 12:06:23 pm [32m    LOG[39m [38;5;3m[RoutesResolver] [39m[32mAiController {/api/v1/tenants/:tenantId/ai}:[39m[38;5;3m +0ms[39m
2026-05-10 12:06:23: [32m[Nest] 33564  - [39m10/05/2026, 12:06:23 pm [32m    LOG[39m [38;5;3m[RouterExplorer] [39m[32mMapped {/api/v1/tenants/:tenantId/ai/insights, GET} route[39m[38;5;3m +0ms[39m
2026-05-10 12:06:23: [32m[Nest] 33564  - [39m10/05/2026, 12:06:23 pm [32m    LOG[39m [38;5;3m[RouterExplorer] [39m[32mMapped {/api/v1/tenants/:tenantId/ai/ocr, POST} route[39m[38;5;3m +1ms[39m
2026-05-10 12:06:23: [32m[Nest] 33564  - [39m10/05/2026, 12:06:23 pm [32m    LOG[39m [38;5;3m[RouterExplorer] [39m[32mMapped {/api/v1/tenants/:tenantId/ai/forecast, POST} route[39m[38;5;3m +0ms[39m
2026-05-10 12:06:23: [32m[Nest] 33564  - [39m10/05/2026, 12:06:23 pm [32m    LOG[39m [38;5;3m[RouterExplorer] [39m[32mMapped {/api/v1/tenants/:tenantId/ai/chat, POST} route[39m[38;5;3m +1ms[39m
2026-05-10 12:06:23: [32m[Nest] 33564  - [39m10/05/2026, 12:06:23 pm [32m    LOG[39m [38;5;3m[RoutesResolver] [39m[32mComplianceController {/api/v1/tenants/:tenantId/compliance}:[39m[38;5;3m +0ms[39m
2026-05-10 12:06:23: [32m[Nest] 33564  - [39m10/05/2026, 12:06:23 pm [32m    LOG[39m [38;5;3m[RouterExplorer] [39m[32mMapped {/api/v1/tenants/:tenantId/compliance/gst/validate, POST} route[39m[38;5;3m +1ms[39m
2026-05-10 12:06:23: [32m[Nest] 33564  - [39m10/05/2026, 12:06:23 pm [32m    LOG[39m [38;5;3m[RouterExplorer] [39m[32mMapped {/api/v1/tenants/:tenantId/compliance/einvoice/generate, POST} route[39m[38;5;3m +1ms[39m
2026-05-10 12:06:23: [32m[Nest] 33564  - [39m10/05/2026, 12:06:23 pm [32m    LOG[39m [38;5;3m[RouterExplorer] [39m[32mMapped {/api/v1/tenants/:tenantId/compliance/eway-bill/generate, POST} route[39m[38;5;3m +1ms[39m
2026-05-10 12:06:23: [32m[Nest] 33564  - [39m10/05/2026, 12:06:23 pm [32m    LOG[39m [38;5;3m[RouterExplorer] [39m[32mMapped {/api/v1/tenants/:tenantId/compliance/gstr/status, GET} route[39m[38;5;3m +0ms[39m
2026-05-10 12:06:23: [32m[Nest] 33564  - [39m10/05/2026, 12:06:23 pm [32m    LOG[39m [38;5;3m[RoutesResolver] [39m[32mRecordsController {/api/v1/tenants/:tenantId/records}:[39m[38;5;3m +0ms[39m
2026-05-10 12:06:23: [32m[Nest] 33564  - [39m10/05/2026, 12:06:23 pm [32m    LOG[39m [38;5;3m[RouterExplorer] [39m[32mMapped {/api/v1/tenants/:tenantId/records/:module, GET} route[39m[38;5;3m +1ms[39m
2026-05-10 12:06:23: [32m[Nest] 33564  - [39m10/05/2026, 12:06:23 pm [32m    LOG[39m [38;5;3m[RouterExplorer] [39m[32mMapped {/api/v1/tenants/:tenantId/records/:module, POST} route[39m[38;5;3m +1ms[39m
2026-05-10 12:06:23: [32m[Nest] 33564  - [39m10/05/2026, 12:06:23 pm [32m    LOG[39m [38;5;3m[RouterExplorer] [39m[32mMapped {/api/v1/tenants/:tenantId/records/:module/:id, PATCH} route[39m[38;5;3m +0ms[39m
2026-05-10 12:06:23: [32m[Nest] 33564  - [39m10/05/2026, 12:06:23 pm [32m    LOG[39m [38;5;3m[RouterExplorer] [39m[32mMapped {/api/v1/tenants/:tenantId/records/:module/:id, DELETE} route[39m[38;5;3m +0ms[39m
2026-05-10 12:06:23: ✅ Database seeded successfully for tenant: T-1000
2026-05-10 12:06:23: [32m[Nest] 33564  - [39m10/05/2026, 12:06:23 pm [32m    LOG[39m [38;5;3m[NestApplication] [39m[32mNest application successfully started[39m[38;5;3m +527ms[39m
2026-05-10 12:06:23: NirmaanCloud API running at http://127.0.0.1:7001/api/v1
2026-05-10 12:08:33: [32m[Nest] 29028  - [39m10/05/2026, 12:08:33 pm [32m    LOG[39m [38;5;3m[NestFactory] [39m[32mStarting Nest application...[39m
2026-05-10 12:08:33: [32m[Nest] 29028  - [39m10/05/2026, 12:08:33 pm [32m    LOG[39m [38;5;3m[InstanceLoader] [39m[32mPrismaModule dependencies initialized[39m[38;5;3m +54ms[39m
2026-05-10 12:08:33: [32m[Nest] 29028  - [39m10/05/2026, 12:08:33 pm [32m    LOG[39m [38;5;3m[InstanceLoader] [39m[32mSharedModule dependencies initialized[39m[38;5;3m +0ms[39m
2026-05-10 12:08:33: [32m[Nest] 29028  - [39m10/05/2026, 12:08:33 pm [32m    LOG[39m [38;5;3m[InstanceLoader] [39m[32mDiscoveryModule dependencies initialized[39m[38;5;3m +2ms[39m
2026-05-10 12:08:33: [32m[Nest] 29028  - [39m10/05/2026, 12:08:33 pm [32m    LOG[39m [38;5;3m[InstanceLoader] [39m[32mModuleActionsModule dependencies initialized[39m[38;5;3m +2ms[39m
2026-05-10 12:08:33: [32m[Nest] 29028  - [39m10/05/2026, 12:08:33 pm [32m    LOG[39m [38;5;3m[InstanceLoader] [39m[32mAiModule dependencies initialized[39m[38;5;3m +0ms[39m
2026-05-10 12:08:33: [32m[Nest] 29028  - [39m10/05/2026, 12:08:33 pm [32m    LOG[39m [38;5;3m[InstanceLoader] [39m[32mComplianceModule dependencies initialized[39m[38;5;3m +0ms[39m
2026-05-10 12:08:33: [32m[Nest] 29028  - [39m10/05/2026, 12:08:33 pm [32m    LOG[39m [38;5;3m[InstanceLoader] [39m[32mScheduleModule dependencies initialized[39m[38;5;3m +1ms[39m
2026-05-10 12:08:33: [32m[Nest] 29028  - [39m10/05/2026, 12:08:33 pm [32m    LOG[39m [38;5;3m[InstanceLoader] [39m[32mAppModule dependencies initialized[39m[38;5;3m +1ms[39m
2026-05-10 12:08:33: [32m[Nest] 29028  - [39m10/05/2026, 12:08:33 pm [32m    LOG[39m [38;5;3m[InstanceLoader] [39m[32mRecordsModule dependencies initialized[39m[38;5;3m +0ms[39m
2026-05-10 12:08:33: [32m[Nest] 29028  - [39m10/05/2026, 12:08:33 pm [32m    LOG[39m [38;5;3m[InstanceLoader] [39m[32mAuthModule dependencies initialized[39m[38;5;3m +0ms[39m
2026-05-10 12:08:33: [32m[Nest] 29028  - [39m10/05/2026, 12:08:33 pm [32m    LOG[39m [38;5;3m[InstanceLoader] [39m[32mTenantsModule dependencies initialized[39m[38;5;3m +0ms[39m
2026-05-10 12:08:33: [32m[Nest] 29028  - [39m10/05/2026, 12:08:33 pm [32m    LOG[39m [38;5;3m[InstanceLoader] [39m[32mUsersModule dependencies initialized[39m[38;5;3m +0ms[39m
2026-05-10 12:08:33: [32m[Nest] 29028  - [39m10/05/2026, 12:08:33 pm [32m    LOG[39m [38;5;3m[InstanceLoader] [39m[32mProjectsModule dependencies initialized[39m[38;5;3m +0ms[39m
2026-05-10 12:08:33: [32m[Nest] 29028  - [39m10/05/2026, 12:08:33 pm [32m    LOG[39m [38;5;3m[InstanceLoader] [39m[32mDashboardModule dependencies initialized[39m[38;5;3m +0ms[39m
2026-05-10 12:08:33: [32m[Nest] 29028  - [39m10/05/2026, 12:08:33 pm [32m    LOG[39m [38;5;3m[InstanceLoader] [39m[32mApprovalsModule dependencies initialized[39m[38;5;3m +0ms[39m
2026-05-10 12:08:33: [32m[Nest] 29028  - [39m10/05/2026, 12:08:33 pm [32m    LOG[39m [38;5;3m[InstanceLoader] [39m[32mInventoryModule dependencies initialized[39m[38;5;3m +0ms[39m
2026-05-10 12:08:33: [32m[Nest] 29028  - [39m10/05/2026, 12:08:33 pm [32m    LOG[39m [38;5;3m[InstanceLoader] [39m[32mFinanceModule dependencies initialized[39m[38;5;3m +0ms[39m
2026-05-10 12:08:33: [32m[Nest] 29028  - [39m10/05/2026, 12:08:33 pm [32m    LOG[39m [38;5;3m[InstanceLoader] [39m[32mDocumentsModule dependencies initialized[39m[38;5;3m +0ms[39m
2026-05-10 12:08:33: [32m[Nest] 29028  - [39m10/05/2026, 12:08:33 pm [32m    LOG[39m [38;5;3m[InstanceLoader] [39m[32mWorkflowsModule dependencies initialized[39m[38;5;3m +1ms[39m
2026-05-10 12:08:33: [32m[Nest] 29028  - [39m10/05/2026, 12:08:33 pm [32m    LOG[39m [38;5;3m[InstanceLoader] [39m[32mHealthModule dependencies initialized[39m[38;5;3m +0ms[39m
2026-05-10 12:08:33: [32m[Nest] 29028  - [39m10/05/2026, 12:08:33 pm [32m    LOG[39m [38;5;3m[InstanceLoader] [39m[32mProcurementModule dependencies initialized[39m[38;5;3m +0ms[39m
2026-05-10 12:08:33: [32m[Nest] 29028  - [39m10/05/2026, 12:08:33 pm [32m    LOG[39m [38;5;3m[InstanceLoader] [39m[32mAuditModule dependencies initialized[39m[38;5;3m +0ms[39m
2026-05-10 12:08:33: [32m[Nest] 29028  - [39m10/05/2026, 12:08:33 pm [32m    LOG[39m [38;5;3m[RoutesResolver] [39m[32mAuthController {/api/v1/auth}:[39m[38;5;3m +6ms[39m
2026-05-10 12:08:33: [32m[Nest] 29028  - [39m10/05/2026, 12:08:33 pm [32m    LOG[39m [38;5;3m[RouterExplorer] [39m[32mMapped {/api/v1/auth/login, POST} route[39m[38;5;3m +6ms[39m
2026-05-10 12:08:33: [32m[Nest] 29028  - [39m10/05/2026, 12:08:33 pm [32m    LOG[39m [38;5;3m[RouterExplorer] [39m[32mMapped {/api/v1/auth/me, GET} route[39m[38;5;3m +1ms[39m
2026-05-10 12:08:33: [32m[Nest] 29028  - [39m10/05/2026, 12:08:33 pm [32m    LOG[39m [38;5;3m[RoutesResolver] [39m[32mAuditController {/api/v1/tenants/:tenantId/audit}:[39m[38;5;3m +1ms[39m
2026-05-10 12:08:33: [32m[Nest] 29028  - [39m10/05/2026, 12:08:33 pm [32m    LOG[39m [38;5;3m[RouterExplorer] [39m[32mMapped {/api/v1/tenants/:tenantId/audit, GET} route[39m[38;5;3m +1ms[39m
2026-05-10 12:08:33: [32m[Nest] 29028  - [39m10/05/2026, 12:08:33 pm [32m    LOG[39m [38;5;3m[RoutesResolver] [39m[32mTenantsController {/api/v1/tenants}:[39m[38;5;3m +0ms[39m
2026-05-10 12:08:33: [32m[Nest] 29028  - [39m10/05/2026, 12:08:33 pm [32m    LOG[39m [38;5;3m[RouterExplorer] [39m[32mMapped {/api/v1/tenants, GET} route[39m[38;5;3m +1ms[39m
2026-05-10 12:08:33: [32m[Nest] 29028  - [39m10/05/2026, 12:08:33 pm [32m    LOG[39m [38;5;3m[RouterExplorer] [39m[32mMapped {/api/v1/tenants/:id, GET} route[39m[38;5;3m +1ms[39m
2026-05-10 12:08:33: [32m[Nest] 29028  - [39m10/05/2026, 12:08:33 pm [32m    LOG[39m [38;5;3m[RoutesResolver] [39m[32mUsersController {/api/v1/tenants/:tenantId/users}:[39m[38;5;3m +1ms[39m
2026-05-10 12:08:33: [32m[Nest] 29028  - [39m10/05/2026, 12:08:33 pm [32m    LOG[39m [38;5;3m[RouterExplorer] [39m[32mMapped {/api/v1/tenants/:tenantId/users, GET} route[39m[38;5;3m +1ms[39m
2026-05-10 12:08:33: [32m[Nest] 29028  - [39m10/05/2026, 12:08:33 pm [32m    LOG[39m [38;5;3m[RouterExplorer] [39m[32mMapped {/api/v1/tenants/:tenantId/users/permissions, GET} route[39m[38;5;3m +0ms[39m
2026-05-10 12:08:33: [32m[Nest] 29028  - [39m10/05/2026, 12:08:33 pm [32m    LOG[39m [38;5;3m[RoutesResolver] [39m[32mProjectsController {/api/v1/tenants/:tenantId/projects}:[39m[38;5;3m +1ms[39m
2026-05-10 12:08:33: [32m[Nest] 29028  - [39m10/05/2026, 12:08:33 pm [32m    LOG[39m [38;5;3m[RouterExplorer] [39m[32mMapped {/api/v1/tenants/:tenantId/projects, GET} route[39m[38;5;3m +1ms[39m
2026-05-10 12:08:33: [32m[Nest] 29028  - [39m10/05/2026, 12:08:33 pm [32m    LOG[39m [38;5;3m[RouterExplorer] [39m[32mMapped {/api/v1/tenants/:tenantId/projects/health, GET} route[39m[38;5;3m +1ms[39m
2026-05-10 12:08:33: [32m[Nest] 29028  - [39m10/05/2026, 12:08:33 pm [32m    LOG[39m [38;5;3m[RouterExplorer] [39m[32mMapped {/api/v1/tenants/:tenantId/projects/:projectId, GET} route[39m[38;5;3m +0ms[39m
2026-05-10 12:08:33: [32m[Nest] 29028  - [39m10/05/2026, 12:08:33 pm [32m    LOG[39m [38;5;3m[RoutesResolver] [39m[32mDashboardController {/api/v1/tenants/:tenantId/dashboard}:[39m[38;5;3m +1ms[39m
2026-05-10 12:08:33: [32m[Nest] 29028  - [39m10/05/2026, 12:08:33 pm [32m    LOG[39m [38;5;3m[RouterExplorer] [39m[32mMapped {/api/v1/tenants/:tenantId/dashboard/erp-home, GET} route[39m[38;5;3m +1ms[39m
2026-05-10 12:08:33: [32m[Nest] 29028  - [39m10/05/2026, 12:08:33 pm [32m    LOG[39m [38;5;3m[RoutesResolver] [39m[32mHealthController {/api/v1/health}:[39m[38;5;3m +0ms[39m
2026-05-10 12:08:33: [32m[Nest] 29028  - [39m10/05/2026, 12:08:33 pm [32m    LOG[39m [38;5;3m[RouterExplorer] [39m[32mMapped {/api/v1/health, GET} route[39m[38;5;3m +1ms[39m
2026-05-10 12:08:33: [32m[Nest] 29028  - [39m10/05/2026, 12:08:33 pm [32m    LOG[39m [38;5;3m[RoutesResolver] [39m[32mApprovalsController {/api/v1/tenants/:tenantId/approvals}:[39m[38;5;3m +1ms[39m
2026-05-10 12:08:33: [32m[Nest] 29028  - [39m10/05/2026, 12:08:33 pm [32m    LOG[39m [38;5;3m[RouterExplorer] [39m[32mMapped {/api/v1/tenants/:tenantId/approvals, GET} route[39m[38;5;3m +2ms[39m
2026-05-10 12:08:33: [32m[Nest] 29028  - [39m10/05/2026, 12:08:33 pm [32m    LOG[39m [38;5;3m[RouterExplorer] [39m[32mMapped {/api/v1/tenants/:tenantId/approvals/:approvalId/decision, PATCH} route[39m[38;5;3m +1ms[39m
2026-05-10 12:08:33: [32m[Nest] 29028  - [39m10/05/2026, 12:08:33 pm [32m    LOG[39m [38;5;3m[RoutesResolver] [39m[32mProcurementController {/api/v1/tenants/:tenantId/procurement}:[39m[38;5;3m +1ms[39m
2026-05-10 12:08:33: [32m[Nest] 29028  - [39m10/05/2026, 12:08:33 pm [32m    LOG[39m [38;5;3m[RouterExplorer] [39m[32mMapped {/api/v1/tenants/:tenantId/procurement, GET} route[39m[38;5;3m +1ms[39m
2026-05-10 12:08:33: [32m[Nest] 29028  - [39m10/05/2026, 12:08:33 pm [32m    LOG[39m [38;5;3m[RouterExplorer] [39m[32mMapped {/api/v1/tenants/:tenantId/procurement/:vendorId/draft-po, POST} route[39m[38;5;3m +1ms[39m
2026-05-10 12:08:33: [32m[Nest] 29028  - [39m10/05/2026, 12:08:33 pm [32m    LOG[39m [38;5;3m[RoutesResolver] [39m[32mInventoryController {/api/v1/tenants/:tenantId/inventory}:[39m[38;5;3m +0ms[39m
2026-05-10 12:08:33: [32m[Nest] 29028  - [39m10/05/2026, 12:08:33 pm [32m    LOG[39m [38;5;3m[RouterExplorer] [39m[32mMapped {/api/v1/tenants/:tenantId/inventory, GET} route[39m[38;5;3m +1ms[39m
2026-05-10 12:08:33: [32m[Nest] 29028  - [39m10/05/2026, 12:08:33 pm [32m    LOG[39m [38;5;3m[RouterExplorer] [39m[32mMapped {/api/v1/tenants/:tenantId/inventory/low-stock, GET} route[39m[38;5;3m +1ms[39m
2026-05-10 12:08:33: [32m[Nest] 29028  - [39m10/05/2026, 12:08:33 pm [32m    LOG[39m [38;5;3m[RoutesResolver] [39m[32mModuleActionsController {/api/v1/tenants/:tenantId/module-actions}:[39m[38;5;3m +0ms[39m
2026-05-10 12:08:33: [32m[Nest] 29028  - [39m10/05/2026, 12:08:33 pm [32m    LOG[39m [38;5;3m[RouterExplorer] [39m[32mMapped {/api/v1/tenants/:tenantId/module-actions, POST} route[39m[38;5;3m +1ms[39m
2026-05-10 12:08:33: [32m[Nest] 29028  - [39m10/05/2026, 12:08:33 pm [32m    LOG[39m [38;5;3m[RoutesResolver] [39m[32mFinanceController {/api/v1/tenants/:tenantId/finance}:[39m[38;5;3m +0ms[39m
2026-05-10 12:08:33: [32m[Nest] 29028  - [39m10/05/2026, 12:08:33 pm [32m    LOG[39m [38;5;3m[RouterExplorer] [39m[32mMapped {/api/v1/tenants/:tenantId/finance/summary, GET} route[39m[38;5;3m +0ms[39m
2026-05-10 12:08:33: [32m[Nest] 29028  - [39m10/05/2026, 12:08:33 pm [32m    LOG[39m [38;5;3m[RoutesResolver] [39m[32mDocumentsController {/api/v1/tenants/:tenantId/documents}:[39m[38;5;3m +1ms[39m
2026-05-10 12:08:33: [32m[Nest] 29028  - [39m10/05/2026, 12:08:33 pm [32m    LOG[39m [38;5;3m[RouterExplorer] [39m[32mMapped {/api/v1/tenants/:tenantId/documents, GET} route[39m[38;5;3m +0ms[39m
2026-05-10 12:08:33: [32m[Nest] 29028  - [39m10/05/2026, 12:08:33 pm [32m    LOG[39m [38;5;3m[RouterExplorer] [39m[32mMapped {/api/v1/tenants/:tenantId/documents/ocr-queue, GET} route[39m[38;5;3m +1ms[39m
2026-05-10 12:08:33: [32m[Nest] 29028  - [39m10/05/2026, 12:08:33 pm [32m    LOG[39m [38;5;3m[RoutesResolver] [39m[32mWorkflowsController {/api/v1/tenants/:tenantId/workflows}:[39m[38;5;3m +0ms[39m
2026-05-10 12:08:33: [32m[Nest] 29028  - [39m10/05/2026, 12:08:33 pm [32m    LOG[39m [38;5;3m[RouterExplorer] [39m[32mMapped {/api/v1/tenants/:tenantId/workflows, GET} route[39m[38;5;3m +0ms[39m
2026-05-10 12:08:33: [32m[Nest] 29028  - [39m10/05/2026, 12:08:33 pm [32m    LOG[39m [38;5;3m[RouterExplorer] [39m[32mMapped {/api/v1/tenants/:tenantId/workflows/events, GET} route[39m[38;5;3m +1ms[39m
2026-05-10 12:08:33: [32m[Nest] 29028  - [39m10/05/2026, 12:08:33 pm [32m    LOG[39m [38;5;3m[RouterExplorer] [39m[32mMapped {/api/v1/tenants/:tenantId/workflows/:workflowId/simulate, POST} route[39m[38;5;3m +0ms[39m
2026-05-10 12:08:33: [32m[Nest] 29028  - [39m10/05/2026, 12:08:33 pm [32m    LOG[39m [38;5;3m[RoutesResolver] [39m[32mAiController {/api/v1/tenants/:tenantId/ai}:[39m[38;5;3m +1ms[39m
2026-05-10 12:08:33: [32m[Nest] 29028  - [39m10/05/2026, 12:08:33 pm [32m    LOG[39m [38;5;3m[RouterExplorer] [39m[32mMapped {/api/v1/tenants/:tenantId/ai/insights, GET} route[39m[38;5;3m +0ms[39m
2026-05-10 12:08:33: [32m[Nest] 29028  - [39m10/05/2026, 12:08:33 pm [32m    LOG[39m [38;5;3m[RouterExplorer] [39m[32mMapped {/api/v1/tenants/:tenantId/ai/ocr, POST} route[39m[38;5;3m +1ms[39m
2026-05-10 12:08:33: [32m[Nest] 29028  - [39m10/05/2026, 12:08:33 pm [32m    LOG[39m [38;5;3m[RouterExplorer] [39m[32mMapped {/api/v1/tenants/:tenantId/ai/forecast, POST} route[39m[38;5;3m +1ms[39m
2026-05-10 12:08:33: [32m[Nest] 29028  - [39m10/05/2026, 12:08:33 pm [32m    LOG[39m [38;5;3m[RouterExplorer] [39m[32mMapped {/api/v1/tenants/:tenantId/ai/chat, POST} route[39m[38;5;3m +0ms[39m
2026-05-10 12:08:33: [32m[Nest] 29028  - [39m10/05/2026, 12:08:33 pm [32m    LOG[39m [38;5;3m[RoutesResolver] [39m[32mComplianceController {/api/v1/tenants/:tenantId/compliance}:[39m[38;5;3m +1ms[39m
2026-05-10 12:08:33: [32m[Nest] 29028  - [39m10/05/2026, 12:08:33 pm [32m    LOG[39m [38;5;3m[RouterExplorer] [39m[32mMapped {/api/v1/tenants/:tenantId/compliance/gst/validate, POST} route[39m[38;5;3m +1ms[39m
2026-05-10 12:08:33: [32m[Nest] 29028  - [39m10/05/2026, 12:08:33 pm [32m    LOG[39m [38;5;3m[RouterExplorer] [39m[32mMapped {/api/v1/tenants/:tenantId/compliance/einvoice/generate, POST} route[39m[38;5;3m +2ms[39m
2026-05-10 12:08:33: [32m[Nest] 29028  - [39m10/05/2026, 12:08:33 pm [32m    LOG[39m [38;5;3m[RouterExplorer] [39m[32mMapped {/api/v1/tenants/:tenantId/compliance/eway-bill/generate, POST} route[39m[38;5;3m +1ms[39m
2026-05-10 12:08:33: [32m[Nest] 29028  - [39m10/05/2026, 12:08:33 pm [32m    LOG[39m [38;5;3m[RouterExplorer] [39m[32mMapped {/api/v1/tenants/:tenantId/compliance/gstr/status, GET} route[39m[38;5;3m +1ms[39m
2026-05-10 12:08:33: [32m[Nest] 29028  - [39m10/05/2026, 12:08:33 pm [32m    LOG[39m [38;5;3m[RoutesResolver] [39m[32mRecordsController {/api/v1/tenants/:tenantId/records}:[39m[38;5;3m +0ms[39m
2026-05-10 12:08:33: [32m[Nest] 29028  - [39m10/05/2026, 12:08:33 pm [32m    LOG[39m [38;5;3m[RouterExplorer] [39m[32mMapped {/api/v1/tenants/:tenantId/records/:module, GET} route[39m[38;5;3m +1ms[39m
2026-05-10 12:08:33: [32m[Nest] 29028  - [39m10/05/2026, 12:08:33 pm [32m    LOG[39m [38;5;3m[RouterExplorer] [39m[32mMapped {/api/v1/tenants/:tenantId/records/:module, POST} route[39m[38;5;3m +1ms[39m
2026-05-10 12:08:33: [32m[Nest] 29028  - [39m10/05/2026, 12:08:33 pm [32m    LOG[39m [38;5;3m[RouterExplorer] [39m[32mMapped {/api/v1/tenants/:tenantId/records/:module/:id, PATCH} route[39m[38;5;3m +0ms[39m
2026-05-10 12:08:33: [32m[Nest] 29028  - [39m10/05/2026, 12:08:33 pm [32m    LOG[39m [38;5;3m[RouterExplorer] [39m[32mMapped {/api/v1/tenants/:tenantId/records/:module/:id, DELETE} route[39m[38;5;3m +1ms[39m
2026-05-10 12:08:34: ✅ Database seeded successfully for tenant: T-1000
2026-05-10 12:08:34: [32m[Nest] 29028  - [39m10/05/2026, 12:08:34 pm [32m    LOG[39m [38;5;3m[NestApplication] [39m[32mNest application successfully started[39m[38;5;3m +515ms[39m
2026-05-10 12:08:34: NirmaanCloud API running at http://127.0.0.1:7001/api/v1
2026-05-10 12:27:32: [32m[Nest] 33288  - [39m10/05/2026, 12:27:32 pm [32m    LOG[39m [38;5;3m[NestFactory] [39m[32mStarting Nest application...[39m
2026-05-10 12:27:32: [32m[Nest] 33288  - [39m10/05/2026, 12:27:32 pm [32m    LOG[39m [38;5;3m[InstanceLoader] [39m[32mPrismaModule dependencies initialized[39m[38;5;3m +60ms[39m
2026-05-10 12:27:32: [32m[Nest] 33288  - [39m10/05/2026, 12:27:32 pm [32m    LOG[39m [38;5;3m[InstanceLoader] [39m[32mSharedModule dependencies initialized[39m[38;5;3m +0ms[39m
2026-05-10 12:27:32: [32m[Nest] 33288  - [39m10/05/2026, 12:27:32 pm [32m    LOG[39m [38;5;3m[InstanceLoader] [39m[32mDiscoveryModule dependencies initialized[39m[38;5;3m +3ms[39m
2026-05-10 12:27:32: [32m[Nest] 33288  - [39m10/05/2026, 12:27:32 pm [32m    LOG[39m [38;5;3m[InstanceLoader] [39m[32mModuleActionsModule dependencies initialized[39m[38;5;3m +1ms[39m
2026-05-10 12:27:32: [32m[Nest] 33288  - [39m10/05/2026, 12:27:32 pm [32m    LOG[39m [38;5;3m[InstanceLoader] [39m[32mAiModule dependencies initialized[39m[38;5;3m +3ms[39m
2026-05-10 12:27:32: [32m[Nest] 33288  - [39m10/05/2026, 12:27:32 pm [32m    LOG[39m [38;5;3m[InstanceLoader] [39m[32mComplianceModule dependencies initialized[39m[38;5;3m +1ms[39m
2026-05-10 12:27:32: [32m[Nest] 33288  - [39m10/05/2026, 12:27:32 pm [32m    LOG[39m [38;5;3m[InstanceLoader] [39m[32mScheduleModule dependencies initialized[39m[38;5;3m +1ms[39m
2026-05-10 12:27:32: [32m[Nest] 33288  - [39m10/05/2026, 12:27:32 pm [32m    LOG[39m [38;5;3m[InstanceLoader] [39m[32mAppModule dependencies initialized[39m[38;5;3m +2ms[39m
2026-05-10 12:27:32: [32m[Nest] 33288  - [39m10/05/2026, 12:27:32 pm [32m    LOG[39m [38;5;3m[InstanceLoader] [39m[32mRecordsModule dependencies initialized[39m[38;5;3m +1ms[39m
2026-05-10 12:27:32: [32m[Nest] 33288  - [39m10/05/2026, 12:27:32 pm [32m    LOG[39m [38;5;3m[InstanceLoader] [39m[32mAuthModule dependencies initialized[39m[38;5;3m +0ms[39m
2026-05-10 12:27:32: [32m[Nest] 33288  - [39m10/05/2026, 12:27:32 pm [32m    LOG[39m [38;5;3m[InstanceLoader] [39m[32mTenantsModule dependencies initialized[39m[38;5;3m +1ms[39m
2026-05-10 12:27:32: [32m[Nest] 33288  - [39m10/05/2026, 12:27:32 pm [32m    LOG[39m [38;5;3m[InstanceLoader] [39m[32mUsersModule dependencies initialized[39m[38;5;3m +0ms[39m
2026-05-10 12:27:32: [32m[Nest] 33288  - [39m10/05/2026, 12:27:32 pm [32m    LOG[39m [38;5;3m[InstanceLoader] [39m[32mProjectsModule dependencies initialized[39m[38;5;3m +0ms[39m
2026-05-10 12:27:32: [32m[Nest] 33288  - [39m10/05/2026, 12:27:32 pm [32m    LOG[39m [38;5;3m[InstanceLoader] [39m[32mDashboardModule dependencies initialized[39m[38;5;3m +1ms[39m
2026-05-10 12:27:32: [32m[Nest] 33288  - [39m10/05/2026, 12:27:32 pm [32m    LOG[39m [38;5;3m[InstanceLoader] [39m[32mApprovalsModule dependencies initialized[39m[38;5;3m +0ms[39m
2026-05-10 12:27:32: [32m[Nest] 33288  - [39m10/05/2026, 12:27:32 pm [32m    LOG[39m [38;5;3m[InstanceLoader] [39m[32mInventoryModule dependencies initialized[39m[38;5;3m +0ms[39m
2026-05-10 12:27:32: [32m[Nest] 33288  - [39m10/05/2026, 12:27:32 pm [32m    LOG[39m [38;5;3m[InstanceLoader] [39m[32mFinanceModule dependencies initialized[39m[38;5;3m +1ms[39m
2026-05-10 12:27:32: [32m[Nest] 33288  - [39m10/05/2026, 12:27:32 pm [32m    LOG[39m [38;5;3m[InstanceLoader] [39m[32mDocumentsModule dependencies initialized[39m[38;5;3m +0ms[39m
2026-05-10 12:27:32: [32m[Nest] 33288  - [39m10/05/2026, 12:27:32 pm [32m    LOG[39m [38;5;3m[InstanceLoader] [39m[32mWorkflowsModule dependencies initialized[39m[38;5;3m +0ms[39m
2026-05-10 12:27:32: [32m[Nest] 33288  - [39m10/05/2026, 12:27:32 pm [32m    LOG[39m [38;5;3m[InstanceLoader] [39m[32mHealthModule dependencies initialized[39m[38;5;3m +1ms[39m
2026-05-10 12:27:32: [32m[Nest] 33288  - [39m10/05/2026, 12:27:32 pm [32m    LOG[39m [38;5;3m[InstanceLoader] [39m[32mProcurementModule dependencies initialized[39m[38;5;3m +0ms[39m
2026-05-10 12:27:32: [32m[Nest] 33288  - [39m10/05/2026, 12:27:32 pm [32m    LOG[39m [38;5;3m[InstanceLoader] [39m[32mAuditModule dependencies initialized[39m[38;5;3m +0ms[39m
2026-05-10 12:27:32: [32m[Nest] 33288  - [39m10/05/2026, 12:27:32 pm [32m    LOG[39m [38;5;3m[RoutesResolver] [39m[32mAuthController {/api/v1/auth}:[39m[38;5;3m +11ms[39m
2026-05-10 12:27:32: [32m[Nest] 33288  - [39m10/05/2026, 12:27:32 pm [32m    LOG[39m [38;5;3m[RouterExplorer] [39m[32mMapped {/api/v1/auth/login, POST} route[39m[38;5;3m +7ms[39m
2026-05-10 12:27:32: [32m[Nest] 33288  - [39m10/05/2026, 12:27:32 pm [32m    LOG[39m [38;5;3m[RouterExplorer] [39m[32mMapped {/api/v1/auth/me, GET} route[39m[38;5;3m +1ms[39m
2026-05-10 12:27:32: [32m[Nest] 33288  - [39m10/05/2026, 12:27:32 pm [32m    LOG[39m [38;5;3m[RoutesResolver] [39m[32mAuditController {/api/v1/tenants/:tenantId/audit}:[39m[38;5;3m +1ms[39m
2026-05-10 12:27:32: [32m[Nest] 33288  - [39m10/05/2026, 12:27:32 pm [32m    LOG[39m [38;5;3m[RouterExplorer] [39m[32mMapped {/api/v1/tenants/:tenantId/audit, GET} route[39m[38;5;3m +3ms[39m
2026-05-10 12:27:32: [32m[Nest] 33288  - [39m10/05/2026, 12:27:32 pm [32m    LOG[39m [38;5;3m[RoutesResolver] [39m[32mTenantsController {/api/v1/tenants}:[39m[38;5;3m +1ms[39m
2026-05-10 12:27:32: [32m[Nest] 33288  - [39m10/05/2026, 12:27:32 pm [32m    LOG[39m [38;5;3m[RouterExplorer] [39m[32mMapped {/api/v1/tenants, GET} route[39m[38;5;3m +2ms[39m
2026-05-10 12:27:32: [32m[Nest] 33288  - [39m10/05/2026, 12:27:32 pm [32m    LOG[39m [38;5;3m[RouterExplorer] [39m[32mMapped {/api/v1/tenants/:id, GET} route[39m[38;5;3m +2ms[39m
2026-05-10 12:27:32: [32m[Nest] 33288  - [39m10/05/2026, 12:27:32 pm [32m    LOG[39m [38;5;3m[RoutesResolver] [39m[32mUsersController {/api/v1/tenants/:tenantId/users}:[39m[38;5;3m +0ms[39m
2026-05-10 12:27:32: [32m[Nest] 33288  - [39m10/05/2026, 12:27:32 pm [32m    LOG[39m [38;5;3m[RouterExplorer] [39m[32mMapped {/api/v1/tenants/:tenantId/users, GET} route[39m[38;5;3m +2ms[39m
2026-05-10 12:27:32: [32m[Nest] 33288  - [39m10/05/2026, 12:27:32 pm [32m    LOG[39m [38;5;3m[RouterExplorer] [39m[32mMapped {/api/v1/tenants/:tenantId/users/permissions, GET} route[39m[38;5;3m +0ms[39m
2026-05-10 12:27:32: [32m[Nest] 33288  - [39m10/05/2026, 12:27:32 pm [32m    LOG[39m [38;5;3m[RoutesResolver] [39m[32mProjectsController {/api/v1/tenants/:tenantId/projects}:[39m[38;5;3m +1ms[39m
2026-05-10 12:27:32: [32m[Nest] 33288  - [39m10/05/2026, 12:27:32 pm [32m    LOG[39m [38;5;3m[RouterExplorer] [39m[32mMapped {/api/v1/tenants/:tenantId/projects, GET} route[39m[38;5;3m +1ms[39m
2026-05-10 12:27:32: [32m[Nest] 33288  - [39m10/05/2026, 12:27:32 pm [32m    LOG[39m [38;5;3m[RouterExplorer] [39m[32mMapped {/api/v1/tenants/:tenantId/projects/health, GET} route[39m[38;5;3m +2ms[39m
2026-05-10 12:27:32: [32m[Nest] 33288  - [39m10/05/2026, 12:27:32 pm [32m    LOG[39m [38;5;3m[RouterExplorer] [39m[32mMapped {/api/v1/tenants/:tenantId/projects/:projectId, GET} route[39m[38;5;3m +1ms[39m
2026-05-10 12:27:32: [32m[Nest] 33288  - [39m10/05/2026, 12:27:32 pm [32m    LOG[39m [38;5;3m[RoutesResolver] [39m[32mDashboardController {/api/v1/tenants/:tenantId/dashboard}:[39m[38;5;3m +1ms[39m
2026-05-10 12:27:32: [32m[Nest] 33288  - [39m10/05/2026, 12:27:32 pm [32m    LOG[39m [38;5;3m[RouterExplorer] [39m[32mMapped {/api/v1/tenants/:tenantId/dashboard/erp-home, GET} route[39m[38;5;3m +1ms[39m
2026-05-10 12:27:32: [32m[Nest] 33288  - [39m10/05/2026, 12:27:32 pm [32m    LOG[39m [38;5;3m[RoutesResolver] [39m[32mHealthController {/api/v1/health}:[39m[38;5;3m +0ms[39m
2026-05-10 12:27:32: [32m[Nest] 33288  - [39m10/05/2026, 12:27:32 pm [32m    LOG[39m [38;5;3m[RouterExplorer] [39m[32mMapped {/api/v1/health, GET} route[39m[38;5;3m +1ms[39m
2026-05-10 12:27:32: [32m[Nest] 33288  - [39m10/05/2026, 12:27:32 pm [32m    LOG[39m [38;5;3m[RoutesResolver] [39m[32mApprovalsController {/api/v1/tenants/:tenantId/approvals}:[39m[38;5;3m +1ms[39m
2026-05-10 12:27:32: [32m[Nest] 33288  - [39m10/05/2026, 12:27:32 pm [32m    LOG[39m [38;5;3m[RouterExplorer] [39m[32mMapped {/api/v1/tenants/:tenantId/approvals, GET} route[39m[38;5;3m +2ms[39m
2026-05-10 12:27:32: [32m[Nest] 33288  - [39m10/05/2026, 12:27:32 pm [32m    LOG[39m [38;5;3m[RouterExplorer] [39m[32mMapped {/api/v1/tenants/:tenantId/approvals/:approvalId/decision, PATCH} route[39m[38;5;3m +1ms[39m
2026-05-10 12:27:32: [32m[Nest] 33288  - [39m10/05/2026, 12:27:32 pm [32m    LOG[39m [38;5;3m[RoutesResolver] [39m[32mProcurementController {/api/v1/tenants/:tenantId/procurement}:[39m[38;5;3m +1ms[39m
2026-05-10 12:27:32: [32m[Nest] 33288  - [39m10/05/2026, 12:27:32 pm [32m    LOG[39m [38;5;3m[RouterExplorer] [39m[32mMapped {/api/v1/tenants/:tenantId/procurement, GET} route[39m[38;5;3m +2ms[39m
2026-05-10 12:27:32: [32m[Nest] 33288  - [39m10/05/2026, 12:27:32 pm [32m    LOG[39m [38;5;3m[RouterExplorer] [39m[32mMapped {/api/v1/tenants/:tenantId/procurement/:vendorId/draft-po, POST} route[39m[38;5;3m +1ms[39m
2026-05-10 12:27:32: [32m[Nest] 33288  - [39m10/05/2026, 12:27:32 pm [32m    LOG[39m [38;5;3m[RoutesResolver] [39m[32mInventoryController {/api/v1/tenants/:tenantId/inventory}:[39m[38;5;3m +1ms[39m
2026-05-10 12:27:32: [32m[Nest] 33288  - [39m10/05/2026, 12:27:32 pm [32m    LOG[39m [38;5;3m[RouterExplorer] [39m[32mMapped {/api/v1/tenants/:tenantId/inventory, GET} route[39m[38;5;3m +1ms[39m
2026-05-10 12:27:32: [32m[Nest] 33288  - [39m10/05/2026, 12:27:32 pm [32m    LOG[39m [38;5;3m[RouterExplorer] [39m[32mMapped {/api/v1/tenants/:tenantId/inventory/low-stock, GET} route[39m[38;5;3m +1ms[39m
2026-05-10 12:27:32: [32m[Nest] 33288  - [39m10/05/2026, 12:27:32 pm [32m    LOG[39m [38;5;3m[RoutesResolver] [39m[32mModuleActionsController {/api/v1/tenants/:tenantId/module-actions}:[39m[38;5;3m +0ms[39m
2026-05-10 12:27:32: [32m[Nest] 33288  - [39m10/05/2026, 12:27:32 pm [32m    LOG[39m [38;5;3m[RouterExplorer] [39m[32mMapped {/api/v1/tenants/:tenantId/module-actions, POST} route[39m[38;5;3m +1ms[39m
2026-05-10 12:27:32: [32m[Nest] 33288  - [39m10/05/2026, 12:27:32 pm [32m    LOG[39m [38;5;3m[RoutesResolver] [39m[32mFinanceController {/api/v1/tenants/:tenantId/finance}:[39m[38;5;3m +0ms[39m
2026-05-10 12:27:32: [32m[Nest] 33288  - [39m10/05/2026, 12:27:32 pm [32m    LOG[39m [38;5;3m[RouterExplorer] [39m[32mMapped {/api/v1/tenants/:tenantId/finance/summary, GET} route[39m[38;5;3m +1ms[39m
2026-05-10 12:27:32: [32m[Nest] 33288  - [39m10/05/2026, 12:27:32 pm [32m    LOG[39m [38;5;3m[RoutesResolver] [39m[32mDocumentsController {/api/v1/tenants/:tenantId/documents}:[39m[38;5;3m +1ms[39m
2026-05-10 12:27:32: [32m[Nest] 33288  - [39m10/05/2026, 12:27:32 pm [32m    LOG[39m [38;5;3m[RouterExplorer] [39m[32mMapped {/api/v1/tenants/:tenantId/documents, GET} route[39m[38;5;3m +0ms[39m
2026-05-10 12:27:32: [32m[Nest] 33288  - [39m10/05/2026, 12:27:32 pm [32m    LOG[39m [38;5;3m[RouterExplorer] [39m[32mMapped {/api/v1/tenants/:tenantId/documents/ocr-queue, GET} route[39m[38;5;3m +1ms[39m
2026-05-10 12:27:32: [32m[Nest] 33288  - [39m10/05/2026, 12:27:32 pm [32m    LOG[39m [38;5;3m[RoutesResolver] [39m[32mWorkflowsController {/api/v1/tenants/:tenantId/workflows}:[39m[38;5;3m +0ms[39m
2026-05-10 12:27:32: [32m[Nest] 33288  - [39m10/05/2026, 12:27:32 pm [32m    LOG[39m [38;5;3m[RouterExplorer] [39m[32mMapped {/api/v1/tenants/:tenantId/workflows, GET} route[39m[38;5;3m +2ms[39m
2026-05-10 12:27:32: [32m[Nest] 33288  - [39m10/05/2026, 12:27:32 pm [32m    LOG[39m [38;5;3m[RouterExplorer] [39m[32mMapped {/api/v1/tenants/:tenantId/workflows/events, GET} route[39m[38;5;3m +1ms[39m
2026-05-10 12:27:32: [32m[Nest] 33288  - [39m10/05/2026, 12:27:32 pm [32m    LOG[39m [38;5;3m[RouterExplorer] [39m[32mMapped {/api/v1/tenants/:tenantId/workflows/:workflowId/simulate, POST} route[39m[38;5;3m +2ms[39m
2026-05-10 12:27:32: [32m[Nest] 33288  - [39m10/05/2026, 12:27:32 pm [32m    LOG[39m [38;5;3m[RoutesResolver] [39m[32mAiController {/api/v1/tenants/:tenantId/ai}:[39m[38;5;3m +1ms[39m
2026-05-10 12:27:32: [32m[Nest] 33288  - [39m10/05/2026, 12:27:32 pm [32m    LOG[39m [38;5;3m[RouterExplorer] [39m[32mMapped {/api/v1/tenants/:tenantId/ai/insights, GET} route[39m[38;5;3m +1ms[39m
2026-05-10 12:27:32: [32m[Nest] 33288  - [39m10/05/2026, 12:27:32 pm [32m    LOG[39m [38;5;3m[RouterExplorer] [39m[32mMapped {/api/v1/tenants/:tenantId/ai/ocr, POST} route[39m[38;5;3m +1ms[39m
2026-05-10 12:27:32: [32m[Nest] 33288  - [39m10/05/2026, 12:27:32 pm [32m    LOG[39m [38;5;3m[RouterExplorer] [39m[32mMapped {/api/v1/tenants/:tenantId/ai/forecast, POST} route[39m[38;5;3m +1ms[39m
2026-05-10 12:27:32: [32m[Nest] 33288  - [39m10/05/2026, 12:27:32 pm [32m    LOG[39m [38;5;3m[RouterExplorer] [39m[32mMapped {/api/v1/tenants/:tenantId/ai/chat, POST} route[39m[38;5;3m +1ms[39m
2026-05-10 12:27:32: [32m[Nest] 33288  - [39m10/05/2026, 12:27:32 pm [32m    LOG[39m [38;5;3m[RoutesResolver] [39m[32mComplianceController {/api/v1/tenants/:tenantId/compliance}:[39m[38;5;3m +0ms[39m
2026-05-10 12:27:32: [32m[Nest] 33288  - [39m10/05/2026, 12:27:32 pm [32m    LOG[39m [38;5;3m[RouterExplorer] [39m[32mMapped {/api/v1/tenants/:tenantId/compliance/gst/validate, POST} route[39m[38;5;3m +1ms[39m
2026-05-10 12:27:32: [32m[Nest] 33288  - [39m10/05/2026, 12:27:32 pm [32m    LOG[39m [38;5;3m[RouterExplorer] [39m[32mMapped {/api/v1/tenants/:tenantId/compliance/einvoice/generate, POST} route[39m[38;5;3m +1ms[39m
2026-05-10 12:27:32: [32m[Nest] 33288  - [39m10/05/2026, 12:27:32 pm [32m    LOG[39m [38;5;3m[RouterExplorer] [39m[32mMapped {/api/v1/tenants/:tenantId/compliance/eway-bill/generate, POST} route[39m[38;5;3m +1ms[39m
2026-05-10 12:27:32: [32m[Nest] 33288  - [39m10/05/2026, 12:27:32 pm [32m    LOG[39m [38;5;3m[RouterExplorer] [39m[32mMapped {/api/v1/tenants/:tenantId/compliance/gstr/status, GET} route[39m[38;5;3m +1ms[39m
2026-05-10 12:27:32: [32m[Nest] 33288  - [39m10/05/2026, 12:27:32 pm [32m    LOG[39m [38;5;3m[RoutesResolver] [39m[32mRecordsController {/api/v1/tenants/:tenantId/records}:[39m[38;5;3m +0ms[39m
2026-05-10 12:27:32: [32m[Nest] 33288  - [39m10/05/2026, 12:27:32 pm [32m    LOG[39m [38;5;3m[RouterExplorer] [39m[32mMapped {/api/v1/tenants/:tenantId/records/:module, GET} route[39m[38;5;3m +1ms[39m
2026-05-10 12:27:32: [32m[Nest] 33288  - [39m10/05/2026, 12:27:32 pm [32m    LOG[39m [38;5;3m[RouterExplorer] [39m[32mMapped {/api/v1/tenants/:tenantId/records/:module, POST} route[39m[38;5;3m +1ms[39m
2026-05-10 12:27:32: [32m[Nest] 33288  - [39m10/05/2026, 12:27:32 pm [32m    LOG[39m [38;5;3m[RouterExplorer] [39m[32mMapped {/api/v1/tenants/:tenantId/records/:module/:id, PATCH} route[39m[38;5;3m +1ms[39m
2026-05-10 12:27:32: [32m[Nest] 33288  - [39m10/05/2026, 12:27:32 pm [32m    LOG[39m [38;5;3m[RouterExplorer] [39m[32mMapped {/api/v1/tenants/:tenantId/records/:module/:id, DELETE} route[39m[38;5;3m +6ms[39m
2026-05-10 12:27:32: ✅ Database seeded successfully for tenant: T-1000
2026-05-10 12:27:32: [32m[Nest] 33288  - [39m10/05/2026, 12:27:32 pm [32m    LOG[39m [38;5;3m[NestApplication] [39m[32mNest application successfully started[39m[38;5;3m +673ms[39m
2026-05-10 12:27:32: NirmaanCloud API running at http://127.0.0.1:7001/api/v1
2026-05-10 13:02:30: [32m[Nest] 25908  - [39m10/05/2026, 1:02:30 pm [32m    LOG[39m [38;5;3m[NestFactory] [39m[32mStarting Nest application...[39m
2026-05-10 13:02:30: [32m[Nest] 25908  - [39m10/05/2026, 1:02:30 pm [32m    LOG[39m [38;5;3m[InstanceLoader] [39m[32mPrismaModule dependencies initialized[39m[38;5;3m +52ms[39m
2026-05-10 13:02:30: [32m[Nest] 25908  - [39m10/05/2026, 1:02:30 pm [32m    LOG[39m [38;5;3m[InstanceLoader] [39m[32mSharedModule dependencies initialized[39m[38;5;3m +1ms[39m
2026-05-10 13:02:30: [32m[Nest] 25908  - [39m10/05/2026, 1:02:30 pm [32m    LOG[39m [38;5;3m[InstanceLoader] [39m[32mDiscoveryModule dependencies initialized[39m[38;5;3m +3ms[39m
2026-05-10 13:02:30: [32m[Nest] 25908  - [39m10/05/2026, 1:02:30 pm [32m    LOG[39m [38;5;3m[InstanceLoader] [39m[32mModuleActionsModule dependencies initialized[39m[38;5;3m +1ms[39m
2026-05-10 13:02:30: [32m[Nest] 25908  - [39m10/05/2026, 1:02:30 pm [32m    LOG[39m [38;5;3m[InstanceLoader] [39m[32mAiModule dependencies initialized[39m[38;5;3m +1ms[39m
2026-05-10 13:02:30: [32m[Nest] 25908  - [39m10/05/2026, 1:02:30 pm [32m    LOG[39m [38;5;3m[InstanceLoader] [39m[32mComplianceModule dependencies initialized[39m[38;5;3m +0ms[39m
2026-05-10 13:02:30: [32m[Nest] 25908  - [39m10/05/2026, 1:02:30 pm [32m    LOG[39m [38;5;3m[InstanceLoader] [39m[32mScheduleModule dependencies initialized[39m[38;5;3m +1ms[39m
2026-05-10 13:02:30: [32m[Nest] 25908  - [39m10/05/2026, 1:02:30 pm [32m    LOG[39m [38;5;3m[InstanceLoader] [39m[32mAppModule dependencies initialized[39m[38;5;3m +1ms[39m
2026-05-10 13:02:30: [32m[Nest] 25908  - [39m10/05/2026, 1:02:30 pm [32m    LOG[39m [38;5;3m[InstanceLoader] [39m[32mRecordsModule dependencies initialized[39m[38;5;3m +0ms[39m
2026-05-10 13:02:30: [32m[Nest] 25908  - [39m10/05/2026, 1:02:30 pm [32m    LOG[39m [38;5;3m[InstanceLoader] [39m[32mAuthModule dependencies initialized[39m[38;5;3m +1ms[39m
2026-05-10 13:02:30: [32m[Nest] 25908  - [39m10/05/2026, 1:02:30 pm [32m    LOG[39m [38;5;3m[InstanceLoader] [39m[32mTenantsModule dependencies initialized[39m[38;5;3m +0ms[39m
2026-05-10 13:02:30: [32m[Nest] 25908  - [39m10/05/2026, 1:02:30 pm [32m    LOG[39m [38;5;3m[InstanceLoader] [39m[32mUsersModule dependencies initialized[39m[38;5;3m +0ms[39m
2026-05-10 13:02:30: [32m[Nest] 25908  - [39m10/05/2026, 1:02:30 pm [32m    LOG[39m [38;5;3m[InstanceLoader] [39m[32mProjectsModule dependencies initialized[39m[38;5;3m +0ms[39m
2026-05-10 13:02:30: [32m[Nest] 25908  - [39m10/05/2026, 1:02:30 pm [32m    LOG[39m [38;5;3m[InstanceLoader] [39m[32mDashboardModule dependencies initialized[39m[38;5;3m +1ms[39m
2026-05-10 13:02:30: [32m[Nest] 25908  - [39m10/05/2026, 1:02:30 pm [32m    LOG[39m [38;5;3m[InstanceLoader] [39m[32mApprovalsModule dependencies initialized[39m[38;5;3m +0ms[39m
2026-05-10 13:02:30: [32m[Nest] 25908  - [39m10/05/2026, 1:02:30 pm [32m    LOG[39m [38;5;3m[InstanceLoader] [39m[32mInventoryModule dependencies initialized[39m[38;5;3m +0ms[39m
2026-05-10 13:02:30: [32m[Nest] 25908  - [39m10/05/2026, 1:02:30 pm [32m    LOG[39m [38;5;3m[InstanceLoader] [39m[32mFinanceModule dependencies initialized[39m[38;5;3m +0ms[39m
2026-05-10 13:02:30: [32m[Nest] 25908  - [39m10/05/2026, 1:02:30 pm [32m    LOG[39m [38;5;3m[InstanceLoader] [39m[32mDocumentsModule dependencies initialized[39m[38;5;3m +0ms[39m
2026-05-10 13:02:30: [32m[Nest] 25908  - [39m10/05/2026, 1:02:30 pm [32m    LOG[39m [38;5;3m[InstanceLoader] [39m[32mWorkflowsModule dependencies initialized[39m[38;5;3m +0ms[39m
2026-05-10 13:02:30: [32m[Nest] 25908  - [39m10/05/2026, 1:02:30 pm [32m    LOG[39m [38;5;3m[InstanceLoader] [39m[32mHealthModule dependencies initialized[39m[38;5;3m +0ms[39m
2026-05-10 13:02:30: [32m[Nest] 25908  - [39m10/05/2026, 1:02:30 pm [32m    LOG[39m [38;5;3m[InstanceLoader] [39m[32mProcurementModule dependencies initialized[39m[38;5;3m +1ms[39m
2026-05-10 13:02:30: [32m[Nest] 25908  - [39m10/05/2026, 1:02:30 pm [32m    LOG[39m [38;5;3m[InstanceLoader] [39m[32mAuditModule dependencies initialized[39m[38;5;3m +0ms[39m
2026-05-10 13:02:30: [32m[Nest] 25908  - [39m10/05/2026, 1:02:30 pm [32m    LOG[39m [38;5;3m[RoutesResolver] [39m[32mAuthController {/api/v1/auth}:[39m[38;5;3m +10ms[39m
2026-05-10 13:02:30: [32m[Nest] 25908  - [39m10/05/2026, 1:02:30 pm [32m    LOG[39m [38;5;3m[RouterExplorer] [39m[32mMapped {/api/v1/auth/login, POST} route[39m[38;5;3m +6ms[39m
2026-05-10 13:02:30: [32m[Nest] 25908  - [39m10/05/2026, 1:02:30 pm [32m    LOG[39m [38;5;3m[RouterExplorer] [39m[32mMapped {/api/v1/auth/me, GET} route[39m[38;5;3m +1ms[39m
2026-05-10 13:02:30: [32m[Nest] 25908  - [39m10/05/2026, 1:02:30 pm [32m    LOG[39m [38;5;3m[RoutesResolver] [39m[32mAuditController {/api/v1/tenants/:tenantId/audit}:[39m[38;5;3m +1ms[39m
2026-05-10 13:02:30: [32m[Nest] 25908  - [39m10/05/2026, 1:02:30 pm [32m    LOG[39m [38;5;3m[RouterExplorer] [39m[32mMapped {/api/v1/tenants/:tenantId/audit, GET} route[39m[38;5;3m +2ms[39m
2026-05-10 13:02:30: [32m[Nest] 25908  - [39m10/05/2026, 1:02:30 pm [32m    LOG[39m [38;5;3m[RoutesResolver] [39m[32mTenantsController {/api/v1/tenants}:[39m[38;5;3m +0ms[39m
2026-05-10 13:02:30: [32m[Nest] 25908  - [39m10/05/2026, 1:02:30 pm [32m    LOG[39m [38;5;3m[RouterExplorer] [39m[32mMapped {/api/v1/tenants, GET} route[39m[38;5;3m +1ms[39m
2026-05-10 13:02:30: [32m[Nest] 25908  - [39m10/05/2026, 1:02:30 pm [32m    LOG[39m [38;5;3m[RouterExplorer] [39m[32mMapped {/api/v1/tenants/:id, GET} route[39m[38;5;3m +1ms[39m
2026-05-10 13:02:30: [32m[Nest] 25908  - [39m10/05/2026, 1:02:30 pm [32m    LOG[39m [38;5;3m[RoutesResolver] [39m[32mUsersController {/api/v1/tenants/:tenantId/users}:[39m[38;5;3m +1ms[39m
2026-05-10 13:02:30: [32m[Nest] 25908  - [39m10/05/2026, 1:02:30 pm [32m    LOG[39m [38;5;3m[RouterExplorer] [39m[32mMapped {/api/v1/tenants/:tenantId/users, GET} route[39m[38;5;3m +2ms[39m
2026-05-10 13:02:30: [32m[Nest] 25908  - [39m10/05/2026, 1:02:30 pm [32m    LOG[39m [38;5;3m[RouterExplorer] [39m[32mMapped {/api/v1/tenants/:tenantId/users/permissions, GET} route[39m[38;5;3m +1ms[39m
2026-05-10 13:02:30: [32m[Nest] 25908  - [39m10/05/2026, 1:02:30 pm [32m    LOG[39m [38;5;3m[RoutesResolver] [39m[32mProjectsController {/api/v1/tenants/:tenantId/projects}:[39m[38;5;3m +1ms[39m
2026-05-10 13:02:30: [32m[Nest] 25908  - [39m10/05/2026, 1:02:30 pm [32m    LOG[39m [38;5;3m[RouterExplorer] [39m[32mMapped {/api/v1/tenants/:tenantId/projects, GET} route[39m[38;5;3m +1ms[39m
2026-05-10 13:02:30: [32m[Nest] 25908  - [39m10/05/2026, 1:02:30 pm [32m    LOG[39m [38;5;3m[RouterExplorer] [39m[32mMapped {/api/v1/tenants/:tenantId/projects/health, GET} route[39m[38;5;3m +1ms[39m
2026-05-10 13:02:30: [32m[Nest] 25908  - [39m10/05/2026, 1:02:30 pm [32m    LOG[39m [38;5;3m[RouterExplorer] [39m[32mMapped {/api/v1/tenants/:tenantId/projects/:projectId, GET} route[39m[38;5;3m +2ms[39m
2026-05-10 13:02:30: [32m[Nest] 25908  - [39m10/05/2026, 1:02:30 pm [32m    LOG[39m [38;5;3m[RoutesResolver] [39m[32mDashboardController {/api/v1/tenants/:tenantId/dashboard}:[39m[38;5;3m +0ms[39m
2026-05-10 13:02:30: [32m[Nest] 25908  - [39m10/05/2026, 1:02:30 pm [32m    LOG[39m [38;5;3m[RouterExplorer] [39m[32mMapped {/api/v1/tenants/:tenantId/dashboard/erp-home, GET} route[39m[38;5;3m +1ms[39m
2026-05-10 13:02:30: [32m[Nest] 25908  - [39m10/05/2026, 1:02:30 pm [32m    LOG[39m [38;5;3m[RoutesResolver] [39m[32mHealthController {/api/v1/health}:[39m[38;5;3m +0ms[39m
2026-05-10 13:02:30: [32m[Nest] 25908  - [39m10/05/2026, 1:02:30 pm [32m    LOG[39m [38;5;3m[RouterExplorer] [39m[32mMapped {/api/v1/health, GET} route[39m[38;5;3m +1ms[39m
2026-05-10 13:02:30: [32m[Nest] 25908  - [39m10/05/2026, 1:02:30 pm [32m    LOG[39m [38;5;3m[RoutesResolver] [39m[32mApprovalsController {/api/v1/tenants/:tenantId/approvals}:[39m[38;5;3m +0ms[39m
2026-05-10 13:02:30: [32m[Nest] 25908  - [39m10/05/2026, 1:02:30 pm [32m    LOG[39m [38;5;3m[RouterExplorer] [39m[32mMapped {/api/v1/tenants/:tenantId/approvals, GET} route[39m[38;5;3m +1ms[39m
2026-05-10 13:02:30: [32m[Nest] 25908  - [39m10/05/2026, 1:02:30 pm [32m    LOG[39m [38;5;3m[RouterExplorer] [39m[32mMapped {/api/v1/tenants/:tenantId/approvals/:approvalId/decision, PATCH} route[39m[38;5;3m +1ms[39m
2026-05-10 13:02:30: [32m[Nest] 25908  - [39m10/05/2026, 1:02:30 pm [32m    LOG[39m [38;5;3m[RoutesResolver] [39m[32mProcurementController {/api/v1/tenants/:tenantId/procurement}:[39m[38;5;3m +0ms[39m
2026-05-10 13:02:30: [32m[Nest] 25908  - [39m10/05/2026, 1:02:30 pm [32m    LOG[39m [38;5;3m[RouterExplorer] [39m[32mMapped {/api/v1/tenants/:tenantId/procurement, GET} route[39m[38;5;3m +1ms[39m
2026-05-10 13:02:30: [32m[Nest] 25908  - [39m10/05/2026, 1:02:30 pm [32m    LOG[39m [38;5;3m[RouterExplorer] [39m[32mMapped {/api/v1/tenants/:tenantId/procurement/:vendorId/draft-po, POST} route[39m[38;5;3m +1ms[39m
2026-05-10 13:02:30: [32m[Nest] 25908  - [39m10/05/2026, 1:02:30 pm [32m    LOG[39m [38;5;3m[RoutesResolver] [39m[32mInventoryController {/api/v1/tenants/:tenantId/inventory}:[39m[38;5;3m +0ms[39m
2026-05-10 13:02:30: [32m[Nest] 25908  - [39m10/05/2026, 1:02:30 pm [32m    LOG[39m [38;5;3m[RouterExplorer] [39m[32mMapped {/api/v1/tenants/:tenantId/inventory, GET} route[39m[38;5;3m +2ms[39m
2026-05-10 13:02:30: [32m[Nest] 25908  - [39m10/05/2026, 1:02:30 pm [32m    LOG[39m [38;5;3m[RouterExplorer] [39m[32mMapped {/api/v1/tenants/:tenantId/inventory/low-stock, GET} route[39m[38;5;3m +0ms[39m
2026-05-10 13:02:30: [32m[Nest] 25908  - [39m10/05/2026, 1:02:30 pm [32m    LOG[39m [38;5;3m[RoutesResolver] [39m[32mModuleActionsController {/api/v1/tenants/:tenantId/module-actions}:[39m[38;5;3m +1ms[39m
2026-05-10 13:02:30: [32m[Nest] 25908  - [39m10/05/2026, 1:02:30 pm [32m    LOG[39m [38;5;3m[RouterExplorer] [39m[32mMapped {/api/v1/tenants/:tenantId/module-actions, POST} route[39m[38;5;3m +1ms[39m
2026-05-10 13:02:30: [32m[Nest] 25908  - [39m10/05/2026, 1:02:30 pm [32m    LOG[39m [38;5;3m[RoutesResolver] [39m[32mFinanceController {/api/v1/tenants/:tenantId/finance}:[39m[38;5;3m +0ms[39m
2026-05-10 13:02:30: [32m[Nest] 25908  - [39m10/05/2026, 1:02:30 pm [32m    LOG[39m [38;5;3m[RouterExplorer] [39m[32mMapped {/api/v1/tenants/:tenantId/finance/summary, GET} route[39m[38;5;3m +1ms[39m
2026-05-10 13:02:30: [32m[Nest] 25908  - [39m10/05/2026, 1:02:30 pm [32m    LOG[39m [38;5;3m[RoutesResolver] [39m[32mDocumentsController {/api/v1/tenants/:tenantId/documents}:[39m[38;5;3m +1ms[39m
2026-05-10 13:02:30: [32m[Nest] 25908  - [39m10/05/2026, 1:02:30 pm [32m    LOG[39m [38;5;3m[RouterExplorer] [39m[32mMapped {/api/v1/tenants/:tenantId/documents, GET} route[39m[38;5;3m +1ms[39m
2026-05-10 13:02:30: [32m[Nest] 25908  - [39m10/05/2026, 1:02:30 pm [32m    LOG[39m [38;5;3m[RouterExplorer] [39m[32mMapped {/api/v1/tenants/:tenantId/documents/ocr-queue, GET} route[39m[38;5;3m +0ms[39m
2026-05-10 13:02:30: [32m[Nest] 25908  - [39m10/05/2026, 1:02:30 pm [32m    LOG[39m [38;5;3m[RoutesResolver] [39m[32mWorkflowsController {/api/v1/tenants/:tenantId/workflows}:[39m[38;5;3m +1ms[39m
2026-05-10 13:02:30: [32m[Nest] 25908  - [39m10/05/2026, 1:02:30 pm [32m    LOG[39m [38;5;3m[RouterExplorer] [39m[32mMapped {/api/v1/tenants/:tenantId/workflows, GET} route[39m[38;5;3m +0ms[39m
2026-05-10 13:02:30: [32m[Nest] 25908  - [39m10/05/2026, 1:02:30 pm [32m    LOG[39m [38;5;3m[RouterExplorer] [39m[32mMapped {/api/v1/tenants/:tenantId/workflows/events, GET} route[39m[38;5;3m +1ms[39m
2026-05-10 13:02:30: [32m[Nest] 25908  - [39m10/05/2026, 1:02:30 pm [32m    LOG[39m [38;5;3m[RouterExplorer] [39m[32mMapped {/api/v1/tenants/:tenantId/workflows/:workflowId/simulate, POST} route[39m[38;5;3m +1ms[39m
2026-05-10 13:02:30: [32m[Nest] 25908  - [39m10/05/2026, 1:02:30 pm [32m    LOG[39m [38;5;3m[RoutesResolver] [39m[32mAiController {/api/v1/tenants/:tenantId/ai}:[39m[38;5;3m +0ms[39m
2026-05-10 13:02:30: [32m[Nest] 25908  - [39m10/05/2026, 1:02:30 pm [32m    LOG[39m [38;5;3m[RouterExplorer] [39m[32mMapped {/api/v1/tenants/:tenantId/ai/insights, GET} route[39m[38;5;3m +1ms[39m
2026-05-10 13:02:30: [32m[Nest] 25908  - [39m10/05/2026, 1:02:30 pm [32m    LOG[39m [38;5;3m[RouterExplorer] [39m[32mMapped {/api/v1/tenants/:tenantId/ai/ocr, POST} route[39m[38;5;3m +0ms[39m
2026-05-10 13:02:30: [32m[Nest] 25908  - [39m10/05/2026, 1:02:30 pm [32m    LOG[39m [38;5;3m[RouterExplorer] [39m[32mMapped {/api/v1/tenants/:tenantId/ai/forecast, POST} route[39m[38;5;3m +1ms[39m
2026-05-10 13:02:30: [32m[Nest] 25908  - [39m10/05/2026, 1:02:30 pm [32m    LOG[39m [38;5;3m[RouterExplorer] [39m[32mMapped {/api/v1/tenants/:tenantId/ai/chat, POST} route[39m[38;5;3m +1ms[39m
2026-05-10 13:02:30: [32m[Nest] 25908  - [39m10/05/2026, 1:02:30 pm [32m    LOG[39m [38;5;3m[RoutesResolver] [39m[32mComplianceController {/api/v1/tenants/:tenantId/compliance}:[39m[38;5;3m +0ms[39m
2026-05-10 13:02:30: [32m[Nest] 25908  - [39m10/05/2026, 1:02:30 pm [32m    LOG[39m [38;5;3m[RouterExplorer] [39m[32mMapped {/api/v1/tenants/:tenantId/compliance/gst/validate, POST} route[39m[38;5;3m +1ms[39m
2026-05-10 13:02:30: [32m[Nest] 25908  - [39m10/05/2026, 1:02:30 pm [32m    LOG[39m [38;5;3m[RouterExplorer] [39m[32mMapped {/api/v1/tenants/:tenantId/compliance/einvoice/generate, POST} route[39m[38;5;3m +1ms[39m
2026-05-10 13:02:30: [32m[Nest] 25908  - [39m10/05/2026, 1:02:30 pm [32m    LOG[39m [38;5;3m[RouterExplorer] [39m[32mMapped {/api/v1/tenants/:tenantId/compliance/eway-bill/generate, POST} route[39m[38;5;3m +1ms[39m
2026-05-10 13:02:30: [32m[Nest] 25908  - [39m10/05/2026, 1:02:30 pm [32m    LOG[39m [38;5;3m[RouterExplorer] [39m[32mMapped {/api/v1/tenants/:tenantId/compliance/gstr/status, GET} route[39m[38;5;3m +0ms[39m
2026-05-10 13:02:30: [32m[Nest] 25908  - [39m10/05/2026, 1:02:30 pm [32m    LOG[39m [38;5;3m[RoutesResolver] [39m[32mRecordsController {/api/v1/tenants/:tenantId/records}:[39m[38;5;3m +1ms[39m
2026-05-10 13:02:30: [32m[Nest] 25908  - [39m10/05/2026, 1:02:30 pm [32m    LOG[39m [38;5;3m[RouterExplorer] [39m[32mMapped {/api/v1/tenants/:tenantId/records/:module, GET} route[39m[38;5;3m +1ms[39m
2026-05-10 13:02:30: [32m[Nest] 25908  - [39m10/05/2026, 1:02:30 pm [32m    LOG[39m [38;5;3m[RouterExplorer] [39m[32mMapped {/api/v1/tenants/:tenantId/records/:module, POST} route[39m[38;5;3m +1ms[39m
2026-05-10 13:02:30: [32m[Nest] 25908  - [39m10/05/2026, 1:02:30 pm [32m    LOG[39m [38;5;3m[RouterExplorer] [39m[32mMapped {/api/v1/tenants/:tenantId/records/:module/:id, PATCH} route[39m[38;5;3m +1ms[39m
2026-05-10 13:02:30: [32m[Nest] 25908  - [39m10/05/2026, 1:02:30 pm [32m    LOG[39m [38;5;3m[RouterExplorer] [39m[32mMapped {/api/v1/tenants/:tenantId/records/:module/:id, DELETE} route[39m[38;5;3m +1ms[39m
2026-05-10 13:02:30: ✅ Database seeded successfully for tenant: T-1000
2026-05-10 13:02:30: [32m[Nest] 25908  - [39m10/05/2026, 1:02:30 pm [32m    LOG[39m [38;5;3m[NestApplication] [39m[32mNest application successfully started[39m[38;5;3m +537ms[39m
2026-05-10 13:02:30: NirmaanCloud API running at http://127.0.0.1:7001/api/v1
2026-05-10 13:31:52: [32m[Nest] 24512  - [39m10/05/2026, 1:31:52 pm [32m    LOG[39m [38;5;3m[NestFactory] [39m[32mStarting Nest application...[39m
2026-05-10 13:31:53: [32m[Nest] 24512  - [39m10/05/2026, 1:31:53 pm [32m    LOG[39m [38;5;3m[InstanceLoader] [39m[32mPrismaModule dependencies initialized[39m[38;5;3m +46ms[39m
2026-05-10 13:31:53: [32m[Nest] 24512  - [39m10/05/2026, 1:31:53 pm [32m    LOG[39m [38;5;3m[InstanceLoader] [39m[32mSharedModule dependencies initialized[39m[38;5;3m +0ms[39m
2026-05-10 13:31:53: [32m[Nest] 24512  - [39m10/05/2026, 1:31:53 pm [32m    LOG[39m [38;5;3m[InstanceLoader] [39m[32mDiscoveryModule dependencies initialized[39m[38;5;3m +3ms[39m
2026-05-10 13:31:53: [32m[Nest] 24512  - [39m10/05/2026, 1:31:53 pm [32m    LOG[39m [38;5;3m[InstanceLoader] [39m[32mModuleActionsModule dependencies initialized[39m[38;5;3m +2ms[39m
2026-05-10 13:31:53: [32m[Nest] 24512  - [39m10/05/2026, 1:31:53 pm [32m    LOG[39m [38;5;3m[InstanceLoader] [39m[32mAiModule dependencies initialized[39m[38;5;3m +1ms[39m
2026-05-10 13:31:53: [32m[Nest] 24512  - [39m10/05/2026, 1:31:53 pm [32m    LOG[39m [38;5;3m[InstanceLoader] [39m[32mComplianceModule dependencies initialized[39m[38;5;3m +0ms[39m
2026-05-10 13:31:53: [32m[Nest] 24512  - [39m10/05/2026, 1:31:53 pm [32m    LOG[39m [38;5;3m[InstanceLoader] [39m[32mScheduleModule dependencies initialized[39m[38;5;3m +1ms[39m
2026-05-10 13:31:53: [32m[Nest] 24512  - [39m10/05/2026, 1:31:53 pm [32m    LOG[39m [38;5;3m[InstanceLoader] [39m[32mAppModule dependencies initialized[39m[38;5;3m +1ms[39m
2026-05-10 13:31:53: [32m[Nest] 24512  - [39m10/05/2026, 1:31:53 pm [32m    LOG[39m [38;5;3m[InstanceLoader] [39m[32mRecordsModule dependencies initialized[39m[38;5;3m +1ms[39m
2026-05-10 13:31:53: [32m[Nest] 24512  - [39m10/05/2026, 1:31:53 pm [32m    LOG[39m [38;5;3m[InstanceLoader] [39m[32mAuthModule dependencies initialized[39m[38;5;3m +0ms[39m
2026-05-10 13:31:53: [32m[Nest] 24512  - [39m10/05/2026, 1:31:53 pm [32m    LOG[39m [38;5;3m[InstanceLoader] [39m[32mTenantsModule dependencies initialized[39m[38;5;3m +0ms[39m
2026-05-10 13:31:53: [32m[Nest] 24512  - [39m10/05/2026, 1:31:53 pm [32m    LOG[39m [38;5;3m[InstanceLoader] [39m[32mUsersModule dependencies initialized[39m[38;5;3m +0ms[39m
2026-05-10 13:31:53: [32m[Nest] 24512  - [39m10/05/2026, 1:31:53 pm [32m    LOG[39m [38;5;3m[InstanceLoader] [39m[32mProjectsModule dependencies initialized[39m[38;5;3m +0ms[39m
2026-05-10 13:31:53: [32m[Nest] 24512  - [39m10/05/2026, 1:31:53 pm [32m    LOG[39m [38;5;3m[InstanceLoader] [39m[32mDashboardModule dependencies initialized[39m[38;5;3m +0ms[39m
2026-05-10 13:31:53: [32m[Nest] 24512  - [39m10/05/2026, 1:31:53 pm [32m    LOG[39m [38;5;3m[InstanceLoader] [39m[32mApprovalsModule dependencies initialized[39m[38;5;3m +0ms[39m
2026-05-10 13:31:53: [32m[Nest] 24512  - [39m10/05/2026, 1:31:53 pm [32m    LOG[39m [38;5;3m[InstanceLoader] [39m[32mInventoryModule dependencies initialized[39m[38;5;3m +0ms[39m
2026-05-10 13:31:53: [32m[Nest] 24512  - [39m10/05/2026, 1:31:53 pm [32m    LOG[39m [38;5;3m[InstanceLoader] [39m[32mFinanceModule dependencies initialized[39m[38;5;3m +1ms[39m
2026-05-10 13:31:53: [32m[Nest] 24512  - [39m10/05/2026, 1:31:53 pm [32m    LOG[39m [38;5;3m[InstanceLoader] [39m[32mDocumentsModule dependencies initialized[39m[38;5;3m +0ms[39m
2026-05-10 13:31:53: [32m[Nest] 24512  - [39m10/05/2026, 1:31:53 pm [32m    LOG[39m [38;5;3m[InstanceLoader] [39m[32mWorkflowsModule dependencies initialized[39m[38;5;3m +0ms[39m
2026-05-10 13:31:53: [32m[Nest] 24512  - [39m10/05/2026, 1:31:53 pm [32m    LOG[39m [38;5;3m[InstanceLoader] [39m[32mHealthModule dependencies initialized[39m[38;5;3m +0ms[39m
2026-05-10 13:31:53: [32m[Nest] 24512  - [39m10/05/2026, 1:31:53 pm [32m    LOG[39m [38;5;3m[InstanceLoader] [39m[32mProcurementModule dependencies initialized[39m[38;5;3m +0ms[39m
2026-05-10 13:31:53: [32m[Nest] 24512  - [39m10/05/2026, 1:31:53 pm [32m    LOG[39m [38;5;3m[InstanceLoader] [39m[32mAuditModule dependencies initialized[39m[38;5;3m +0ms[39m
2026-05-10 13:31:53: [32m[Nest] 24512  - [39m10/05/2026, 1:31:53 pm [32m    LOG[39m [38;5;3m[RoutesResolver] [39m[32mAuthController {/api/v1/auth}:[39m[38;5;3m +7ms[39m
2026-05-10 13:31:53: [32m[Nest] 24512  - [39m10/05/2026, 1:31:53 pm [32m    LOG[39m [38;5;3m[RouterExplorer] [39m[32mMapped {/api/v1/auth/login, POST} route[39m[38;5;3m +6ms[39m
2026-05-10 13:31:53: [32m[Nest] 24512  - [39m10/05/2026, 1:31:53 pm [32m    LOG[39m [38;5;3m[RouterExplorer] [39m[32mMapped {/api/v1/auth/me, GET} route[39m[38;5;3m +1ms[39m
2026-05-10 13:31:53: [32m[Nest] 24512  - [39m10/05/2026, 1:31:53 pm [32m    LOG[39m [38;5;3m[RoutesResolver] [39m[32mAuditController {/api/v1/tenants/:tenantId/audit}:[39m[38;5;3m +0ms[39m
2026-05-10 13:31:53: [32m[Nest] 24512  - [39m10/05/2026, 1:31:53 pm [32m    LOG[39m [38;5;3m[RouterExplorer] [39m[32mMapped {/api/v1/tenants/:tenantId/audit, GET} route[39m[38;5;3m +2ms[39m
2026-05-10 13:31:53: [32m[Nest] 24512  - [39m10/05/2026, 1:31:53 pm [32m    LOG[39m [38;5;3m[RoutesResolver] [39m[32mTenantsController {/api/v1/tenants}:[39m[38;5;3m +1ms[39m
2026-05-10 13:31:53: [32m[Nest] 24512  - [39m10/05/2026, 1:31:53 pm [32m    LOG[39m [38;5;3m[RouterExplorer] [39m[32mMapped {/api/v1/tenants, GET} route[39m[38;5;3m +0ms[39m
2026-05-10 13:31:53: [32m[Nest] 24512  - [39m10/05/2026, 1:31:53 pm [32m    LOG[39m [38;5;3m[RouterExplorer] [39m[32mMapped {/api/v1/tenants/:id, GET} route[39m[38;5;3m +1ms[39m
2026-05-10 13:31:53: [32m[Nest] 24512  - [39m10/05/2026, 1:31:53 pm [32m    LOG[39m [38;5;3m[RoutesResolver] [39m[32mUsersController {/api/v1/tenants/:tenantId/users}:[39m[38;5;3m +1ms[39m
2026-05-10 13:31:53: [32m[Nest] 24512  - [39m10/05/2026, 1:31:53 pm [32m    LOG[39m [38;5;3m[RouterExplorer] [39m[32mMapped {/api/v1/tenants/:tenantId/users, GET} route[39m[38;5;3m +1ms[39m
2026-05-10 13:31:53: [32m[Nest] 24512  - [39m10/05/2026, 1:31:53 pm [32m    LOG[39m [38;5;3m[RouterExplorer] [39m[32mMapped {/api/v1/tenants/:tenantId/users/permissions, GET} route[39m[38;5;3m +3ms[39m
2026-05-10 13:31:53: [32m[Nest] 24512  - [39m10/05/2026, 1:31:53 pm [32m    LOG[39m [38;5;3m[RoutesResolver] [39m[32mProjectsController {/api/v1/tenants/:tenantId/projects}:[39m[38;5;3m +1ms[39m
2026-05-10 13:31:53: [32m[Nest] 24512  - [39m10/05/2026, 1:31:53 pm [32m    LOG[39m [38;5;3m[RouterExplorer] [39m[32mMapped {/api/v1/tenants/:tenantId/projects, GET} route[39m[38;5;3m +1ms[39m
2026-05-10 13:31:53: [32m[Nest] 24512  - [39m10/05/2026, 1:31:53 pm [32m    LOG[39m [38;5;3m[RouterExplorer] [39m[32mMapped {/api/v1/tenants/:tenantId/projects/health, GET} route[39m[38;5;3m +1ms[39m
2026-05-10 13:31:53: [32m[Nest] 24512  - [39m10/05/2026, 1:31:53 pm [32m    LOG[39m [38;5;3m[RouterExplorer] [39m[32mMapped {/api/v1/tenants/:tenantId/projects/:projectId, GET} route[39m[38;5;3m +1ms[39m
2026-05-10 13:31:53: [32m[Nest] 24512  - [39m10/05/2026, 1:31:53 pm [32m    LOG[39m [38;5;3m[RoutesResolver] [39m[32mDashboardController {/api/v1/tenants/:tenantId/dashboard}:[39m[38;5;3m +1ms[39m
2026-05-10 13:31:53: [32m[Nest] 24512  - [39m10/05/2026, 1:31:53 pm [32m    LOG[39m [38;5;3m[RouterExplorer] [39m[32mMapped {/api/v1/tenants/:tenantId/dashboard/erp-home, GET} route[39m[38;5;3m +1ms[39m
2026-05-10 13:31:53: [32m[Nest] 24512  - [39m10/05/2026, 1:31:53 pm [32m    LOG[39m [38;5;3m[RoutesResolver] [39m[32mHealthController {/api/v1/health}:[39m[38;5;3m +0ms[39m
2026-05-10 13:31:53: [32m[Nest] 24512  - [39m10/05/2026, 1:31:53 pm [32m    LOG[39m [38;5;3m[RouterExplorer] [39m[32mMapped {/api/v1/health, GET} route[39m[38;5;3m +1ms[39m
2026-05-10 13:31:53: [32m[Nest] 24512  - [39m10/05/2026, 1:31:53 pm [32m    LOG[39m [38;5;3m[RoutesResolver] [39m[32mApprovalsController {/api/v1/tenants/:tenantId/approvals}:[39m[38;5;3m +0ms[39m
2026-05-10 13:31:53: [32m[Nest] 24512  - [39m10/05/2026, 1:31:53 pm [32m    LOG[39m [38;5;3m[RouterExplorer] [39m[32mMapped {/api/v1/tenants/:tenantId/approvals, GET} route[39m[38;5;3m +1ms[39m
2026-05-10 13:31:53: [32m[Nest] 24512  - [39m10/05/2026, 1:31:53 pm [32m    LOG[39m [38;5;3m[RouterExplorer] [39m[32mMapped {/api/v1/tenants/:tenantId/approvals/:approvalId/decision, PATCH} route[39m[38;5;3m +1ms[39m
2026-05-10 13:31:53: [32m[Nest] 24512  - [39m10/05/2026, 1:31:53 pm [32m    LOG[39m [38;5;3m[RoutesResolver] [39m[32mProcurementController {/api/v1/tenants/:tenantId/procurement}:[39m[38;5;3m +0ms[39m
2026-05-10 13:31:53: [32m[Nest] 24512  - [39m10/05/2026, 1:31:53 pm [32m    LOG[39m [38;5;3m[RouterExplorer] [39m[32mMapped {/api/v1/tenants/:tenantId/procurement, GET} route[39m[38;5;3m +1ms[39m
2026-05-10 13:31:53: [32m[Nest] 24512  - [39m10/05/2026, 1:31:53 pm [32m    LOG[39m [38;5;3m[RouterExplorer] [39m[32mMapped {/api/v1/tenants/:tenantId/procurement/:vendorId/draft-po, POST} route[39m[38;5;3m +1ms[39m
2026-05-10 13:31:53: [32m[Nest] 24512  - [39m10/05/2026, 1:31:53 pm [32m    LOG[39m [38;5;3m[RoutesResolver] [39m[32mInventoryController {/api/v1/tenants/:tenantId/inventory}:[39m[38;5;3m +1ms[39m
2026-05-10 13:31:53: [32m[Nest] 24512  - [39m10/05/2026, 1:31:53 pm [32m    LOG[39m [38;5;3m[RouterExplorer] [39m[32mMapped {/api/v1/tenants/:tenantId/inventory, GET} route[39m[38;5;3m +1ms[39m
2026-05-10 13:31:53: [32m[Nest] 24512  - [39m10/05/2026, 1:31:53 pm [32m    LOG[39m [38;5;3m[RouterExplorer] [39m[32mMapped {/api/v1/tenants/:tenantId/inventory/low-stock, GET} route[39m[38;5;3m +0ms[39m
2026-05-10 13:31:53: [32m[Nest] 24512  - [39m10/05/2026, 1:31:53 pm [32m    LOG[39m [38;5;3m[RoutesResolver] [39m[32mModuleActionsController {/api/v1/tenants/:tenantId/module-actions}:[39m[38;5;3m +1ms[39m
2026-05-10 13:31:53: [32m[Nest] 24512  - [39m10/05/2026, 1:31:53 pm [32m    LOG[39m [38;5;3m[RouterExplorer] [39m[32mMapped {/api/v1/tenants/:tenantId/module-actions, POST} route[39m[38;5;3m +3ms[39m
2026-05-10 13:31:53: [32m[Nest] 24512  - [39m10/05/2026, 1:31:53 pm [32m    LOG[39m [38;5;3m[RoutesResolver] [39m[32mFinanceController {/api/v1/tenants/:tenantId/finance}:[39m[38;5;3m +0ms[39m
2026-05-10 13:31:53: [32m[Nest] 24512  - [39m10/05/2026, 1:31:53 pm [32m    LOG[39m [38;5;3m[RouterExplorer] [39m[32mMapped {/api/v1/tenants/:tenantId/finance/summary, GET} route[39m[38;5;3m +1ms[39m
2026-05-10 13:31:53: [32m[Nest] 24512  - [39m10/05/2026, 1:31:53 pm [32m    LOG[39m [38;5;3m[RoutesResolver] [39m[32mDocumentsController {/api/v1/tenants/:tenantId/documents}:[39m[38;5;3m +0ms[39m
2026-05-10 13:31:53: [32m[Nest] 24512  - [39m10/05/2026, 1:31:53 pm [32m    LOG[39m [38;5;3m[RouterExplorer] [39m[32mMapped {/api/v1/tenants/:tenantId/documents, GET} route[39m[38;5;3m +1ms[39m
2026-05-10 13:31:53: [32m[Nest] 24512  - [39m10/05/2026, 1:31:53 pm [32m    LOG[39m [38;5;3m[RouterExplorer] [39m[32mMapped {/api/v1/tenants/:tenantId/documents/ocr-queue, GET} route[39m[38;5;3m +1ms[39m
2026-05-10 13:31:53: [32m[Nest] 24512  - [39m10/05/2026, 1:31:53 pm [32m    LOG[39m [38;5;3m[RoutesResolver] [39m[32mWorkflowsController {/api/v1/tenants/:tenantId/workflows}:[39m[38;5;3m +0ms[39m
2026-05-10 13:31:53: [32m[Nest] 24512  - [39m10/05/2026, 1:31:53 pm [32m    LOG[39m [38;5;3m[RouterExplorer] [39m[32mMapped {/api/v1/tenants/:tenantId/workflows, GET} route[39m[38;5;3m +1ms[39m
2026-05-10 13:31:53: [32m[Nest] 24512  - [39m10/05/2026, 1:31:53 pm [32m    LOG[39m [38;5;3m[RouterExplorer] [39m[32mMapped {/api/v1/tenants/:tenantId/workflows/events, GET} route[39m[38;5;3m +1ms[39m
2026-05-10 13:31:53: [32m[Nest] 24512  - [39m10/05/2026, 1:31:53 pm [32m    LOG[39m [38;5;3m[RouterExplorer] [39m[32mMapped {/api/v1/tenants/:tenantId/workflows/:workflowId/simulate, POST} route[39m[38;5;3m +1ms[39m
2026-05-10 13:31:53: [32m[Nest] 24512  - [39m10/05/2026, 1:31:53 pm [32m    LOG[39m [38;5;3m[RoutesResolver] [39m[32mAiController {/api/v1/tenants/:tenantId/ai}:[39m[38;5;3m +0ms[39m
2026-05-10 13:31:53: [32m[Nest] 24512  - [39m10/05/2026, 1:31:53 pm [32m    LOG[39m [38;5;3m[RouterExplorer] [39m[32mMapped {/api/v1/tenants/:tenantId/ai/insights, GET} route[39m[38;5;3m +1ms[39m
2026-05-10 13:31:53: [32m[Nest] 24512  - [39m10/05/2026, 1:31:53 pm [32m    LOG[39m [38;5;3m[RouterExplorer] [39m[32mMapped {/api/v1/tenants/:tenantId/ai/ocr, POST} route[39m[38;5;3m +0ms[39m
2026-05-10 13:31:53: [32m[Nest] 24512  - [39m10/05/2026, 1:31:53 pm [32m    LOG[39m [38;5;3m[RouterExplorer] [39m[32mMapped {/api/v1/tenants/:tenantId/ai/forecast, POST} route[39m[38;5;3m +1ms[39m
2026-05-10 13:31:53: [32m[Nest] 24512  - [39m10/05/2026, 1:31:53 pm [32m    LOG[39m [38;5;3m[RouterExplorer] [39m[32mMapped {/api/v1/tenants/:tenantId/ai/chat, POST} route[39m[38;5;3m +1ms[39m
2026-05-10 13:31:53: [32m[Nest] 24512  - [39m10/05/2026, 1:31:53 pm [32m    LOG[39m [38;5;3m[RoutesResolver] [39m[32mComplianceController {/api/v1/tenants/:tenantId/compliance}:[39m[38;5;3m +0ms[39m
2026-05-10 13:31:53: [32m[Nest] 24512  - [39m10/05/2026, 1:31:53 pm [32m    LOG[39m [38;5;3m[RouterExplorer] [39m[32mMapped {/api/v1/tenants/:tenantId/compliance/gst/validate, POST} route[39m[38;5;3m +1ms[39m
2026-05-10 13:31:53: [32m[Nest] 24512  - [39m10/05/2026, 1:31:53 pm [32m    LOG[39m [38;5;3m[RouterExplorer] [39m[32mMapped {/api/v1/tenants/:tenantId/compliance/einvoice/generate, POST} route[39m[38;5;3m +1ms[39m
2026-05-10 13:31:53: [32m[Nest] 24512  - [39m10/05/2026, 1:31:53 pm [32m    LOG[39m [38;5;3m[RouterExplorer] [39m[32mMapped {/api/v1/tenants/:tenantId/compliance/eway-bill/generate, POST} route[39m[38;5;3m +1ms[39m
2026-05-10 13:31:53: [32m[Nest] 24512  - [39m10/05/2026, 1:31:53 pm [32m    LOG[39m [38;5;3m[RouterExplorer] [39m[32mMapped {/api/v1/tenants/:tenantId/compliance/gstr/status, GET} route[39m[38;5;3m +1ms[39m
2026-05-10 13:31:53: [32m[Nest] 24512  - [39m10/05/2026, 1:31:53 pm [32m    LOG[39m [38;5;3m[RoutesResolver] [39m[32mRecordsController {/api/v1/tenants/:tenantId/records}:[39m[38;5;3m +0ms[39m
2026-05-10 13:31:53: [32m[Nest] 24512  - [39m10/05/2026, 1:31:53 pm [32m    LOG[39m [38;5;3m[RouterExplorer] [39m[32mMapped {/api/v1/tenants/:tenantId/records/:module, GET} route[39m[38;5;3m +3ms[39m
2026-05-10 13:31:53: [32m[Nest] 24512  - [39m10/05/2026, 1:31:53 pm [32m    LOG[39m [38;5;3m[RouterExplorer] [39m[32mMapped {/api/v1/tenants/:tenantId/records/:module, POST} route[39m[38;5;3m +1ms[39m
2026-05-10 13:31:53: [32m[Nest] 24512  - [39m10/05/2026, 1:31:53 pm [32m    LOG[39m [38;5;3m[RouterExplorer] [39m[32mMapped {/api/v1/tenants/:tenantId/records/:module/:id, PATCH} route[39m[38;5;3m +1ms[39m
2026-05-10 13:31:53: [32m[Nest] 24512  - [39m10/05/2026, 1:31:53 pm [32m    LOG[39m [38;5;3m[RouterExplorer] [39m[32mMapped {/api/v1/tenants/:tenantId/records/:module/:id, DELETE} route[39m[38;5;3m +1ms[39m
2026-05-10 13:31:53: ✅ Database seeded successfully for tenant: T-1000
2026-05-10 13:31:53: [32m[Nest] 24512  - [39m10/05/2026, 1:31:53 pm [32m    LOG[39m [38;5;3m[NestApplication] [39m[32mNest application successfully started[39m[38;5;3m +476ms[39m
2026-05-10 13:31:53: NirmaanCloud API running at http://127.0.0.1:7001/api/v1
2026-05-10 15:48:11: [32m[Nest] 25460  - [39m10/05/2026, 3:48:11 pm [32m    LOG[39m [38;5;3m[NestFactory] [39m[32mStarting Nest application...[39m
2026-05-10 15:48:14: [32m[Nest] 24664  - [39m10/05/2026, 3:48:14 pm [32m    LOG[39m [38;5;3m[NestFactory] [39m[32mStarting Nest application...[39m
2026-05-10 15:48:17: [32m[Nest] 22340  - [39m10/05/2026, 3:48:17 pm [32m    LOG[39m [38;5;3m[NestFactory] [39m[32mStarting Nest application...[39m
2026-05-10 15:48:19: [32m[Nest] 21328  - [39m10/05/2026, 3:48:19 pm [32m    LOG[39m [38;5;3m[NestFactory] [39m[32mStarting Nest application...[39m
2026-05-10 15:48:21: [32m[Nest] 34204  - [39m10/05/2026, 3:48:21 pm [32m    LOG[39m [38;5;3m[NestFactory] [39m[32mStarting Nest application...[39m
2026-05-10 15:48:23: [32m[Nest] 29324  - [39m10/05/2026, 3:48:23 pm [32m    LOG[39m [38;5;3m[NestFactory] [39m[32mStarting Nest application...[39m
2026-05-10 15:48:25: [32m[Nest] 31764  - [39m10/05/2026, 3:48:25 pm [32m    LOG[39m [38;5;3m[NestFactory] [39m[32mStarting Nest application...[39m
2026-05-10 15:48:28: [32m[Nest] 22060  - [39m10/05/2026, 3:48:28 pm [32m    LOG[39m [38;5;3m[NestFactory] [39m[32mStarting Nest application...[39m
2026-05-10 15:48:30: [32m[Nest] 30528  - [39m10/05/2026, 3:48:30 pm [32m    LOG[39m [38;5;3m[NestFactory] [39m[32mStarting Nest application...[39m
2026-05-10 15:48:32: [32m[Nest] 19544  - [39m10/05/2026, 3:48:32 pm [32m    LOG[39m [38;5;3m[NestFactory] [39m[32mStarting Nest application...[39m
2026-05-10 15:48:34: [32m[Nest] 30916  - [39m10/05/2026, 3:48:34 pm [32m    LOG[39m [38;5;3m[NestFactory] [39m[32mStarting Nest application...[39m
2026-05-10 15:48:36: [32m[Nest] 29848  - [39m10/05/2026, 3:48:36 pm [32m    LOG[39m [38;5;3m[NestFactory] [39m[32mStarting Nest application...[39m
2026-05-10 15:48:39: [32m[Nest] 32708  - [39m10/05/2026, 3:48:39 pm [32m    LOG[39m [38;5;3m[NestFactory] [39m[32mStarting Nest application...[39m
2026-05-10 15:48:46: [32m[Nest] 30656  - [39m10/05/2026, 3:48:46 pm [32m    LOG[39m [38;5;3m[NestFactory] [39m[32mStarting Nest application...[39m
2026-05-10 15:48:51: [32m[Nest] 3016  - [39m10/05/2026, 3:48:51 pm [32m    LOG[39m [38;5;3m[NestFactory] [39m[32mStarting Nest application...[39m
2026-05-10 15:48:55: [32m[Nest] 26180  - [39m10/05/2026, 3:48:55 pm [32m    LOG[39m [38;5;3m[NestFactory] [39m[32mStarting Nest application...[39m
2026-05-10 15:48:59: [32m[Nest] 32088  - [39m10/05/2026, 3:48:59 pm [32m    LOG[39m [38;5;3m[NestFactory] [39m[32mStarting Nest application...[39m
2026-05-10 15:49:02: [32m[Nest] 16084  - [39m10/05/2026, 3:49:02 pm [32m    LOG[39m [38;5;3m[NestFactory] [39m[32mStarting Nest application...[39m
2026-05-10 15:49:05: [32m[Nest] 17300  - [39m10/05/2026, 3:49:05 pm [32m    LOG[39m [38;5;3m[NestFactory] [39m[32mStarting Nest application...[39m
2026-05-10 15:49:09: [32m[Nest] 33396  - [39m10/05/2026, 3:49:09 pm [32m    LOG[39m [38;5;3m[NestFactory] [39m[32mStarting Nest application...[39m
2026-05-10 15:49:12: [32m[Nest] 20420  - [39m10/05/2026, 3:49:12 pm [32m    LOG[39m [38;5;3m[NestFactory] [39m[32mStarting Nest application...[39m
2026-05-10 15:49:14: [32m[Nest] 18684  - [39m10/05/2026, 3:49:14 pm [32m    LOG[39m [38;5;3m[NestFactory] [39m[32mStarting Nest application...[39m
2026-05-10 15:49:16: [32m[Nest] 30656  - [39m10/05/2026, 3:49:16 pm [32m    LOG[39m [38;5;3m[NestFactory] [39m[32mStarting Nest application...[39m
2026-05-10 15:49:19: [32m[Nest] 22048  - [39m10/05/2026, 3:49:19 pm [32m    LOG[39m [38;5;3m[NestFactory] [39m[32mStarting Nest application...[39m
2026-05-10 15:49:21: [32m[Nest] 19272  - [39m10/05/2026, 3:49:21 pm [32m    LOG[39m [38;5;3m[NestFactory] [39m[32mStarting Nest application...[39m
2026-05-10 15:49:24: [32m[Nest] 31684  - [39m10/05/2026, 3:49:24 pm [32m    LOG[39m [38;5;3m[NestFactory] [39m[32mStarting Nest application...[39m
2026-05-10 15:49:26: [32m[Nest] 25216  - [39m10/05/2026, 3:49:26 pm [32m    LOG[39m [38;5;3m[NestFactory] [39m[32mStarting Nest application...[39m
2026-05-10 15:49:28: [32m[Nest] 31416  - [39m10/05/2026, 3:49:28 pm [32m    LOG[39m [38;5;3m[NestFactory] [39m[32mStarting Nest application...[39m
2026-05-10 15:49:30: [32m[Nest] 24204  - [39m10/05/2026, 3:49:30 pm [32m    LOG[39m [38;5;3m[NestFactory] [39m[32mStarting Nest application...[39m
2026-05-10 15:49:32: [32m[Nest] 22932  - [39m10/05/2026, 3:49:32 pm [32m    LOG[39m [38;5;3m[NestFactory] [39m[32mStarting Nest application...[39m
2026-05-10 15:49:34: [32m[Nest] 24348  - [39m10/05/2026, 3:49:34 pm [32m    LOG[39m [38;5;3m[NestFactory] [39m[32mStarting Nest application...[39m
2026-05-10 15:49:37: [32m[Nest] 2140  - [39m10/05/2026, 3:49:37 pm [32m    LOG[39m [38;5;3m[NestFactory] [39m[32mStarting Nest application...[39m
2026-05-10 15:49:39: [32m[Nest] 22872  - [39m10/05/2026, 3:49:39 pm [32m    LOG[39m [38;5;3m[NestFactory] [39m[32mStarting Nest application...[39m
2026-05-10 15:49:41: [32m[Nest] 23820  - [39m10/05/2026, 3:49:41 pm [32m    LOG[39m [38;5;3m[NestFactory] [39m[32mStarting Nest application...[39m
2026-05-10 15:49:42: [32m[Nest] 30360  - [39m10/05/2026, 3:49:42 pm [32m    LOG[39m [38;5;3m[NestFactory] [39m[32mStarting Nest application...[39m
2026-05-10 15:49:45: [32m[Nest] 25968  - [39m10/05/2026, 3:49:45 pm [32m    LOG[39m [38;5;3m[NestFactory] [39m[32mStarting Nest application...[39m
2026-05-10 15:49:48: [32m[Nest] 26704  - [39m10/05/2026, 3:49:48 pm [32m    LOG[39m [38;5;3m[NestFactory] [39m[32mStarting Nest application...[39m
2026-05-10 15:49:53: [32m[Nest] 17032  - [39m10/05/2026, 3:49:53 pm [32m    LOG[39m [38;5;3m[NestFactory] [39m[32mStarting Nest application...[39m
2026-05-10 15:50:03: [32m[Nest] 29848  - [39m10/05/2026, 3:50:03 pm [32m    LOG[39m [38;5;3m[NestFactory] [39m[32mStarting Nest application...[39m
2026-05-10 15:50:08: [32m[Nest] 30996  - [39m10/05/2026, 3:50:08 pm [32m    LOG[39m [38;5;3m[NestFactory] [39m[32mStarting Nest application...[39m
2026-05-10 15:50:12: [32m[Nest] 20516  - [39m10/05/2026, 3:50:12 pm [32m    LOG[39m [38;5;3m[NestFactory] [39m[32mStarting Nest application...[39m
2026-05-10 15:50:16: [32m[Nest] 34080  - [39m10/05/2026, 3:50:15 pm [32m    LOG[39m [38;5;3m[NestFactory] [39m[32mStarting Nest application...[39m
2026-05-10 15:50:19: [32m[Nest] 29464  - [39m10/05/2026, 3:50:19 pm [32m    LOG[39m [38;5;3m[NestFactory] [39m[32mStarting Nest application...[39m
2026-05-10 15:50:21: [32m[Nest] 22704  - [39m10/05/2026, 3:50:21 pm [32m    LOG[39m [38;5;3m[NestFactory] [39m[32mStarting Nest application...[39m
2026-05-10 15:50:23: [32m[Nest] 27368  - [39m10/05/2026, 3:50:23 pm [32m    LOG[39m [38;5;3m[NestFactory] [39m[32mStarting Nest application...[39m
2026-05-10 15:50:25: [32m[Nest] 12532  - [39m10/05/2026, 3:50:25 pm [32m    LOG[39m [38;5;3m[NestFactory] [39m[32mStarting Nest application...[39m
2026-05-10 15:50:27: [32m[Nest] 1252  - [39m10/05/2026, 3:50:27 pm [32m    LOG[39m [38;5;3m[NestFactory] [39m[32mStarting Nest application...[39m
2026-05-10 15:50:30: [32m[Nest] 29168  - [39m10/05/2026, 3:50:30 pm [32m    LOG[39m [38;5;3m[NestFactory] [39m[32mStarting Nest application...[39m
2026-05-10 15:50:34: [32m[Nest] 10992  - [39m10/05/2026, 3:50:34 pm [32m    LOG[39m [38;5;3m[NestFactory] [39m[32mStarting Nest application...[39m
2026-05-10 15:50:37: [32m[Nest] 32024  - [39m10/05/2026, 3:50:37 pm [32m    LOG[39m [38;5;3m[NestFactory] [39m[32mStarting Nest application...[39m
2026-05-10 15:50:41: [32m[Nest] 30296  - [39m10/05/2026, 3:50:41 pm [32m    LOG[39m [38;5;3m[NestFactory] [39m[32mStarting Nest application...[39m
2026-05-10 15:50:43: [32m[Nest] 21468  - [39m10/05/2026, 3:50:43 pm [32m    LOG[39m [38;5;3m[NestFactory] [39m[32mStarting Nest application...[39m
2026-05-10 15:50:45: [32m[Nest] 12032  - [39m10/05/2026, 3:50:45 pm [32m    LOG[39m [38;5;3m[NestFactory] [39m[32mStarting Nest application...[39m
2026-05-10 15:50:49: [32m[Nest] 19264  - [39m10/05/2026, 3:50:49 pm [32m    LOG[39m [38;5;3m[NestFactory] [39m[32mStarting Nest application...[39m
2026-05-10 15:50:53: [32m[Nest] 27952  - [39m10/05/2026, 3:50:53 pm [32m    LOG[39m [38;5;3m[NestFactory] [39m[32mStarting Nest application...[39m
2026-05-10 15:50:57: [32m[Nest] 32364  - [39m10/05/2026, 3:50:57 pm [32m    LOG[39m [38;5;3m[NestFactory] [39m[32mStarting Nest application...[39m
2026-05-10 15:51:02: [32m[Nest] 20256  - [39m10/05/2026, 3:51:02 pm [32m    LOG[39m [38;5;3m[NestFactory] [39m[32mStarting Nest application...[39m
2026-05-10 15:51:06: [32m[Nest] 29168  - [39m10/05/2026, 3:51:06 pm [32m    LOG[39m [38;5;3m[NestFactory] [39m[32mStarting Nest application...[39m
2026-05-10 15:51:09: [32m[Nest] 21268  - [39m10/05/2026, 3:51:09 pm [32m    LOG[39m [38;5;3m[NestFactory] [39m[32mStarting Nest application...[39m
2026-05-10 15:51:12: [32m[Nest] 29824  - [39m10/05/2026, 3:51:12 pm [32m    LOG[39m [38;5;3m[NestFactory] [39m[32mStarting Nest application...[39m
2026-05-10 15:51:15: [32m[Nest] 17912  - [39m10/05/2026, 3:51:15 pm [32m    LOG[39m [38;5;3m[NestFactory] [39m[32mStarting Nest application...[39m
2026-05-10 15:51:17: [32m[Nest] 26836  - [39m10/05/2026, 3:51:17 pm [32m    LOG[39m [38;5;3m[NestFactory] [39m[32mStarting Nest application...[39m
2026-05-10 15:51:19: [32m[Nest] 16540  - [39m10/05/2026, 3:51:19 pm [32m    LOG[39m [38;5;3m[NestFactory] [39m[32mStarting Nest application...[39m
2026-05-10 15:51:21: [32m[Nest] 18228  - [39m10/05/2026, 3:51:21 pm [32m    LOG[39m [38;5;3m[NestFactory] [39m[32mStarting Nest application...[39m
2026-05-10 15:51:25: [32m[Nest] 30888  - [39m10/05/2026, 3:51:25 pm [32m    LOG[39m [38;5;3m[NestFactory] [39m[32mStarting Nest application...[39m
2026-05-10 15:51:28: [32m[Nest] 3232  - [39m10/05/2026, 3:51:28 pm [32m    LOG[39m [38;5;3m[NestFactory] [39m[32mStarting Nest application...[39m
2026-05-10 15:51:31: [32m[Nest] 3968  - [39m10/05/2026, 3:51:31 pm [32m    LOG[39m [38;5;3m[NestFactory] [39m[32mStarting Nest application...[39m
2026-05-10 15:51:34: [32m[Nest] 31140  - [39m10/05/2026, 3:51:34 pm [32m    LOG[39m [38;5;3m[NestFactory] [39m[32mStarting Nest application...[39m
2026-05-10 15:51:36: [32m[Nest] 21332  - [39m10/05/2026, 3:51:36 pm [32m    LOG[39m [38;5;3m[NestFactory] [39m[32mStarting Nest application...[39m
2026-05-10 15:51:38: [32m[Nest] 28088  - [39m10/05/2026, 3:51:38 pm [32m    LOG[39m [38;5;3m[NestFactory] [39m[32mStarting Nest application...[39m
2026-05-10 15:51:41: [32m[Nest] 18272  - [39m10/05/2026, 3:51:41 pm [32m    LOG[39m [38;5;3m[NestFactory] [39m[32mStarting Nest application...[39m
2026-05-10 15:51:43: [32m[Nest] 6636  - [39m10/05/2026, 3:51:43 pm [32m    LOG[39m [38;5;3m[NestFactory] [39m[32mStarting Nest application...[39m
2026-05-10 15:51:45: [32m[Nest] 10528  - [39m10/05/2026, 3:51:45 pm [32m    LOG[39m [38;5;3m[NestFactory] [39m[32mStarting Nest application...[39m
2026-05-10 15:51:47: [32m[Nest] 25360  - [39m10/05/2026, 3:51:47 pm [32m    LOG[39m [38;5;3m[NestFactory] [39m[32mStarting Nest application...[39m
2026-05-10 15:51:50: [32m[Nest] 20420  - [39m10/05/2026, 3:51:50 pm [32m    LOG[39m [38;5;3m[NestFactory] [39m[32mStarting Nest application...[39m
2026-05-10 15:51:52: [32m[Nest] 9084  - [39m10/05/2026, 3:51:52 pm [32m    LOG[39m [38;5;3m[NestFactory] [39m[32mStarting Nest application...[39m
2026-05-10 15:51:54: [32m[Nest] 27368  - [39m10/05/2026, 3:51:54 pm [32m    LOG[39m [38;5;3m[NestFactory] [39m[32mStarting Nest application...[39m
2026-05-10 15:51:56: [32m[Nest] 9260  - [39m10/05/2026, 3:51:56 pm [32m    LOG[39m [38;5;3m[NestFactory] [39m[32mStarting Nest application...[39m
2026-05-10 15:52:01: [32m[Nest] 19532  - [39m10/05/2026, 3:52:01 pm [32m    LOG[39m [38;5;3m[NestFactory] [39m[32mStarting Nest application...[39m
2026-05-10 15:52:04: [32m[Nest] 4828  - [39m10/05/2026, 3:52:04 pm [32m    LOG[39m [38;5;3m[NestFactory] [39m[32mStarting Nest application...[39m
2026-05-10 15:52:07: [32m[Nest] 11028  - [39m10/05/2026, 3:52:07 pm [32m    LOG[39m [38;5;3m[NestFactory] [39m[32mStarting Nest application...[39m
2026-05-10 15:52:10: [32m[Nest] 27864  - [39m10/05/2026, 3:52:10 pm [32m    LOG[39m [38;5;3m[NestFactory] [39m[32mStarting Nest application...[39m
2026-05-10 15:52:14: [32m[Nest] 28504  - [39m10/05/2026, 3:52:14 pm [32m    LOG[39m [38;5;3m[NestFactory] [39m[32mStarting Nest application...[39m
2026-05-10 15:52:17: [32m[Nest] 23228  - [39m10/05/2026, 3:52:17 pm [32m    LOG[39m [38;5;3m[NestFactory] [39m[32mStarting Nest application...[39m
2026-05-10 15:52:20: [32m[Nest] 30848  - [39m10/05/2026, 3:52:20 pm [32m    LOG[39m [38;5;3m[NestFactory] [39m[32mStarting Nest application...[39m
2026-05-10 15:52:22: [32m[Nest] 23208  - [39m10/05/2026, 3:52:22 pm [32m    LOG[39m [38;5;3m[NestFactory] [39m[32mStarting Nest application...[39m
2026-05-10 15:52:25: [32m[Nest] 22512  - [39m10/05/2026, 3:52:25 pm [32m    LOG[39m [38;5;3m[NestFactory] [39m[32mStarting Nest application...[39m
2026-05-10 15:52:27: [32m[Nest] 25704  - [39m10/05/2026, 3:52:27 pm [32m    LOG[39m [38;5;3m[NestFactory] [39m[32mStarting Nest application...[39m
2026-05-10 15:52:29: [32m[Nest] 23540  - [39m10/05/2026, 3:52:29 pm [32m    LOG[39m [38;5;3m[NestFactory] [39m[32mStarting Nest application...[39m
2026-05-10 15:52:31: [32m[Nest] 26588  - [39m10/05/2026, 3:52:31 pm [32m    LOG[39m [38;5;3m[NestFactory] [39m[32mStarting Nest application...[39m
2026-05-10 15:52:34: [32m[Nest] 31640  - [39m10/05/2026, 3:52:34 pm [32m    LOG[39m [38;5;3m[NestFactory] [39m[32mStarting Nest application...[39m
2026-05-10 15:52:36: [32m[Nest] 28224  - [39m10/05/2026, 3:52:36 pm [32m    LOG[39m [38;5;3m[NestFactory] [39m[32mStarting Nest application...[39m
2026-05-10 15:52:38: [32m[Nest] 20452  - [39m10/05/2026, 3:52:38 pm [32m    LOG[39m [38;5;3m[NestFactory] [39m[32mStarting Nest application...[39m
2026-05-10 15:52:40: [32m[Nest] 21828  - [39m10/05/2026, 3:52:40 pm [32m    LOG[39m [38;5;3m[NestFactory] [39m[32mStarting Nest application...[39m
2026-05-10 15:52:42: [32m[Nest] 13004  - [39m10/05/2026, 3:52:42 pm [32m    LOG[39m [38;5;3m[NestFactory] [39m[32mStarting Nest application...[39m
2026-05-10 15:52:44: [32m[Nest] 19584  - [39m10/05/2026, 3:52:44 pm [32m    LOG[39m [38;5;3m[NestFactory] [39m[32mStarting Nest application...[39m
2026-05-10 15:52:46: [32m[Nest] 3260  - [39m10/05/2026, 3:52:46 pm [32m    LOG[39m [38;5;3m[NestFactory] [39m[32mStarting Nest application...[39m
2026-05-10 15:52:49: [32m[Nest] 10088  - [39m10/05/2026, 3:52:49 pm [32m    LOG[39m [38;5;3m[NestFactory] [39m[32mStarting Nest application...[39m
2026-05-10 15:52:51: [32m[Nest] 16540  - [39m10/05/2026, 3:52:51 pm [32m    LOG[39m [38;5;3m[NestFactory] [39m[32mStarting Nest application...[39m
2026-05-10 15:52:54: [32m[Nest] 32300  - [39m10/05/2026, 3:52:54 pm [32m    LOG[39m [38;5;3m[NestFactory] [39m[32mStarting Nest application...[39m
2026-05-10 15:52:56: [32m[Nest] 12124  - [39m10/05/2026, 3:52:56 pm [32m    LOG[39m [38;5;3m[NestFactory] [39m[32mStarting Nest application...[39m
2026-05-10 15:53:00: [32m[Nest] 24652  - [39m10/05/2026, 3:53:00 pm [32m    LOG[39m [38;5;3m[NestFactory] [39m[32mStarting Nest application...[39m
2026-05-10 15:53:03: [32m[Nest] 33612  - [39m10/05/2026, 3:53:03 pm [32m    LOG[39m [38;5;3m[NestFactory] [39m[32mStarting Nest application...[39m
2026-05-10 15:53:06: [32m[Nest] 2108  - [39m10/05/2026, 3:53:06 pm [32m    LOG[39m [38;5;3m[NestFactory] [39m[32mStarting Nest application...[39m
2026-05-10 15:53:09: [32m[Nest] 14620  - [39m10/05/2026, 3:53:09 pm [32m    LOG[39m [38;5;3m[NestFactory] [39m[32mStarting Nest application...[39m
2026-05-10 15:53:11: [32m[Nest] 33808  - [39m10/05/2026, 3:53:11 pm [32m    LOG[39m [38;5;3m[NestFactory] [39m[32mStarting Nest application...[39m
2026-05-10 15:53:14: [32m[Nest] 33956  - [39m10/05/2026, 3:53:14 pm [32m    LOG[39m [38;5;3m[NestFactory] [39m[32mStarting Nest application...[39m
2026-05-10 15:53:16: [32m[Nest] 22768  - [39m10/05/2026, 3:53:16 pm [32m    LOG[39m [38;5;3m[NestFactory] [39m[32mStarting Nest application...[39m
2026-05-10 15:53:18: [32m[Nest] 22968  - [39m10/05/2026, 3:53:18 pm [32m    LOG[39m [38;5;3m[NestFactory] [39m[32mStarting Nest application...[39m
2026-05-10 15:53:20: [32m[Nest] 23684  - [39m10/05/2026, 3:53:20 pm [32m    LOG[39m [38;5;3m[NestFactory] [39m[32mStarting Nest application...[39m
2026-05-10 15:53:22: [32m[Nest] 30508  - [39m10/05/2026, 3:53:22 pm [32m    LOG[39m [38;5;3m[NestFactory] [39m[32mStarting Nest application...[39m
2026-05-10 15:53:24: [32m[Nest] 22288  - [39m10/05/2026, 3:53:24 pm [32m    LOG[39m [38;5;3m[NestFactory] [39m[32mStarting Nest application...[39m
2026-05-10 15:53:26: [32m[Nest] 16988  - [39m10/05/2026, 3:53:26 pm [32m    LOG[39m [38;5;3m[NestFactory] [39m[32mStarting Nest application...[39m
2026-05-10 15:53:28: [32m[Nest] 32300  - [39m10/05/2026, 3:53:28 pm [32m    LOG[39m [38;5;3m[NestFactory] [39m[32mStarting Nest application...[39m
2026-05-10 15:53:30: [32m[Nest] 32440  - [39m10/05/2026, 3:53:30 pm [32m    LOG[39m [38;5;3m[NestFactory] [39m[32mStarting Nest application...[39m
2026-05-10 15:53:31: [32m[Nest] 30668  - [39m10/05/2026, 3:53:31 pm [32m    LOG[39m [38;5;3m[NestFactory] [39m[32mStarting Nest application...[39m
2026-05-10 15:53:33: [32m[Nest] 19200  - [39m10/05/2026, 3:53:33 pm [32m    LOG[39m [38;5;3m[NestFactory] [39m[32mStarting Nest application...[39m
2026-05-10 15:53:36: [32m[Nest] 26396  - [39m10/05/2026, 3:53:36 pm [32m    LOG[39m [38;5;3m[NestFactory] [39m[32mStarting Nest application...[39m
2026-05-10 15:53:38: [32m[Nest] 8712  - [39m10/05/2026, 3:53:38 pm [32m    LOG[39m [38;5;3m[NestFactory] [39m[32mStarting Nest application...[39m
2026-05-10 15:53:40: [32m[Nest] 1352  - [39m10/05/2026, 3:53:40 pm [32m    LOG[39m [38;5;3m[NestFactory] [39m[32mStarting Nest application...[39m
2026-05-10 15:53:42: [32m[Nest] 27312  - [39m10/05/2026, 3:53:42 pm [32m    LOG[39m [38;5;3m[NestFactory] [39m[32mStarting Nest application...[39m
2026-05-10 15:53:44: [32m[Nest] 31244  - [39m10/05/2026, 3:53:44 pm [32m    LOG[39m [38;5;3m[NestFactory] [39m[32mStarting Nest application...[39m
2026-05-10 15:53:45: [32m[Nest] 29520  - [39m10/05/2026, 3:53:45 pm [32m    LOG[39m [38;5;3m[NestFactory] [39m[32mStarting Nest application...[39m
2026-05-10 15:53:48: [32m[Nest] 24800  - [39m10/05/2026, 3:53:48 pm [32m    LOG[39m [38;5;3m[NestFactory] [39m[32mStarting Nest application...[39m
2026-05-10 15:53:51: [32m[Nest] 1972  - [39m10/05/2026, 3:53:51 pm [32m    LOG[39m [38;5;3m[NestFactory] [39m[32mStarting Nest application...[39m
2026-05-10 15:53:54: [32m[Nest] 17596  - [39m10/05/2026, 3:53:54 pm [32m    LOG[39m [38;5;3m[NestFactory] [39m[32mStarting Nest application...[39m
2026-05-10 15:53:56: [32m[Nest] 31672  - [39m10/05/2026, 3:53:56 pm [32m    LOG[39m [38;5;3m[NestFactory] [39m[32mStarting Nest application...[39m
2026-05-10 15:53:58: [32m[Nest] 12604  - [39m10/05/2026, 3:53:58 pm [32m    LOG[39m [38;5;3m[NestFactory] [39m[32mStarting Nest application...[39m
2026-05-10 15:54:00: [32m[Nest] 13892  - [39m10/05/2026, 3:54:00 pm [32m    LOG[39m [38;5;3m[NestFactory] [39m[32mStarting Nest application...[39m
2026-05-10 15:54:01: [32m[Nest] 4912  - [39m10/05/2026, 3:54:01 pm [32m    LOG[39m [38;5;3m[NestFactory] [39m[32mStarting Nest application...[39m
2026-05-10 15:54:03: [32m[Nest] 29628  - [39m10/05/2026, 3:54:03 pm [32m    LOG[39m [38;5;3m[NestFactory] [39m[32mStarting Nest application...[39m
2026-05-10 15:54:05: [32m[Nest] 31032  - [39m10/05/2026, 3:54:05 pm [32m    LOG[39m [38;5;3m[NestFactory] [39m[32mStarting Nest application...[39m
2026-05-10 15:54:07: [32m[Nest] 25168  - [39m10/05/2026, 3:54:07 pm [32m    LOG[39m [38;5;3m[NestFactory] [39m[32mStarting Nest application...[39m
2026-05-10 15:54:09: [32m[Nest] 3804  - [39m10/05/2026, 3:54:09 pm [32m    LOG[39m [38;5;3m[NestFactory] [39m[32mStarting Nest application...[39m
2026-05-10 15:54:10: [32m[Nest] 25628  - [39m10/05/2026, 3:54:10 pm [32m    LOG[39m [38;5;3m[NestFactory] [39m[32mStarting Nest application...[39m
2026-05-10 15:54:12: [32m[Nest] 17828  - [39m10/05/2026, 3:54:12 pm [32m    LOG[39m [38;5;3m[NestFactory] [39m[32mStarting Nest application...[39m
2026-05-10 15:54:14: [32m[Nest] 10188  - [39m10/05/2026, 3:54:14 pm [32m    LOG[39m [38;5;3m[NestFactory] [39m[32mStarting Nest application...[39m
2026-05-10 15:54:16: [32m[Nest] 17912  - [39m10/05/2026, 3:54:16 pm [32m    LOG[39m [38;5;3m[NestFactory] [39m[32mStarting Nest application...[39m
2026-05-10 15:54:18: [32m[Nest] 15272  - [39m10/05/2026, 3:54:18 pm [32m    LOG[39m [38;5;3m[NestFactory] [39m[32mStarting Nest application...[39m
2026-05-10 15:54:20: [32m[Nest] 8828  - [39m10/05/2026, 3:54:20 pm [32m    LOG[39m [38;5;3m[NestFactory] [39m[32mStarting Nest application...[39m
2026-05-10 15:54:21: [32m[Nest] 30856  - [39m10/05/2026, 3:54:21 pm [32m    LOG[39m [38;5;3m[NestFactory] [39m[32mStarting Nest application...[39m
2026-05-10 15:54:23: [32m[Nest] 34592  - [39m10/05/2026, 3:54:23 pm [32m    LOG[39m [38;5;3m[NestFactory] [39m[32mStarting Nest application...[39m
2026-05-10 15:54:25: [32m[Nest] 27976  - [39m10/05/2026, 3:54:25 pm [32m    LOG[39m [38;5;3m[NestFactory] [39m[32mStarting Nest application...[39m
2026-05-10 15:54:27: [32m[Nest] 33824  - [39m10/05/2026, 3:54:27 pm [32m    LOG[39m [38;5;3m[NestFactory] [39m[32mStarting Nest application...[39m
2026-05-10 15:54:30: [32m[Nest] 26764  - [39m10/05/2026, 3:54:30 pm [32m    LOG[39m [38;5;3m[NestFactory] [39m[32mStarting Nest application...[39m
2026-05-10 15:54:32: [32m[Nest] 25820  - [39m10/05/2026, 3:54:32 pm [32m    LOG[39m [38;5;3m[NestFactory] [39m[32mStarting Nest application...[39m
2026-05-10 15:54:34: [32m[Nest] 31640  - [39m10/05/2026, 3:54:34 pm [32m    LOG[39m [38;5;3m[NestFactory] [39m[32mStarting Nest application...[39m
2026-05-10 15:54:35: [32m[Nest] 21328  - [39m10/05/2026, 3:54:35 pm [32m    LOG[39m [38;5;3m[NestFactory] [39m[32mStarting Nest application...[39m
2026-05-10 15:54:37: [32m[Nest] 28096  - [39m10/05/2026, 3:54:37 pm [32m    LOG[39m [38;5;3m[NestFactory] [39m[32mStarting Nest application...[39m
2026-05-10 15:54:39: [32m[Nest] 17656  - [39m10/05/2026, 3:54:39 pm [32m    LOG[39m [38;5;3m[NestFactory] [39m[32mStarting Nest application...[39m
2026-05-10 15:54:41: [32m[Nest] 32912  - [39m10/05/2026, 3:54:41 pm [32m    LOG[39m [38;5;3m[NestFactory] [39m[32mStarting Nest application...[39m
2026-05-10 15:54:43: [32m[Nest] 9904  - [39m10/05/2026, 3:54:43 pm [32m    LOG[39m [38;5;3m[NestFactory] [39m[32mStarting Nest application...[39m
2026-05-10 15:54:46: [32m[Nest] 13552  - [39m10/05/2026, 3:54:46 pm [32m    LOG[39m [38;5;3m[NestFactory] [39m[32mStarting Nest application...[39m
2026-05-10 15:54:49: [32m[Nest] 32732  - [39m10/05/2026, 3:54:49 pm [32m    LOG[39m [38;5;3m[NestFactory] [39m[32mStarting Nest application...[39m
2026-05-10 15:54:52: [32m[Nest] 25708  - [39m10/05/2026, 3:54:52 pm [32m    LOG[39m [38;5;3m[NestFactory] [39m[32mStarting Nest application...[39m
2026-05-10 15:54:55: [32m[Nest] 26168  - [39m10/05/2026, 3:54:55 pm [32m    LOG[39m [38;5;3m[NestFactory] [39m[32mStarting Nest application...[39m
2026-05-10 15:54:57: [32m[Nest] 23128  - [39m10/05/2026, 3:54:57 pm [32m    LOG[39m [38;5;3m[NestFactory] [39m[32mStarting Nest application...[39m
2026-05-10 15:54:59: [32m[Nest] 26088  - [39m10/05/2026, 3:54:59 pm [32m    LOG[39m [38;5;3m[NestFactory] [39m[32mStarting Nest application...[39m
2026-05-10 15:55:02: [32m[Nest] 22708  - [39m10/05/2026, 3:55:02 pm [32m    LOG[39m [38;5;3m[NestFactory] [39m[32mStarting Nest application...[39m
2026-05-10 15:55:04: [32m[Nest] 33808  - [39m10/05/2026, 3:55:04 pm [32m    LOG[39m [38;5;3m[NestFactory] [39m[32mStarting Nest application...[39m
2026-05-10 15:55:06: [32m[Nest] 22820  - [39m10/05/2026, 3:55:06 pm [32m    LOG[39m [38;5;3m[NestFactory] [39m[32mStarting Nest application...[39m
2026-05-10 15:55:09: [32m[Nest] 4752  - [39m10/05/2026, 3:55:09 pm [32m    LOG[39m [38;5;3m[NestFactory] [39m[32mStarting Nest application...[39m
2026-05-10 15:55:11: [32m[Nest] 17656  - [39m10/05/2026, 3:55:11 pm [32m    LOG[39m [38;5;3m[NestFactory] [39m[32mStarting Nest application...[39m
2026-05-10 15:55:13: [32m[Nest] 29520  - [39m10/05/2026, 3:55:13 pm [32m    LOG[39m [38;5;3m[NestFactory] [39m[32mStarting Nest application...[39m
2026-05-10 15:55:15: [32m[Nest] 20676  - [39m10/05/2026, 3:55:15 pm [32m    LOG[39m [38;5;3m[NestFactory] [39m[32mStarting Nest application...[39m
2026-05-10 15:55:17: [32m[Nest] 27316  - [39m10/05/2026, 3:55:17 pm [32m    LOG[39m [38;5;3m[NestFactory] [39m[32mStarting Nest application...[39m
2026-05-10 15:55:19: [32m[Nest] 26740  - [39m10/05/2026, 3:55:19 pm [32m    LOG[39m [38;5;3m[NestFactory] [39m[32mStarting Nest application...[39m
2026-05-10 15:55:21: [32m[Nest] 25720  - [39m10/05/2026, 3:55:21 pm [32m    LOG[39m [38;5;3m[NestFactory] [39m[32mStarting Nest application...[39m
2026-05-10 15:55:23: [32m[Nest] 28768  - [39m10/05/2026, 3:55:23 pm [32m    LOG[39m [38;5;3m[NestFactory] [39m[32mStarting Nest application...[39m
2026-05-10 15:55:25: [32m[Nest] 34456  - [39m10/05/2026, 3:55:25 pm [32m    LOG[39m [38;5;3m[NestFactory] [39m[32mStarting Nest application...[39m
2026-05-10 15:55:27: [32m[Nest] 19828  - [39m10/05/2026, 3:55:27 pm [32m    LOG[39m [38;5;3m[NestFactory] [39m[32mStarting Nest application...[39m
2026-05-10 15:55:29: [32m[Nest] 26264  - [39m10/05/2026, 3:55:29 pm [32m    LOG[39m [38;5;3m[NestFactory] [39m[32mStarting Nest application...[39m
2026-05-10 15:55:31: [32m[Nest] 31904  - [39m10/05/2026, 3:55:31 pm [32m    LOG[39m [38;5;3m[NestFactory] [39m[32mStarting Nest application...[39m
2026-05-10 15:55:34: [32m[Nest] 23992  - [39m10/05/2026, 3:55:34 pm [32m    LOG[39m [38;5;3m[NestFactory] [39m[32mStarting Nest application...[39m
2026-05-10 15:55:36: [32m[Nest] 21328  - [39m10/05/2026, 3:55:36 pm [32m    LOG[39m [38;5;3m[NestFactory] [39m[32mStarting Nest application...[39m
2026-05-10 15:55:39: [32m[Nest] 26768  - [39m10/05/2026, 3:55:39 pm [32m    LOG[39m [38;5;3m[NestFactory] [39m[32mStarting Nest application...[39m
2026-05-10 15:55:41: [32m[Nest] 25480  - [39m10/05/2026, 3:55:41 pm [32m    LOG[39m [38;5;3m[NestFactory] [39m[32mStarting Nest application...[39m
2026-05-10 15:55:43: [32m[Nest] 9144  - [39m10/05/2026, 3:55:43 pm [32m    LOG[39m [38;5;3m[NestFactory] [39m[32mStarting Nest application...[39m
2026-05-10 15:55:45: [32m[Nest] 20112  - [39m10/05/2026, 3:55:45 pm [32m    LOG[39m [38;5;3m[NestFactory] [39m[32mStarting Nest application...[39m
2026-05-10 15:55:47: [32m[Nest] 33280  - [39m10/05/2026, 3:55:47 pm [32m    LOG[39m [38;5;3m[NestFactory] [39m[32mStarting Nest application...[39m
2026-05-10 15:55:49: [32m[Nest] 30508  - [39m10/05/2026, 3:55:49 pm [32m    LOG[39m [38;5;3m[NestFactory] [39m[32mStarting Nest application...[39m
2026-05-10 15:55:50: [32m[Nest] 30524  - [39m10/05/2026, 3:55:50 pm [32m    LOG[39m [38;5;3m[NestFactory] [39m[32mStarting Nest application...[39m
2026-05-10 15:55:52: [32m[Nest] 32800  - [39m10/05/2026, 3:55:52 pm [32m    LOG[39m [38;5;3m[NestFactory] [39m[32mStarting Nest application...[39m
2026-05-10 15:55:54: [32m[Nest] 9936  - [39m10/05/2026, 3:55:54 pm [32m    LOG[39m [38;5;3m[NestFactory] [39m[32mStarting Nest application...[39m
2026-05-10 15:55:56: [32m[Nest] 25236  - [39m10/05/2026, 3:55:56 pm [32m    LOG[39m [38;5;3m[NestFactory] [39m[32mStarting Nest application...[39m
2026-05-10 15:55:59: [32m[Nest] 13676  - [39m10/05/2026, 3:55:59 pm [32m    LOG[39m [38;5;3m[NestFactory] [39m[32mStarting Nest application...[39m
2026-05-10 15:56:00: [32m[Nest] 32200  - [39m10/05/2026, 3:56:00 pm [32m    LOG[39m [38;5;3m[NestFactory] [39m[32mStarting Nest application...[39m
2026-05-10 15:56:02: [32m[Nest] 29724  - [39m10/05/2026, 3:56:02 pm [32m    LOG[39m [38;5;3m[NestFactory] [39m[32mStarting Nest application...[39m
2026-05-10 15:56:04: [32m[Nest] 16948  - [39m10/05/2026, 3:56:04 pm [32m    LOG[39m [38;5;3m[NestFactory] [39m[32mStarting Nest application...[39m
2026-05-10 15:56:06: [32m[Nest] 32912  - [39m10/05/2026, 3:56:06 pm [32m    LOG[39m [38;5;3m[NestFactory] [39m[32mStarting Nest application...[39m
2026-05-10 15:56:08: [32m[Nest] 22904  - [39m10/05/2026, 3:56:08 pm [32m    LOG[39m [38;5;3m[NestFactory] [39m[32mStarting Nest application...[39m
2026-05-10 15:56:10: [32m[Nest] 32224  - [39m10/05/2026, 3:56:10 pm [32m    LOG[39m [38;5;3m[NestFactory] [39m[32mStarting Nest application...[39m
2026-05-10 15:56:12: [32m[Nest] 28992  - [39m10/05/2026, 3:56:12 pm [32m    LOG[39m [38;5;3m[NestFactory] [39m[32mStarting Nest application...[39m
2026-05-10 15:56:15: [32m[Nest] 30460  - [39m10/05/2026, 3:56:15 pm [32m    LOG[39m [38;5;3m[NestFactory] [39m[32mStarting Nest application...[39m
2026-05-10 15:56:19: [32m[Nest] 27320  - [39m10/05/2026, 3:56:19 pm [32m    LOG[39m [38;5;3m[NestFactory] [39m[32mStarting Nest application...[39m
2026-05-10 15:56:21: [32m[Nest] 32440  - [39m10/05/2026, 3:56:21 pm [32m    LOG[39m [38;5;3m[NestFactory] [39m[32mStarting Nest application...[39m
2026-05-10 15:56:24: [32m[Nest] 25144  - [39m10/05/2026, 3:56:24 pm [32m    LOG[39m [38;5;3m[NestFactory] [39m[32mStarting Nest application...[39m
2026-05-10 15:56:27: [32m[Nest] 24512  - [39m10/05/2026, 3:56:27 pm [32m    LOG[39m [38;5;3m[NestFactory] [39m[32mStarting Nest application...[39m
2026-05-10 15:56:29: [32m[Nest] 30236  - [39m10/05/2026, 3:56:29 pm [32m    LOG[39m [38;5;3m[NestFactory] [39m[32mStarting Nest application...[39m
2026-05-10 15:56:32: [32m[Nest] 23992  - [39m10/05/2026, 3:56:32 pm [32m    LOG[39m [38;5;3m[NestFactory] [39m[32mStarting Nest application...[39m
2026-05-10 15:56:35: [32m[Nest] 26896  - [39m10/05/2026, 3:56:35 pm [32m    LOG[39m [38;5;3m[NestFactory] [39m[32mStarting Nest application...[39m
2026-05-10 15:56:37: [32m[Nest] 21712  - [39m10/05/2026, 3:56:37 pm [32m    LOG[39m [38;5;3m[NestFactory] [39m[32mStarting Nest application...[39m
2026-05-10 15:56:39: [32m[Nest] 29488  - [39m10/05/2026, 3:56:39 pm [32m    LOG[39m [38;5;3m[NestFactory] [39m[32mStarting Nest application...[39m
2026-05-10 15:56:41: [32m[Nest] 22128  - [39m10/05/2026, 3:56:41 pm [32m    LOG[39m [38;5;3m[NestFactory] [39m[32mStarting Nest application...[39m
2026-05-10 15:56:43: [32m[Nest] 30296  - [39m10/05/2026, 3:56:43 pm [32m    LOG[39m [38;5;3m[NestFactory] [39m[32mStarting Nest application...[39m
2026-05-10 15:56:46: [32m[Nest] 1972  - [39m10/05/2026, 3:56:46 pm [32m    LOG[39m [38;5;3m[NestFactory] [39m[32mStarting Nest application...[39m
2026-05-10 15:56:48: [32m[Nest] 23236  - [39m10/05/2026, 3:56:48 pm [32m    LOG[39m [38;5;3m[NestFactory] [39m[32mStarting Nest application...[39m
2026-05-10 15:56:50: [32m[Nest] 16192  - [39m10/05/2026, 3:56:50 pm [32m    LOG[39m [38;5;3m[NestFactory] [39m[32mStarting Nest application...[39m
2026-05-10 15:56:51: [32m[Nest] 29124  - [39m10/05/2026, 3:56:51 pm [32m    LOG[39m [38;5;3m[NestFactory] [39m[32mStarting Nest application...[39m
2026-05-10 15:56:53: [32m[Nest] 27512  - [39m10/05/2026, 3:56:53 pm [32m    LOG[39m [38;5;3m[NestFactory] [39m[32mStarting Nest application...[39m
2026-05-10 15:56:55: [32m[Nest] 29408  - [39m10/05/2026, 3:56:55 pm [32m    LOG[39m [38;5;3m[NestFactory] [39m[32mStarting Nest application...[39m
2026-05-10 15:56:57: [32m[Nest] 31648  - [39m10/05/2026, 3:56:57 pm [32m    LOG[39m [38;5;3m[NestFactory] [39m[32mStarting Nest application...[39m
2026-05-10 15:56:58: [32m[Nest] 11056  - [39m10/05/2026, 3:56:58 pm [32m    LOG[39m [38;5;3m[NestFactory] [39m[32mStarting Nest application...[39m
2026-05-10 15:57:01: [32m[Nest] 26584  - [39m10/05/2026, 3:57:01 pm [32m    LOG[39m [38;5;3m[NestFactory] [39m[32mStarting Nest application...[39m
2026-05-10 15:57:03: [32m[Nest] 11576  - [39m10/05/2026, 3:57:03 pm [32m    LOG[39m [38;5;3m[NestFactory] [39m[32mStarting Nest application...[39m
2026-05-10 15:57:05: [32m[Nest] 19280  - [39m10/05/2026, 3:57:05 pm [32m    LOG[39m [38;5;3m[NestFactory] [39m[32mStarting Nest application...[39m
2026-05-10 15:57:07: [32m[Nest] 28644  - [39m10/05/2026, 3:57:07 pm [32m    LOG[39m [38;5;3m[NestFactory] [39m[32mStarting Nest application...[39m
2026-05-10 15:57:09: [32m[Nest] 26148  - [39m10/05/2026, 3:57:09 pm [32m    LOG[39m [38;5;3m[NestFactory] [39m[32mStarting Nest application...[39m
2026-05-10 15:57:11: [32m[Nest] 18108  - [39m10/05/2026, 3:57:11 pm [32m    LOG[39m [38;5;3m[NestFactory] [39m[32mStarting Nest application...[39m
2026-05-10 15:57:13: [32m[Nest] 13552  - [39m10/05/2026, 3:57:13 pm [32m    LOG[39m [38;5;3m[NestFactory] [39m[32mStarting Nest application...[39m
2026-05-10 15:57:15: [32m[Nest] 2068  - [39m10/05/2026, 3:57:15 pm [32m    LOG[39m [38;5;3m[NestFactory] [39m[32mStarting Nest application...[39m
2026-05-10 15:57:17: [32m[Nest] 26736  - [39m10/05/2026, 3:57:17 pm [32m    LOG[39m [38;5;3m[NestFactory] [39m[32mStarting Nest application...[39m
2026-05-10 15:57:19: [32m[Nest] 26936  - [39m10/05/2026, 3:57:19 pm [32m    LOG[39m [38;5;3m[NestFactory] [39m[32mStarting Nest application...[39m
2026-05-10 15:57:21: [32m[Nest] 29004  - [39m10/05/2026, 3:57:21 pm [32m    LOG[39m [38;5;3m[NestFactory] [39m[32mStarting Nest application...[39m
2026-05-10 15:57:23: [32m[Nest] 21344  - [39m10/05/2026, 3:57:23 pm [32m    LOG[39m [38;5;3m[NestFactory] [39m[32mStarting Nest application...[39m
2026-05-10 15:57:25: [32m[Nest] 21424  - [39m10/05/2026, 3:57:25 pm [32m    LOG[39m [38;5;3m[NestFactory] [39m[32mStarting Nest application...[39m
2026-05-10 15:57:27: [32m[Nest] 18256  - [39m10/05/2026, 3:57:27 pm [32m    LOG[39m [38;5;3m[NestFactory] [39m[32mStarting Nest application...[39m
2026-05-10 15:57:29: [32m[Nest] 34564  - [39m10/05/2026, 3:57:29 pm [32m    LOG[39m [38;5;3m[NestFactory] [39m[32mStarting Nest application...[39m
2026-05-10 15:57:32: [32m[Nest] 18040  - [39m10/05/2026, 3:57:32 pm [32m    LOG[39m [38;5;3m[NestFactory] [39m[32mStarting Nest application...[39m
2026-05-10 15:57:34: [32m[Nest] 23420  - [39m10/05/2026, 3:57:34 pm [32m    LOG[39m [38;5;3m[NestFactory] [39m[32mStarting Nest application...[39m
2026-05-10 15:57:36: [32m[Nest] 11052  - [39m10/05/2026, 3:57:36 pm [32m    LOG[39m [38;5;3m[NestFactory] [39m[32mStarting Nest application...[39m
2026-05-10 15:57:39: [32m[Nest] 32488  - [39m10/05/2026, 3:57:39 pm [32m    LOG[39m [38;5;3m[NestFactory] [39m[32mStarting Nest application...[39m
2026-05-10 15:57:41: [32m[Nest] 5140  - [39m10/05/2026, 3:57:41 pm [32m    LOG[39m [38;5;3m[NestFactory] [39m[32mStarting Nest application...[39m
2026-05-10 15:57:44: [32m[Nest] 33044  - [39m10/05/2026, 3:57:44 pm [32m    LOG[39m [38;5;3m[NestFactory] [39m[32mStarting Nest application...[39m
2026-05-10 15:57:45: [32m[Nest] 21912  - [39m10/05/2026, 3:57:45 pm [32m    LOG[39m [38;5;3m[NestFactory] [39m[32mStarting Nest application...[39m
2026-05-10 15:57:47: [32m[Nest] 30460  - [39m10/05/2026, 3:57:47 pm [32m    LOG[39m [38;5;3m[NestFactory] [39m[32mStarting Nest application...[39m
2026-05-10 15:57:49: [32m[Nest] 30888  - [39m10/05/2026, 3:57:49 pm [32m    LOG[39m [38;5;3m[NestFactory] [39m[32mStarting Nest application...[39m
2026-05-10 15:57:51: [32m[Nest] 9236  - [39m10/05/2026, 3:57:51 pm [32m    LOG[39m [38;5;3m[NestFactory] [39m[32mStarting Nest application...[39m
2026-05-10 15:57:52: [32m[Nest] 5392  - [39m10/05/2026, 3:57:52 pm [32m    LOG[39m [38;5;3m[NestFactory] [39m[32mStarting Nest application...[39m
2026-05-10 15:57:54: [32m[Nest] 21344  - [39m10/05/2026, 3:57:54 pm [32m    LOG[39m [38;5;3m[NestFactory] [39m[32mStarting Nest application...[39m
2026-05-10 15:57:56: [32m[Nest] 26264  - [39m10/05/2026, 3:57:56 pm [32m    LOG[39m [38;5;3m[NestFactory] [39m[32mStarting Nest application...[39m
2026-05-10 15:57:58: [32m[Nest] 29976  - [39m10/05/2026, 3:57:58 pm [32m    LOG[39m [38;5;3m[NestFactory] [39m[32mStarting Nest application...[39m
2026-05-10 15:57:59: [32m[Nest] 28952  - [39m10/05/2026, 3:57:59 pm [32m    LOG[39m [38;5;3m[NestFactory] [39m[32mStarting Nest application...[39m
2026-05-10 15:58:01: [32m[Nest] 17828  - [39m10/05/2026, 3:58:01 pm [32m    LOG[39m [38;5;3m[NestFactory] [39m[32mStarting Nest application...[39m
2026-05-10 15:58:03: [32m[Nest] 26952  - [39m10/05/2026, 3:58:03 pm [32m    LOG[39m [38;5;3m[NestFactory] [39m[32mStarting Nest application...[39m
2026-05-10 15:58:05: [32m[Nest] 33840  - [39m10/05/2026, 3:58:05 pm [32m    LOG[39m [38;5;3m[NestFactory] [39m[32mStarting Nest application...[39m
2026-05-10 15:58:06: [32m[Nest] 5916  - [39m10/05/2026, 3:58:06 pm [32m    LOG[39m [38;5;3m[NestFactory] [39m[32mStarting Nest application...[39m
2026-05-10 15:58:08: [32m[Nest] 31748  - [39m10/05/2026, 3:58:08 pm [32m    LOG[39m [38;5;3m[NestFactory] [39m[32mStarting Nest application...[39m
2026-05-10 15:58:10: [32m[Nest] 3020  - [39m10/05/2026, 3:58:10 pm [32m    LOG[39m [38;5;3m[NestFactory] [39m[32mStarting Nest application...[39m
2026-05-10 15:58:12: [32m[Nest] 3712  - [39m10/05/2026, 3:58:12 pm [32m    LOG[39m [38;5;3m[NestFactory] [39m[32mStarting Nest application...[39m
2026-05-10 15:58:13: [32m[Nest] 12940  - [39m10/05/2026, 3:58:13 pm [32m    LOG[39m [38;5;3m[NestFactory] [39m[32mStarting Nest application...[39m
2026-05-10 15:58:15: [32m[Nest] 19272  - [39m10/05/2026, 3:58:15 pm [32m    LOG[39m [38;5;3m[NestFactory] [39m[32mStarting Nest application...[39m
2026-05-10 15:58:17: [32m[Nest] 12604  - [39m10/05/2026, 3:58:17 pm [32m    LOG[39m [38;5;3m[NestFactory] [39m[32mStarting Nest application...[39m
2026-05-10 15:58:19: [32m[Nest] 25880  - [39m10/05/2026, 3:58:19 pm [32m    LOG[39m [38;5;3m[NestFactory] [39m[32mStarting Nest application...[39m
2026-05-10 15:58:21: [32m[Nest] 13208  - [39m10/05/2026, 3:58:21 pm [32m    LOG[39m [38;5;3m[NestFactory] [39m[32mStarting Nest application...[39m
2026-05-10 15:58:22: [32m[Nest] 22644  - [39m10/05/2026, 3:58:22 pm [32m    LOG[39m [38;5;3m[NestFactory] [39m[32mStarting Nest application...[39m
2026-05-10 15:58:24: [32m[Nest] 7024  - [39m10/05/2026, 3:58:24 pm [32m    LOG[39m [38;5;3m[NestFactory] [39m[32mStarting Nest application...[39m
2026-05-10 15:58:26: [32m[Nest] 27412  - [39m10/05/2026, 3:58:26 pm [32m    LOG[39m [38;5;3m[NestFactory] [39m[32mStarting Nest application...[39m
2026-05-10 15:58:28: [32m[Nest] 31152  - [39m10/05/2026, 3:58:28 pm [32m    LOG[39m [38;5;3m[NestFactory] [39m[32mStarting Nest application...[39m
2026-05-10 15:58:30: [32m[Nest] 17256  - [39m10/05/2026, 3:58:30 pm [32m    LOG[39m [38;5;3m[NestFactory] [39m[32mStarting Nest application...[39m
2026-05-10 15:58:31: [32m[Nest] 24652  - [39m10/05/2026, 3:58:31 pm [32m    LOG[39m [38;5;3m[NestFactory] [39m[32mStarting Nest application...[39m
2026-05-10 15:58:33: [32m[Nest] 18192  - [39m10/05/2026, 3:58:33 pm [32m    LOG[39m [38;5;3m[NestFactory] [39m[32mStarting Nest application...[39m
2026-05-10 15:58:35: [32m[Nest] 30148  - [39m10/05/2026, 3:58:35 pm [32m    LOG[39m [38;5;3m[NestFactory] [39m[32mStarting Nest application...[39m
2026-05-10 15:58:37: [32m[Nest] 27900  - [39m10/05/2026, 3:58:37 pm [32m    LOG[39m [38;5;3m[NestFactory] [39m[32mStarting Nest application...[39m
2026-05-10 15:58:39: [32m[Nest] 1972  - [39m10/05/2026, 3:58:39 pm [32m    LOG[39m [38;5;3m[NestFactory] [39m[32mStarting Nest application...[39m
2026-05-10 15:58:41: [32m[Nest] 18552  - [39m10/05/2026, 3:58:41 pm [32m    LOG[39m [38;5;3m[NestFactory] [39m[32mStarting Nest application...[39m
2026-05-10 15:58:43: [32m[Nest] 30752  - [39m10/05/2026, 3:58:43 pm [32m    LOG[39m [38;5;3m[NestFactory] [39m[32mStarting Nest application...[39m
2026-05-10 15:58:45: [32m[Nest] 29300  - [39m10/05/2026, 3:58:45 pm [32m    LOG[39m [38;5;3m[NestFactory] [39m[32mStarting Nest application...[39m
2026-05-10 15:58:47: [32m[Nest] 23792  - [39m10/05/2026, 3:58:47 pm [32m    LOG[39m [38;5;3m[NestFactory] [39m[32mStarting Nest application...[39m
2026-05-10 15:58:48: [32m[Nest] 34524  - [39m10/05/2026, 3:58:48 pm [32m    LOG[39m [38;5;3m[NestFactory] [39m[32mStarting Nest application...[39m
2026-05-10 15:58:50: [32m[Nest] 14884  - [39m10/05/2026, 3:58:50 pm [32m    LOG[39m [38;5;3m[NestFactory] [39m[32mStarting Nest application...[39m
2026-05-10 15:58:52: [32m[Nest] 25168  - [39m10/05/2026, 3:58:52 pm [32m    LOG[39m [38;5;3m[NestFactory] [39m[32mStarting Nest application...[39m
2026-05-10 15:58:54: [32m[Nest] 3692  - [39m10/05/2026, 3:58:54 pm [32m    LOG[39m [38;5;3m[NestFactory] [39m[32mStarting Nest application...[39m
2026-05-10 15:58:55: [32m[Nest] 29168  - [39m10/05/2026, 3:58:55 pm [32m    LOG[39m [38;5;3m[NestFactory] [39m[32mStarting Nest application...[39m
2026-05-10 15:58:57: [32m[Nest] 33768  - [39m10/05/2026, 3:58:57 pm [32m    LOG[39m [38;5;3m[NestFactory] [39m[32mStarting Nest application...[39m
2026-05-10 15:58:59: [32m[Nest] 31424  - [39m10/05/2026, 3:58:59 pm [32m    LOG[39m [38;5;3m[NestFactory] [39m[32mStarting Nest application...[39m
2026-05-10 15:59:01: [32m[Nest] 22128  - [39m10/05/2026, 3:59:01 pm [32m    LOG[39m [38;5;3m[NestFactory] [39m[32mStarting Nest application...[39m
2026-05-10 15:59:03: [32m[Nest] 20112  - [39m10/05/2026, 3:59:03 pm [32m    LOG[39m [38;5;3m[NestFactory] [39m[32mStarting Nest application...[39m
2026-05-10 15:59:05: [32m[Nest] 12056  - [39m10/05/2026, 3:59:05 pm [32m    LOG[39m [38;5;3m[NestFactory] [39m[32mStarting Nest application...[39m
2026-05-10 15:59:07: [32m[Nest] 22016  - [39m10/05/2026, 3:59:07 pm [32m    LOG[39m [38;5;3m[NestFactory] [39m[32mStarting Nest application...[39m
2026-05-10 15:59:08: [32m[Nest] 23944  - [39m10/05/2026, 3:59:08 pm [32m    LOG[39m [38;5;3m[NestFactory] [39m[32mStarting Nest application...[39m
2026-05-10 15:59:10: [32m[Nest] 30528  - [39m10/05/2026, 3:59:10 pm [32m    LOG[39m [38;5;3m[NestFactory] [39m[32mStarting Nest application...[39m
2026-05-10 15:59:12: [32m[Nest] 25720  - [39m10/05/2026, 3:59:12 pm [32m    LOG[39m [38;5;3m[NestFactory] [39m[32mStarting Nest application...[39m
2026-05-10 15:59:14: [32m[Nest] 16996  - [39m10/05/2026, 3:59:14 pm [32m    LOG[39m [38;5;3m[NestFactory] [39m[32mStarting Nest application...[39m
2026-05-10 15:59:16: [32m[Nest] 30672  - [39m10/05/2026, 3:59:16 pm [32m    LOG[39m [38;5;3m[NestFactory] [39m[32mStarting Nest application...[39m
2026-05-10 15:59:17: [32m[Nest] 21484  - [39m10/05/2026, 3:59:17 pm [32m    LOG[39m [38;5;3m[NestFactory] [39m[32mStarting Nest application...[39m
2026-05-10 15:59:19: [32m[Nest] 16664  - [39m10/05/2026, 3:59:19 pm [32m    LOG[39m [38;5;3m[NestFactory] [39m[32mStarting Nest application...[39m
2026-05-10 15:59:21: [32m[Nest] 4912  - [39m10/05/2026, 3:59:21 pm [32m    LOG[39m [38;5;3m[NestFactory] [39m[32mStarting Nest application...[39m
2026-05-10 15:59:23: [32m[Nest] 13888  - [39m10/05/2026, 3:59:23 pm [32m    LOG[39m [38;5;3m[NestFactory] [39m[32mStarting Nest application...[39m
2026-05-10 15:59:25: [32m[Nest] 28180  - [39m10/05/2026, 3:59:25 pm [32m    LOG[39m [38;5;3m[NestFactory] [39m[32mStarting Nest application...[39m
2026-05-10 15:59:26: [32m[Nest] 18440  - [39m10/05/2026, 3:59:26 pm [32m    LOG[39m [38;5;3m[NestFactory] [39m[32mStarting Nest application...[39m
2026-05-10 15:59:28: [32m[Nest] 26620  - [39m10/05/2026, 3:59:28 pm [32m    LOG[39m [38;5;3m[NestFactory] [39m[32mStarting Nest application...[39m
2026-05-10 15:59:30: [32m[Nest] 25568  - [39m10/05/2026, 3:59:30 pm [32m    LOG[39m [38;5;3m[NestFactory] [39m[32mStarting Nest application...[39m
2026-05-10 15:59:32: [32m[Nest] 20172  - [39m10/05/2026, 3:59:32 pm [32m    LOG[39m [38;5;3m[NestFactory] [39m[32mStarting Nest application...[39m
2026-05-10 15:59:33: [32m[Nest] 30140  - [39m10/05/2026, 3:59:33 pm [32m    LOG[39m [38;5;3m[NestFactory] [39m[32mStarting Nest application...[39m
2026-05-10 15:59:35: [32m[Nest] 25620  - [39m10/05/2026, 3:59:35 pm [32m    LOG[39m [38;5;3m[NestFactory] [39m[32mStarting Nest application...[39m
2026-05-10 15:59:37: [32m[Nest] 14976  - [39m10/05/2026, 3:59:37 pm [32m    LOG[39m [38;5;3m[NestFactory] [39m[32mStarting Nest application...[39m
2026-05-10 15:59:39: [32m[Nest] 30216  - [39m10/05/2026, 3:59:39 pm [32m    LOG[39m [38;5;3m[NestFactory] [39m[32mStarting Nest application...[39m
2026-05-10 15:59:41: [32m[Nest] 14884  - [39m10/05/2026, 3:59:41 pm [32m    LOG[39m [38;5;3m[NestFactory] [39m[32mStarting Nest application...[39m
2026-05-10 15:59:42: [32m[Nest] 30520  - [39m10/05/2026, 3:59:42 pm [32m    LOG[39m [38;5;3m[NestFactory] [39m[32mStarting Nest application...[39m
2026-05-10 15:59:44: [32m[Nest] 25416  - [39m10/05/2026, 3:59:44 pm [32m    LOG[39m [38;5;3m[NestFactory] [39m[32mStarting Nest application...[39m
2026-05-10 15:59:46: [32m[Nest] 31464  - [39m10/05/2026, 3:59:46 pm [32m    LOG[39m [38;5;3m[NestFactory] [39m[32mStarting Nest application...[39m
2026-05-10 15:59:48: [32m[Nest] 34248  - [39m10/05/2026, 3:59:48 pm [32m    LOG[39m [38;5;3m[NestFactory] [39m[32mStarting Nest application...[39m
2026-05-10 15:59:49: [32m[Nest] 13728  - [39m10/05/2026, 3:59:49 pm [32m    LOG[39m [38;5;3m[NestFactory] [39m[32mStarting Nest application...[39m
2026-05-10 15:59:51: [32m[Nest] 13308  - [39m10/05/2026, 3:59:51 pm [32m    LOG[39m [38;5;3m[NestFactory] [39m[32mStarting Nest application...[39m
2026-05-10 15:59:53: [32m[Nest] 23356  - [39m10/05/2026, 3:59:53 pm [32m    LOG[39m [38;5;3m[NestFactory] [39m[32mStarting Nest application...[39m
2026-05-10 15:59:55: [32m[Nest] 13240  - [39m10/05/2026, 3:59:55 pm [32m    LOG[39m [38;5;3m[NestFactory] [39m[32mStarting Nest application...[39m
2026-05-10 15:59:57: [32m[Nest] 14988  - [39m10/05/2026, 3:59:57 pm [32m    LOG[39m [38;5;3m[NestFactory] [39m[32mStarting Nest application...[39m
2026-05-10 15:59:59: [32m[Nest] 32268  - [39m10/05/2026, 3:59:59 pm [32m    LOG[39m [38;5;3m[NestFactory] [39m[32mStarting Nest application...[39m
2026-05-10 16:00:01: [32m[Nest] 11800  - [39m10/05/2026, 4:00:01 pm [32m    LOG[39m [38;5;3m[NestFactory] [39m[32mStarting Nest application...[39m
2026-05-10 16:00:04: [32m[Nest] 23328  - [39m10/05/2026, 4:00:04 pm [32m    LOG[39m [38;5;3m[NestFactory] [39m[32mStarting Nest application...[39m
2026-05-10 16:00:06: [32m[Nest] 27888  - [39m10/05/2026, 4:00:06 pm [32m    LOG[39m [38;5;3m[NestFactory] [39m[32mStarting Nest application...[39m
2026-05-10 16:00:08: [32m[Nest] 33184  - [39m10/05/2026, 4:00:08 pm [32m    LOG[39m [38;5;3m[NestFactory] [39m[32mStarting Nest application...[39m
2026-05-10 16:00:11: [32m[Nest] 13348  - [39m10/05/2026, 4:00:11 pm [32m    LOG[39m [38;5;3m[NestFactory] [39m[32mStarting Nest application...[39m
2026-05-10 16:00:13: [32m[Nest] 33672  - [39m10/05/2026, 4:00:13 pm [32m    LOG[39m [38;5;3m[NestFactory] [39m[32mStarting Nest application...[39m
2026-05-10 16:00:16: [32m[Nest] 13888  - [39m10/05/2026, 4:00:16 pm [32m    LOG[39m [38;5;3m[NestFactory] [39m[32mStarting Nest application...[39m
2026-05-10 16:00:18: [32m[Nest] 9536  - [39m10/05/2026, 4:00:18 pm [32m    LOG[39m [38;5;3m[NestFactory] [39m[32mStarting Nest application...[39m
2026-05-10 16:00:20: [32m[Nest] 32400  - [39m10/05/2026, 4:00:20 pm [32m    LOG[39m [38;5;3m[NestFactory] [39m[32mStarting Nest application...[39m
2026-05-10 16:00:22: [32m[Nest] 27804  - [39m10/05/2026, 4:00:22 pm [32m    LOG[39m [38;5;3m[NestFactory] [39m[32mStarting Nest application...[39m
2026-05-10 16:00:25: [32m[Nest] 13204  - [39m10/05/2026, 4:00:25 pm [32m    LOG[39m [38;5;3m[NestFactory] [39m[32mStarting Nest application...[39m
2026-05-10 16:00:27: [32m[Nest] 25704  - [39m10/05/2026, 4:00:27 pm [32m    LOG[39m [38;5;3m[NestFactory] [39m[32mStarting Nest application...[39m
2026-05-10 16:00:28: [32m[Nest] 29900  - [39m10/05/2026, 4:00:28 pm [32m    LOG[39m [38;5;3m[NestFactory] [39m[32mStarting Nest application...[39m
2026-05-10 16:00:30: [32m[Nest] 34028  - [39m10/05/2026, 4:00:30 pm [32m    LOG[39m [38;5;3m[NestFactory] [39m[32mStarting Nest application...[39m
2026-05-10 16:00:32: [32m[Nest] 9960  - [39m10/05/2026, 4:00:32 pm [32m    LOG[39m [38;5;3m[NestFactory] [39m[32mStarting Nest application...[39m
2026-05-10 16:00:34: [32m[Nest] 26112  - [39m10/05/2026, 4:00:34 pm [32m    LOG[39m [38;5;3m[NestFactory] [39m[32mStarting Nest application...[39m
2026-05-10 16:00:36: [32m[Nest] 32692  - [39m10/05/2026, 4:00:36 pm [32m    LOG[39m [38;5;3m[NestFactory] [39m[32mStarting Nest application...[39m
2026-05-10 16:00:38: [32m[Nest] 25800  - [39m10/05/2026, 4:00:38 pm [32m    LOG[39m [38;5;3m[NestFactory] [39m[32mStarting Nest application...[39m
2026-05-10 16:00:40: [32m[Nest] 12128  - [39m10/05/2026, 4:00:40 pm [32m    LOG[39m [38;5;3m[NestFactory] [39m[32mStarting Nest application...[39m
2026-05-10 16:00:41: [32m[Nest] 26024  - [39m10/05/2026, 4:00:41 pm [32m    LOG[39m [38;5;3m[NestFactory] [39m[32mStarting Nest application...[39m
2026-05-10 16:00:43: [32m[Nest] 26136  - [39m10/05/2026, 4:00:43 pm [32m    LOG[39m [38;5;3m[NestFactory] [39m[32mStarting Nest application...[39m
2026-05-10 16:00:45: [32m[Nest] 23872  - [39m10/05/2026, 4:00:45 pm [32m    LOG[39m [38;5;3m[NestFactory] [39m[32mStarting Nest application...[39m
2026-05-10 16:00:47: [32m[Nest] 28636  - [39m10/05/2026, 4:00:47 pm [32m    LOG[39m [38;5;3m[NestFactory] [39m[32mStarting Nest application...[39m
2026-05-10 16:00:50: [32m[Nest] 13240  - [39m10/05/2026, 4:00:50 pm [32m    LOG[39m [38;5;3m[NestFactory] [39m[32mStarting Nest application...[39m
2026-05-10 16:00:52: [32m[Nest] 30300  - [39m10/05/2026, 4:00:52 pm [32m    LOG[39m [38;5;3m[NestFactory] [39m[32mStarting Nest application...[39m
2026-05-10 16:00:55: [32m[Nest] 10892  - [39m10/05/2026, 4:00:55 pm [32m    LOG[39m [38;5;3m[NestFactory] [39m[32mStarting Nest application...[39m
2026-05-10 16:00:56: [32m[Nest] 4280  - [39m10/05/2026, 4:00:56 pm [32m    LOG[39m [38;5;3m[NestFactory] [39m[32mStarting Nest application...[39m
2026-05-10 16:00:58: [32m[Nest] 25140  - [39m10/05/2026, 4:00:58 pm [32m    LOG[39m [38;5;3m[NestFactory] [39m[32mStarting Nest application...[39m
2026-05-10 16:01:00: [32m[Nest] 17428  - [39m10/05/2026, 4:01:00 pm [32m    LOG[39m [38;5;3m[NestFactory] [39m[32mStarting Nest application...[39m
2026-05-10 16:01:02: [32m[Nest] 32280  - [39m10/05/2026, 4:01:02 pm [32m    LOG[39m [38;5;3m[NestFactory] [39m[32mStarting Nest application...[39m
2026-05-10 16:01:04: [32m[Nest] 28140  - [39m10/05/2026, 4:01:04 pm [32m    LOG[39m [38;5;3m[NestFactory] [39m[32mStarting Nest application...[39m
2026-05-10 16:01:06: [32m[Nest] 15184  - [39m10/05/2026, 4:01:06 pm [32m    LOG[39m [38;5;3m[NestFactory] [39m[32mStarting Nest application...[39m
2026-05-10 16:01:08: [32m[Nest] 6744  - [39m10/05/2026, 4:01:08 pm [32m    LOG[39m [38;5;3m[NestFactory] [39m[32mStarting Nest application...[39m
2026-05-10 16:01:14: [32m[Nest] 25972  - [39m10/05/2026, 4:01:14 pm [32m    LOG[39m [38;5;3m[NestFactory] [39m[32mStarting Nest application...[39m
2026-05-10 16:01:17: [32m[Nest] 33592  - [39m10/05/2026, 4:01:17 pm [32m    LOG[39m [38;5;3m[NestFactory] [39m[32mStarting Nest application...[39m
2026-05-10 16:01:19: [32m[Nest] 12372  - [39m10/05/2026, 4:01:19 pm [32m    LOG[39m [38;5;3m[NestFactory] [39m[32mStarting Nest application...[39m
2026-05-10 16:01:22: [32m[Nest] 29140  - [39m10/05/2026, 4:01:22 pm [32m    LOG[39m [38;5;3m[NestFactory] [39m[32mStarting Nest application...[39m
2026-05-10 16:01:24: [32m[Nest] 22512  - [39m10/05/2026, 4:01:24 pm [32m    LOG[39m [38;5;3m[NestFactory] [39m[32mStarting Nest application...[39m
2026-05-10 16:01:26: [32m[Nest] 31720  - [39m10/05/2026, 4:01:26 pm [32m    LOG[39m [38;5;3m[NestFactory] [39m[32mStarting Nest application...[39m
2026-05-10 16:01:28: [32m[Nest] 23328  - [39m10/05/2026, 4:01:28 pm [32m    LOG[39m [38;5;3m[NestFactory] [39m[32mStarting Nest application...[39m
2026-05-10 16:01:30: [32m[Nest] 25660  - [39m10/05/2026, 4:01:30 pm [32m    LOG[39m [38;5;3m[NestFactory] [39m[32mStarting Nest application...[39m
2026-05-10 16:01:32: [32m[Nest] 33068  - [39m10/05/2026, 4:01:32 pm [32m    LOG[39m [38;5;3m[NestFactory] [39m[32mStarting Nest application...[39m
2026-05-10 16:01:34: [32m[Nest] 18208  - [39m10/05/2026, 4:01:34 pm [32m    LOG[39m [38;5;3m[NestFactory] [39m[32mStarting Nest application...[39m
2026-05-10 16:01:35: [32m[Nest] 5452  - [39m10/05/2026, 4:01:35 pm [32m    LOG[39m [38;5;3m[NestFactory] [39m[32mStarting Nest application...[39m
2026-05-10 16:01:37: [32m[Nest] 6744  - [39m10/05/2026, 4:01:37 pm [32m    LOG[39m [38;5;3m[NestFactory] [39m[32mStarting Nest application...[39m
2026-05-10 16:01:39: [32m[Nest] 3880  - [39m10/05/2026, 4:01:39 pm [32m    LOG[39m [38;5;3m[NestFactory] [39m[32mStarting Nest application...[39m
2026-05-10 16:01:41: [32m[Nest] 29768  - [39m10/05/2026, 4:01:41 pm [32m    LOG[39m [38;5;3m[NestFactory] [39m[32mStarting Nest application...[39m
2026-05-10 16:01:43: [32m[Nest] 29848  - [39m10/05/2026, 4:01:43 pm [32m    LOG[39m [38;5;3m[NestFactory] [39m[32mStarting Nest application...[39m
2026-05-10 16:01:46: [32m[Nest] 15628  - [39m10/05/2026, 4:01:46 pm [32m    LOG[39m [38;5;3m[NestFactory] [39m[32mStarting Nest application...[39m
2026-05-10 16:01:48: [32m[Nest] 32680  - [39m10/05/2026, 4:01:48 pm [32m    LOG[39m [38;5;3m[NestFactory] [39m[32mStarting Nest application...[39m
2026-05-10 16:01:51: [32m[Nest] 30300  - [39m10/05/2026, 4:01:51 pm [32m    LOG[39m [38;5;3m[NestFactory] [39m[32mStarting Nest application...[39m
2026-05-10 16:01:53: [32m[Nest] 23264  - [39m10/05/2026, 4:01:53 pm [32m    LOG[39m [38;5;3m[NestFactory] [39m[32mStarting Nest application...[39m
2026-05-10 16:01:55: [32m[Nest] 17232  - [39m10/05/2026, 4:01:55 pm [32m    LOG[39m [38;5;3m[NestFactory] [39m[32mStarting Nest application...[39m
2026-05-10 16:01:57: [32m[Nest] 28076  - [39m10/05/2026, 4:01:57 pm [32m    LOG[39m [38;5;3m[NestFactory] [39m[32mStarting Nest application...[39m
2026-05-10 16:01:58: [32m[Nest] 19816  - [39m10/05/2026, 4:01:58 pm [32m    LOG[39m [38;5;3m[NestFactory] [39m[32mStarting Nest application...[39m
2026-05-10 16:02:01: [32m[Nest] 16540  - [39m10/05/2026, 4:02:01 pm [32m    LOG[39m [38;5;3m[NestFactory] [39m[32mStarting Nest application...[39m
2026-05-10 16:02:05: [32m[Nest] 21484  - [39m10/05/2026, 4:02:05 pm [32m    LOG[39m [38;5;3m[NestFactory] [39m[32mStarting Nest application...[39m
2026-05-10 16:02:08: [32m[Nest] 31032  - [39m10/05/2026, 4:02:08 pm [32m    LOG[39m [38;5;3m[NestFactory] [39m[32mStarting Nest application...[39m
2026-05-10 16:02:11: [32m[Nest] 12688  - [39m10/05/2026, 4:02:11 pm [32m    LOG[39m [38;5;3m[NestFactory] [39m[32mStarting Nest application...[39m
2026-05-10 16:02:14: [32m[Nest] 33708  - [39m10/05/2026, 4:02:14 pm [32m    LOG[39m [38;5;3m[NestFactory] [39m[32mStarting Nest application...[39m
2026-05-10 16:02:16: [32m[Nest] 25656  - [39m10/05/2026, 4:02:16 pm [32m    LOG[39m [38;5;3m[NestFactory] [39m[32mStarting Nest application...[39m
2026-05-10 16:02:19: [32m[Nest] 27188  - [39m10/05/2026, 4:02:19 pm [32m    LOG[39m [38;5;3m[NestFactory] [39m[32mStarting Nest application...[39m
2026-05-10 16:02:21: [32m[Nest] 27084  - [39m10/05/2026, 4:02:21 pm [32m    LOG[39m [38;5;3m[NestFactory] [39m[32mStarting Nest application...[39m
2026-05-10 16:02:23: [32m[Nest] 31372  - [39m10/05/2026, 4:02:23 pm [32m    LOG[39m [38;5;3m[NestFactory] [39m[32mStarting Nest application...[39m
2026-05-10 16:02:25: [32m[Nest] 33956  - [39m10/05/2026, 4:02:25 pm [32m    LOG[39m [38;5;3m[NestFactory] [39m[32mStarting Nest application...[39m
2026-05-10 16:02:28: [32m[Nest] 31192  - [39m10/05/2026, 4:02:28 pm [32m    LOG[39m [38;5;3m[NestFactory] [39m[32mStarting Nest application...[39m
2026-05-10 16:02:30: [32m[Nest] 31128  - [39m10/05/2026, 4:02:30 pm [32m    LOG[39m [38;5;3m[NestFactory] [39m[32mStarting Nest application...[39m
2026-05-10 16:02:32: [32m[Nest] 21456  - [39m10/05/2026, 4:02:32 pm [32m    LOG[39m [38;5;3m[NestFactory] [39m[32mStarting Nest application...[39m
2026-05-10 16:02:35: [32m[Nest] 33016  - [39m10/05/2026, 4:02:35 pm [32m    LOG[39m [38;5;3m[NestFactory] [39m[32mStarting Nest application...[39m
2026-05-10 16:02:38: [32m[Nest] 26736  - [39m10/05/2026, 4:02:38 pm [32m    LOG[39m [38;5;3m[NestFactory] [39m[32mStarting Nest application...[39m
2026-05-10 16:02:40: [32m[Nest] 7288  - [39m10/05/2026, 4:02:40 pm [32m    LOG[39m [38;5;3m[NestFactory] [39m[32mStarting Nest application...[39m
2026-05-10 16:02:42: [32m[Nest] 1972  - [39m10/05/2026, 4:02:42 pm [32m    LOG[39m [38;5;3m[NestFactory] [39m[32mStarting Nest application...[39m
2026-05-10 16:02:44: [32m[Nest] 31012  - [39m10/05/2026, 4:02:44 pm [32m    LOG[39m [38;5;3m[NestFactory] [39m[32mStarting Nest application...[39m
2026-05-10 16:02:46: [32m[Nest] 24068  - [39m10/05/2026, 4:02:46 pm [32m    LOG[39m [38;5;3m[NestFactory] [39m[32mStarting Nest application...[39m
2026-05-10 16:02:49: [32m[Nest] 31680  - [39m10/05/2026, 4:02:49 pm [32m    LOG[39m [38;5;3m[NestFactory] [39m[32mStarting Nest application...[39m
2026-05-10 16:02:51: [32m[Nest] 18120  - [39m10/05/2026, 4:02:51 pm [32m    LOG[39m [38;5;3m[NestFactory] [39m[32mStarting Nest application...[39m
2026-05-10 16:02:53: [32m[Nest] 26232  - [39m10/05/2026, 4:02:53 pm [32m    LOG[39m [38;5;3m[NestFactory] [39m[32mStarting Nest application...[39m
2026-05-10 16:02:55: [32m[Nest] 3692  - [39m10/05/2026, 4:02:55 pm [32m    LOG[39m [38;5;3m[NestFactory] [39m[32mStarting Nest application...[39m
2026-05-10 16:02:57: [32m[Nest] 30916  - [39m10/05/2026, 4:02:57 pm [32m    LOG[39m [38;5;3m[NestFactory] [39m[32mStarting Nest application...[39m
2026-05-10 16:02:59: [32m[Nest] 2748  - [39m10/05/2026, 4:02:59 pm [32m    LOG[39m [38;5;3m[NestFactory] [39m[32mStarting Nest application...[39m
2026-05-10 16:03:01: [32m[Nest] 24168  - [39m10/05/2026, 4:03:01 pm [32m    LOG[39m [38;5;3m[NestFactory] [39m[32mStarting Nest application...[39m
2026-05-10 16:03:03: [32m[Nest] 11648  - [39m10/05/2026, 4:03:03 pm [32m    LOG[39m [38;5;3m[NestFactory] [39m[32mStarting Nest application...[39m
2026-05-10 16:03:06: [32m[Nest] 19836  - [39m10/05/2026, 4:03:06 pm [32m    LOG[39m [38;5;3m[NestFactory] [39m[32mStarting Nest application...[39m
2026-05-10 16:03:08: [32m[Nest] 30452  - [39m10/05/2026, 4:03:08 pm [32m    LOG[39m [38;5;3m[NestFactory] [39m[32mStarting Nest application...[39m
2026-05-10 16:03:12: [32m[Nest] 24804  - [39m10/05/2026, 4:03:12 pm [32m    LOG[39m [38;5;3m[NestFactory] [39m[32mStarting Nest application...[39m
2026-05-10 16:03:17: [32m[Nest] 27408  - [39m10/05/2026, 4:03:17 pm [32m    LOG[39m [38;5;3m[NestFactory] [39m[32mStarting Nest application...[39m
2026-05-10 16:03:19: [32m[Nest] 23572  - [39m10/05/2026, 4:03:19 pm [32m    LOG[39m [38;5;3m[NestFactory] [39m[32mStarting Nest application...[39m
2026-05-10 16:03:23: [32m[Nest] 21828  - [39m10/05/2026, 4:03:23 pm [32m    LOG[39m [38;5;3m[NestFactory] [39m[32mStarting Nest application...[39m
2026-05-10 16:03:28: [32m[Nest] 34572  - [39m10/05/2026, 4:03:28 pm [32m    LOG[39m [38;5;3m[NestFactory] [39m[32mStarting Nest application...[39m
2026-05-10 16:03:30: [32m[Nest] 30916  - [39m10/05/2026, 4:03:30 pm [32m    LOG[39m [38;5;3m[NestFactory] [39m[32mStarting Nest application...[39m
2026-05-10 16:03:33: [32m[Nest] 30704  - [39m10/05/2026, 4:03:33 pm [32m    LOG[39m [38;5;3m[NestFactory] [39m[32mStarting Nest application...[39m
2026-05-10 16:03:36: [32m[Nest] 24884  - [39m10/05/2026, 4:03:36 pm [32m    LOG[39m [38;5;3m[NestFactory] [39m[32mStarting Nest application...[39m
2026-05-10 16:03:39: [32m[Nest] 8916  - [39m10/05/2026, 4:03:39 pm [32m    LOG[39m [38;5;3m[NestFactory] [39m[32mStarting Nest application...[39m
2026-05-10 16:03:42: [32m[Nest] 20744  - [39m10/05/2026, 4:03:42 pm [32m    LOG[39m [38;5;3m[NestFactory] [39m[32mStarting Nest application...[39m
2026-05-10 16:03:45: [32m[Nest] 25856  - [39m10/05/2026, 4:03:45 pm [32m    LOG[39m [38;5;3m[NestFactory] [39m[32mStarting Nest application...[39m
2026-05-10 16:03:48: [32m[Nest] 31840  - [39m10/05/2026, 4:03:48 pm [32m    LOG[39m [38;5;3m[NestFactory] [39m[32mStarting Nest application...[39m
2026-05-10 16:03:51: [32m[Nest] 31892  - [39m10/05/2026, 4:03:51 pm [32m    LOG[39m [38;5;3m[NestFactory] [39m[32mStarting Nest application...[39m
2026-05-10 16:03:53: [32m[Nest] 22760  - [39m10/05/2026, 4:03:53 pm [32m    LOG[39m [38;5;3m[NestFactory] [39m[32mStarting Nest application...[39m
2026-05-10 16:03:56: [32m[Nest] 16388  - [39m10/05/2026, 4:03:56 pm [32m    LOG[39m [38;5;3m[NestFactory] [39m[32mStarting Nest application...[39m
2026-05-10 16:03:59: [32m[Nest] 20880  - [39m10/05/2026, 4:03:59 pm [32m    LOG[39m [38;5;3m[NestFactory] [39m[32mStarting Nest application...[39m
2026-05-10 16:04:01: [32m[Nest] 33392  - [39m10/05/2026, 4:04:01 pm [32m    LOG[39m [38;5;3m[NestFactory] [39m[32mStarting Nest application...[39m
2026-05-10 16:04:04: [32m[Nest] 10420  - [39m10/05/2026, 4:04:04 pm [32m    LOG[39m [38;5;3m[NestFactory] [39m[32mStarting Nest application...[39m
2026-05-10 16:04:07: [32m[Nest] 29124  - [39m10/05/2026, 4:04:07 pm [32m    LOG[39m [38;5;3m[NestFactory] [39m[32mStarting Nest application...[39m
2026-05-10 16:04:10: [32m[Nest] 4524  - [39m10/05/2026, 4:04:10 pm [32m    LOG[39m [38;5;3m[NestFactory] [39m[32mStarting Nest application...[39m
2026-05-10 16:04:14: [32m[Nest] 18972  - [39m10/05/2026, 4:04:14 pm [32m    LOG[39m [38;5;3m[NestFactory] [39m[32mStarting Nest application...[39m
2026-05-10 16:04:18: [32m[Nest] 11648  - [39m10/05/2026, 4:04:18 pm [32m    LOG[39m [38;5;3m[NestFactory] [39m[32mStarting Nest application...[39m
2026-05-10 16:04:22: [32m[Nest] 28144  - [39m10/05/2026, 4:04:22 pm [32m    LOG[39m [38;5;3m[NestFactory] [39m[32mStarting Nest application...[39m
2026-05-10 16:04:25: [32m[Nest] 3180  - [39m10/05/2026, 4:04:25 pm [32m    LOG[39m [38;5;3m[NestFactory] [39m[32mStarting Nest application...[39m
2026-05-10 16:04:28: [32m[Nest] 27804  - [39m10/05/2026, 4:04:28 pm [32m    LOG[39m [38;5;3m[NestFactory] [39m[32mStarting Nest application...[39m
2026-05-10 16:04:32: [32m[Nest] 33808  - [39m10/05/2026, 4:04:32 pm [32m    LOG[39m [38;5;3m[NestFactory] [39m[32mStarting Nest application...[39m
2026-05-10 16:04:35: [32m[Nest] 4804  - [39m10/05/2026, 4:04:35 pm [32m    LOG[39m [38;5;3m[NestFactory] [39m[32mStarting Nest application...[39m
2026-05-10 16:04:38: [32m[Nest] 23852  - [39m10/05/2026, 4:04:38 pm [32m    LOG[39m [38;5;3m[NestFactory] [39m[32mStarting Nest application...[39m
2026-05-10 16:04:45: [32m[Nest] 28884  - [39m10/05/2026, 4:04:45 pm [32m    LOG[39m [38;5;3m[NestFactory] [39m[32mStarting Nest application...[39m
2026-05-10 16:04:48: [32m[Nest] 32892  - [39m10/05/2026, 4:04:48 pm [32m    LOG[39m [38;5;3m[NestFactory] [39m[32mStarting Nest application...[39m
2026-05-10 16:04:52: [32m[Nest] 4912  - [39m10/05/2026, 4:04:52 pm [32m    LOG[39m [38;5;3m[NestFactory] [39m[32mStarting Nest application...[39m
2026-05-10 16:04:56: [32m[Nest] 28652  - [39m10/05/2026, 4:04:56 pm [32m    LOG[39m [38;5;3m[NestFactory] [39m[32mStarting Nest application...[39m
2026-05-10 16:04:59: [32m[Nest] 27412  - [39m10/05/2026, 4:04:59 pm [32m    LOG[39m [38;5;3m[NestFactory] [39m[32mStarting Nest application...[39m
2026-05-10 16:05:02: [32m[Nest] 2620  - [39m10/05/2026, 4:05:02 pm [32m    LOG[39m [38;5;3m[NestFactory] [39m[32mStarting Nest application...[39m
2026-05-10 16:05:07: [32m[Nest] 9960  - [39m10/05/2026, 4:05:07 pm [32m    LOG[39m [38;5;3m[NestFactory] [39m[32mStarting Nest application...[39m
2026-05-10 16:05:09: [32m[Nest] 26764  - [39m10/05/2026, 4:05:09 pm [32m    LOG[39m [38;5;3m[NestFactory] [39m[32mStarting Nest application...[39m
2026-05-10 16:05:12: [32m[Nest] 27424  - [39m10/05/2026, 4:05:12 pm [32m    LOG[39m [38;5;3m[NestFactory] [39m[32mStarting Nest application...[39m
2026-05-10 16:05:15: [32m[Nest] 28200  - [39m10/05/2026, 4:05:15 pm [32m    LOG[39m [38;5;3m[NestFactory] [39m[32mStarting Nest application...[39m
2026-05-10 16:05:17: [32m[Nest] 31852  - [39m10/05/2026, 4:05:17 pm [32m    LOG[39m [38;5;3m[NestFactory] [39m[32mStarting Nest application...[39m
2026-05-10 16:05:20: [32m[Nest] 32024  - [39m10/05/2026, 4:05:20 pm [32m    LOG[39m [38;5;3m[NestFactory] [39m[32mStarting Nest application...[39m
2026-05-10 16:05:23: [32m[Nest] 34676  - [39m10/05/2026, 4:05:23 pm [32m    LOG[39m [38;5;3m[NestFactory] [39m[32mStarting Nest application...[39m
2026-05-10 16:05:25: [32m[Nest] 26100  - [39m10/05/2026, 4:05:25 pm [32m    LOG[39m [38;5;3m[NestFactory] [39m[32mStarting Nest application...[39m
2026-05-10 16:05:27: [32m[Nest] 12224  - [39m10/05/2026, 4:05:27 pm [32m    LOG[39m [38;5;3m[NestFactory] [39m[32mStarting Nest application...[39m
2026-05-10 16:05:30: [32m[Nest] 28964  - [39m10/05/2026, 4:05:30 pm [32m    LOG[39m [38;5;3m[NestFactory] [39m[32mStarting Nest application...[39m
2026-05-10 16:05:33: [32m[Nest] 14468  - [39m10/05/2026, 4:05:33 pm [32m    LOG[39m [38;5;3m[NestFactory] [39m[32mStarting Nest application...[39m
2026-05-10 16:05:36: [32m[Nest] 24180  - [39m10/05/2026, 4:05:36 pm [32m    LOG[39m [38;5;3m[NestFactory] [39m[32mStarting Nest application...[39m
2026-05-10 16:05:39: [32m[Nest] 33288  - [39m10/05/2026, 4:05:39 pm [32m    LOG[39m [38;5;3m[NestFactory] [39m[32mStarting Nest application...[39m
2026-05-10 16:05:41: [32m[Nest] 29520  - [39m10/05/2026, 4:05:41 pm [32m    LOG[39m [38;5;3m[NestFactory] [39m[32mStarting Nest application...[39m
2026-05-10 16:05:43: [32m[Nest] 10880  - [39m10/05/2026, 4:05:43 pm [32m    LOG[39m [38;5;3m[NestFactory] [39m[32mStarting Nest application...[39m
2026-05-10 16:05:46: [32m[Nest] 25376  - [39m10/05/2026, 4:05:46 pm [32m    LOG[39m [38;5;3m[NestFactory] [39m[32mStarting Nest application...[39m
2026-05-10 16:05:49: [32m[Nest] 27544  - [39m10/05/2026, 4:05:49 pm [32m    LOG[39m [38;5;3m[NestFactory] [39m[32mStarting Nest application...[39m
2026-05-10 16:05:52: [32m[Nest] 18540  - [39m10/05/2026, 4:05:52 pm [32m    LOG[39m [38;5;3m[NestFactory] [39m[32mStarting Nest application...[39m
2026-05-10 16:05:54: [32m[Nest] 23780  - [39m10/05/2026, 4:05:54 pm [32m    LOG[39m [38;5;3m[NestFactory] [39m[32mStarting Nest application...[39m
2026-05-10 16:05:56: [32m[Nest] 34712  - [39m10/05/2026, 4:05:56 pm [32m    LOG[39m [38;5;3m[NestFactory] [39m[32mStarting Nest application...[39m
2026-05-10 16:05:58: [32m[Nest] 32580  - [39m10/05/2026, 4:05:58 pm [32m    LOG[39m [38;5;3m[NestFactory] [39m[32mStarting Nest application...[39m
2026-05-10 16:06:00: [32m[Nest] 25308  - [39m10/05/2026, 4:06:00 pm [32m    LOG[39m [38;5;3m[NestFactory] [39m[32mStarting Nest application...[39m
2026-05-10 16:06:02: [32m[Nest] 32704  - [39m10/05/2026, 4:06:02 pm [32m    LOG[39m [38;5;3m[NestFactory] [39m[32mStarting Nest application...[39m
2026-05-10 16:06:04: [32m[Nest] 30972  - [39m10/05/2026, 4:06:04 pm [32m    LOG[39m [38;5;3m[NestFactory] [39m[32mStarting Nest application...[39m
2026-05-10 16:06:07: [32m[Nest] 26032  - [39m10/05/2026, 4:06:07 pm [32m    LOG[39m [38;5;3m[NestFactory] [39m[32mStarting Nest application...[39m
2026-05-10 16:06:09: [32m[Nest] 25704  - [39m10/05/2026, 4:06:09 pm [32m    LOG[39m [38;5;3m[NestFactory] [39m[32mStarting Nest application...[39m
2026-05-10 16:06:11: [32m[Nest] 29520  - [39m10/05/2026, 4:06:11 pm [32m    LOG[39m [38;5;3m[NestFactory] [39m[32mStarting Nest application...[39m
2026-05-10 16:06:14: [32m[Nest] 10880  - [39m10/05/2026, 4:06:14 pm [32m    LOG[39m [38;5;3m[NestFactory] [39m[32mStarting Nest application...[39m
2026-05-10 16:06:16: [32m[Nest] 28080  - [39m10/05/2026, 4:06:16 pm [32m    LOG[39m [38;5;3m[NestFactory] [39m[32mStarting Nest application...[39m
2026-05-10 16:06:18: [32m[Nest] 18120  - [39m10/05/2026, 4:06:18 pm [32m    LOG[39m [38;5;3m[NestFactory] [39m[32mStarting Nest application...[39m
2026-05-10 16:06:20: [32m[Nest] 31016  - [39m10/05/2026, 4:06:20 pm [32m    LOG[39m [38;5;3m[NestFactory] [39m[32mStarting Nest application...[39m
2026-05-10 16:06:22: [32m[Nest] 12940  - [39m10/05/2026, 4:06:22 pm [32m    LOG[39m [38;5;3m[NestFactory] [39m[32mStarting Nest application...[39m
2026-05-10 16:06:24: [32m[Nest] 23356  - [39m10/05/2026, 4:06:24 pm [32m    LOG[39m [38;5;3m[NestFactory] [39m[32mStarting Nest application...[39m
2026-05-10 16:06:26: [32m[Nest] 29588  - [39m10/05/2026, 4:06:26 pm [32m    LOG[39m [38;5;3m[NestFactory] [39m[32mStarting Nest application...[39m
2026-05-10 16:06:28: [32m[Nest] 11160  - [39m10/05/2026, 4:06:28 pm [32m    LOG[39m [38;5;3m[NestFactory] [39m[32mStarting Nest application...[39m
2026-05-10 16:06:31: [32m[Nest] 26156  - [39m10/05/2026, 4:06:31 pm [32m    LOG[39m [38;5;3m[NestFactory] [39m[32mStarting Nest application...[39m
2026-05-10 16:06:33: [32m[Nest] 25972  - [39m10/05/2026, 4:06:33 pm [32m    LOG[39m [38;5;3m[NestFactory] [39m[32mStarting Nest application...[39m
2026-05-10 16:06:35: [32m[Nest] 34524  - [39m10/05/2026, 4:06:35 pm [32m    LOG[39m [38;5;3m[NestFactory] [39m[32mStarting Nest application...[39m
2026-05-10 16:06:39: [32m[Nest] 2992  - [39m10/05/2026, 4:06:39 pm [32m    LOG[39m [38;5;3m[NestFactory] [39m[32mStarting Nest application...[39m
2026-05-10 16:06:43: [32m[Nest] 26496  - [39m10/05/2026, 4:06:43 pm [32m    LOG[39m [38;5;3m[NestFactory] [39m[32mStarting Nest application...[39m
2026-05-10 16:06:46: [32m[Nest] 19692  - [39m10/05/2026, 4:06:46 pm [32m    LOG[39m [38;5;3m[NestFactory] [39m[32mStarting Nest application...[39m
2026-05-10 16:06:51: [32m[Nest] 25100  - [39m10/05/2026, 4:06:51 pm [32m    LOG[39m [38;5;3m[NestFactory] [39m[32mStarting Nest application...[39m
2026-05-10 16:06:56: [32m[Nest] 34672  - [39m10/05/2026, 4:06:56 pm [32m    LOG[39m [38;5;3m[NestFactory] [39m[32mStarting Nest application...[39m
2026-05-10 16:06:59: [32m[Nest] 31748  - [39m10/05/2026, 4:06:59 pm [32m    LOG[39m [38;5;3m[NestFactory] [39m[32mStarting Nest application...[39m
2026-05-10 16:07:03: [32m[Nest] 7024  - [39m10/05/2026, 4:07:03 pm [32m    LOG[39m [38;5;3m[NestFactory] [39m[32mStarting Nest application...[39m
2026-05-10 16:07:07: [32m[Nest] 33080  - [39m10/05/2026, 4:07:07 pm [32m    LOG[39m [38;5;3m[NestFactory] [39m[32mStarting Nest application...[39m
2026-05-10 16:07:11: [32m[Nest] 4904  - [39m10/05/2026, 4:07:11 pm [32m    LOG[39m [38;5;3m[NestFactory] [39m[32mStarting Nest application...[39m
2026-05-10 16:07:14: [32m[Nest] 2112  - [39m10/05/2026, 4:07:14 pm [32m    LOG[39m [38;5;3m[NestFactory] [39m[32mStarting Nest application...[39m
2026-05-10 16:07:17: [32m[Nest] 12532  - [39m10/05/2026, 4:07:17 pm [32m    LOG[39m [38;5;3m[NestFactory] [39m[32mStarting Nest application...[39m
2026-05-10 16:07:19: [32m[Nest] 33996  - [39m10/05/2026, 4:07:19 pm [32m    LOG[39m [38;5;3m[NestFactory] [39m[32mStarting Nest application...[39m
2026-05-10 16:07:22: [32m[Nest] 25416  - [39m10/05/2026, 4:07:22 pm [32m    LOG[39m [38;5;3m[NestFactory] [39m[32mStarting Nest application...[39m
2026-05-10 16:07:27: [32m[Nest] 28900  - [39m10/05/2026, 4:07:27 pm [32m    LOG[39m [38;5;3m[NestFactory] [39m[32mStarting Nest application...[39m
2026-05-10 16:07:31: [32m[Nest] 33020  - [39m10/05/2026, 4:07:31 pm [32m    LOG[39m [38;5;3m[NestFactory] [39m[32mStarting Nest application...[39m
2026-05-10 16:07:34: [32m[Nest] 28968  - [39m10/05/2026, 4:07:34 pm [32m    LOG[39m [38;5;3m[NestFactory] [39m[32mStarting Nest application...[39m
2026-05-10 16:07:36: [32m[Nest] 9576  - [39m10/05/2026, 4:07:36 pm [32m    LOG[39m [38;5;3m[NestFactory] [39m[32mStarting Nest application...[39m
2026-05-10 16:07:38: [32m[Nest] 10752  - [39m10/05/2026, 4:07:38 pm [32m    LOG[39m [38;5;3m[NestFactory] [39m[32mStarting Nest application...[39m
2026-05-10 16:07:40: [32m[Nest] 29824  - [39m10/05/2026, 4:07:40 pm [32m    LOG[39m [38;5;3m[NestFactory] [39m[32mStarting Nest application...[39m
2026-05-10 16:07:42: [32m[Nest] 32156  - [39m10/05/2026, 4:07:42 pm [32m    LOG[39m [38;5;3m[NestFactory] [39m[32mStarting Nest application...[39m
2026-05-10 16:07:43: [32m[Nest] 27812  - [39m10/05/2026, 4:07:43 pm [32m    LOG[39m [38;5;3m[NestFactory] [39m[32mStarting Nest application...[39m
2026-05-10 16:07:46: [32m[Nest] 26768  - [39m10/05/2026, 4:07:46 pm [32m    LOG[39m [38;5;3m[NestFactory] [39m[32mStarting Nest application...[39m
2026-05-10 16:07:48: [32m[Nest] 22596  - [39m10/05/2026, 4:07:48 pm [32m    LOG[39m [38;5;3m[NestFactory] [39m[32mStarting Nest application...[39m
2026-05-10 16:07:50: [32m[Nest] 2992  - [39m10/05/2026, 4:07:50 pm [32m    LOG[39m [38;5;3m[NestFactory] [39m[32mStarting Nest application...[39m
2026-05-10 16:07:52: [32m[Nest] 13892  - [39m10/05/2026, 4:07:52 pm [32m    LOG[39m [38;5;3m[NestFactory] [39m[32mStarting Nest application...[39m
2026-05-10 16:07:54: [32m[Nest] 29536  - [39m10/05/2026, 4:07:54 pm [32m    LOG[39m [38;5;3m[NestFactory] [39m[32mStarting Nest application...[39m
2026-05-10 16:07:56: [32m[Nest] 31944  - [39m10/05/2026, 4:07:56 pm [32m    LOG[39m [38;5;3m[NestFactory] [39m[32mStarting Nest application...[39m
2026-05-10 16:07:58: [32m[Nest] 31484  - [39m10/05/2026, 4:07:58 pm [32m    LOG[39m [38;5;3m[NestFactory] [39m[32mStarting Nest application...[39m
2026-05-10 16:08:06: [32m[Nest] 29664  - [39m10/05/2026, 4:08:06 pm [32m    LOG[39m [38;5;3m[NestFactory] [39m[32mStarting Nest application...[39m
2026-05-10 16:08:15: [32m[Nest] 27868  - [39m10/05/2026, 4:08:15 pm [32m    LOG[39m [38;5;3m[NestFactory] [39m[32mStarting Nest application...[39m
2026-05-10 16:08:22: [32m[Nest] 26036  - [39m10/05/2026, 4:08:22 pm [32m    LOG[39m [38;5;3m[NestFactory] [39m[32mStarting Nest application...[39m
2026-05-10 16:08:29: [32m[Nest] 32340  - [39m10/05/2026, 4:08:29 pm [32m    LOG[39m [38;5;3m[NestFactory] [39m[32mStarting Nest application...[39m
2026-05-10 16:08:34: [32m[Nest] 32112  - [39m10/05/2026, 4:08:34 pm [32m    LOG[39m [38;5;3m[NestFactory] [39m[32mStarting Nest application...[39m
2026-05-10 16:08:39: [32m[Nest] 22044  - [39m10/05/2026, 4:08:39 pm [32m    LOG[39m [38;5;3m[NestFactory] [39m[32mStarting Nest application...[39m
2026-05-10 16:08:49: [32m[Nest] 3180  - [39m10/05/2026, 4:08:49 pm [32m    LOG[39m [38;5;3m[NestFactory] [39m[32mStarting Nest application...[39m
2026-05-10 16:08:54: [32m[Nest] 25312  - [39m10/05/2026, 4:08:54 pm [32m    LOG[39m [38;5;3m[NestFactory] [39m[32mStarting Nest application...[39m
2026-05-10 16:09:00: [32m[Nest] 25540  - [39m10/05/2026, 4:09:00 pm [32m    LOG[39m [38;5;3m[NestFactory] [39m[32mStarting Nest application...[39m
2026-05-10 16:09:08: [32m[Nest] 28492  - [39m10/05/2026, 4:09:08 pm [32m    LOG[39m [38;5;3m[NestFactory] [39m[32mStarting Nest application...[39m
2026-05-10 16:09:15: [32m[Nest] 23972  - [39m10/05/2026, 4:09:15 pm [32m    LOG[39m [38;5;3m[NestFactory] [39m[32mStarting Nest application...[39m
2026-05-10 16:09:21: [32m[Nest] 25512  - [39m10/05/2026, 4:09:21 pm [32m    LOG[39m [38;5;3m[NestFactory] [39m[32mStarting Nest application...[39m
2026-05-10 16:09:27: [32m[Nest] 11344  - [39m10/05/2026, 4:09:27 pm [32m    LOG[39m [38;5;3m[NestFactory] [39m[32mStarting Nest application...[39m
2026-05-10 16:09:33: [32m[Nest] 14724  - [39m10/05/2026, 4:09:33 pm [32m    LOG[39m [38;5;3m[NestFactory] [39m[32mStarting Nest application...[39m
2026-05-10 16:09:39: [32m[Nest] 29904  - [39m10/05/2026, 4:09:39 pm [32m    LOG[39m [38;5;3m[NestFactory] [39m[32mStarting Nest application...[39m
2026-05-10 16:09:45: [32m[Nest] 19272  - [39m10/05/2026, 4:09:45 pm [32m    LOG[39m [38;5;3m[NestFactory] [39m[32mStarting Nest application...[39m
2026-05-10 16:09:51: [32m[Nest] 19200  - [39m10/05/2026, 4:09:51 pm [32m    LOG[39m [38;5;3m[NestFactory] [39m[32mStarting Nest application...[39m
2026-05-10 16:09:59: [32m[Nest] 10896  - [39m10/05/2026, 4:09:59 pm [32m    LOG[39m [38;5;3m[NestFactory] [39m[32mStarting Nest application...[39m
2026-05-10 16:10:04: [32m[Nest] 24632  - [39m10/05/2026, 4:10:04 pm [32m    LOG[39m [38;5;3m[NestFactory] [39m[32mStarting Nest application...[39m
2026-05-10 16:10:10: [32m[Nest] 16192  - [39m10/05/2026, 4:10:09 pm [32m    LOG[39m [38;5;3m[NestFactory] [39m[32mStarting Nest application...[39m
2026-05-10 16:10:15: [32m[Nest] 29464  - [39m10/05/2026, 4:10:15 pm [32m    LOG[39m [38;5;3m[NestFactory] [39m[32mStarting Nest application...[39m
2026-05-10 16:10:20: [32m[Nest] 19976  - [39m10/05/2026, 4:10:20 pm [32m    LOG[39m [38;5;3m[NestFactory] [39m[32mStarting Nest application...[39m
2026-05-10 16:10:26: [32m[Nest] 5476  - [39m10/05/2026, 4:10:26 pm [32m    LOG[39m [38;5;3m[NestFactory] [39m[32mStarting Nest application...[39m
2026-05-10 16:10:33: [32m[Nest] 17248  - [39m10/05/2026, 4:10:33 pm [32m    LOG[39m [38;5;3m[NestFactory] [39m[32mStarting Nest application...[39m
2026-05-10 16:10:43: [32m[Nest] 20736  - [39m10/05/2026, 4:10:43 pm [32m    LOG[39m [38;5;3m[NestFactory] [39m[32mStarting Nest application...[39m
2026-05-10 16:10:50: [32m[Nest] 13664  - [39m10/05/2026, 4:10:50 pm [32m    LOG[39m [38;5;3m[NestFactory] [39m[32mStarting Nest application...[39m
2026-05-10 16:10:57: [32m[Nest] 28368  - [39m10/05/2026, 4:10:57 pm [32m    LOG[39m [38;5;3m[NestFactory] [39m[32mStarting Nest application...[39m
2026-05-10 16:11:03: [32m[Nest] 29836  - [39m10/05/2026, 4:11:03 pm [32m    LOG[39m [38;5;3m[NestFactory] [39m[32mStarting Nest application...[39m
2026-05-10 16:11:11: [32m[Nest] 6772  - [39m10/05/2026, 4:11:11 pm [32m    LOG[39m [38;5;3m[NestFactory] [39m[32mStarting Nest application...[39m
2026-05-10 16:11:18: [32m[Nest] 29828  - [39m10/05/2026, 4:11:18 pm [32m    LOG[39m [38;5;3m[NestFactory] [39m[32mStarting Nest application...[39m
2026-05-10 16:11:25: [32m[Nest] 32112  - [39m10/05/2026, 4:11:25 pm [32m    LOG[39m [38;5;3m[NestFactory] [39m[32mStarting Nest application...[39m
2026-05-10 16:11:37: [32m[Nest] 29932  - [39m10/05/2026, 4:11:37 pm [32m    LOG[39m [38;5;3m[NestFactory] [39m[32mStarting Nest application...[39m
2026-05-10 16:11:43: [32m[Nest] 17360  - [39m10/05/2026, 4:11:43 pm [32m    LOG[39m [38;5;3m[NestFactory] [39m[32mStarting Nest application...[39m
2026-05-10 16:11:49: [32m[Nest] 17828  - [39m10/05/2026, 4:11:49 pm [32m    LOG[39m [38;5;3m[NestFactory] [39m[32mStarting Nest application...[39m
2026-05-10 16:11:55: [32m[Nest] 14936  - [39m10/05/2026, 4:11:55 pm [32m    LOG[39m [38;5;3m[NestFactory] [39m[32mStarting Nest application...[39m
2026-05-10 16:12:01: [32m[Nest] 11804  - [39m10/05/2026, 4:12:01 pm [32m    LOG[39m [38;5;3m[NestFactory] [39m[32mStarting Nest application...[39m
2026-05-10 16:12:08: [32m[Nest] 5300  - [39m10/05/2026, 4:12:08 pm [32m    LOG[39m [38;5;3m[NestFactory] [39m[32mStarting Nest application...[39m
2026-05-10 16:12:14: [32m[Nest] 16612  - [39m10/05/2026, 4:12:14 pm [32m    LOG[39m [38;5;3m[NestFactory] [39m[32mStarting Nest application...[39m
2026-05-10 16:12:20: [32m[Nest] 27096  - [39m10/05/2026, 4:12:20 pm [32m    LOG[39m [38;5;3m[NestFactory] [39m[32mStarting Nest application...[39m
2026-05-10 16:12:27: [32m[Nest] 24084  - [39m10/05/2026, 4:12:27 pm [32m    LOG[39m [38;5;3m[NestFactory] [39m[32mStarting Nest application...[39m
2026-05-10 16:12:33: [32m[Nest] 34028  - [39m10/05/2026, 4:12:33 pm [32m    LOG[39m [38;5;3m[NestFactory] [39m[32mStarting Nest application...[39m
2026-05-10 16:12:38: [32m[Nest] 24224  - [39m10/05/2026, 4:12:38 pm [32m    LOG[39m [38;5;3m[NestFactory] [39m[32mStarting Nest application...[39m
2026-05-10 16:12:44: [32m[Nest] 29932  - [39m10/05/2026, 4:12:44 pm [32m    LOG[39m [38;5;3m[NestFactory] [39m[32mStarting Nest application...[39m
2026-05-10 16:12:49: [32m[Nest] 31372  - [39m10/05/2026, 4:12:49 pm [32m    LOG[39m [38;5;3m[NestFactory] [39m[32mStarting Nest application...[39m
2026-05-10 16:12:55: [32m[Nest] 17620  - [39m10/05/2026, 4:12:55 pm [32m    LOG[39m [38;5;3m[NestFactory] [39m[32mStarting Nest application...[39m
2026-05-10 16:13:01: [32m[Nest] 18440  - [39m10/05/2026, 4:13:01 pm [32m    LOG[39m [38;5;3m[NestFactory] [39m[32mStarting Nest application...[39m
2026-05-10 16:13:07: [32m[Nest] 23972  - [39m10/05/2026, 4:13:07 pm [32m    LOG[39m [38;5;3m[NestFactory] [39m[32mStarting Nest application...[39m
2026-05-10 16:13:14: [32m[Nest] 10088  - [39m10/05/2026, 4:13:14 pm [32m    LOG[39m [38;5;3m[NestFactory] [39m[32mStarting Nest application...[39m
2026-05-10 16:13:20: [32m[Nest] 11160  - [39m10/05/2026, 4:13:20 pm [32m    LOG[39m [38;5;3m[NestFactory] [39m[32mStarting Nest application...[39m
2026-05-10 16:13:26: [32m[Nest] 28828  - [39m10/05/2026, 4:13:26 pm [32m    LOG[39m [38;5;3m[NestFactory] [39m[32mStarting Nest application...[39m
2026-05-10 16:13:34: [32m[Nest] 12568  - [39m10/05/2026, 4:13:34 pm [32m    LOG[39m [38;5;3m[NestFactory] [39m[32mStarting Nest application...[39m
2026-05-10 16:13:42: [32m[Nest] 4320  - [39m10/05/2026, 4:13:42 pm [32m    LOG[39m [38;5;3m[NestFactory] [39m[32mStarting Nest application...[39m
2026-05-10 16:13:47: [32m[Nest] 7024  - [39m10/05/2026, 4:13:47 pm [32m    LOG[39m [38;5;3m[NestFactory] [39m[32mStarting Nest application...[39m
2026-05-10 16:13:54: [32m[Nest] 24224  - [39m10/05/2026, 4:13:54 pm [32m    LOG[39m [38;5;3m[NestFactory] [39m[32mStarting Nest application...[39m
2026-05-10 16:14:01: [32m[Nest] 16276  - [39m10/05/2026, 4:14:01 pm [32m    LOG[39m [38;5;3m[NestFactory] [39m[32mStarting Nest application...[39m
2026-05-10 16:14:10: [32m[Nest] 34592  - [39m10/05/2026, 4:14:10 pm [32m    LOG[39m [38;5;3m[NestFactory] [39m[32mStarting Nest application...[39m
2026-05-10 16:14:18: [32m[Nest] 14588  - [39m10/05/2026, 4:14:18 pm [32m    LOG[39m [38;5;3m[NestFactory] [39m[32mStarting Nest application...[39m
2026-05-10 16:14:27: [32m[Nest] 33808  - [39m10/05/2026, 4:14:27 pm [32m    LOG[39m [38;5;3m[NestFactory] [39m[32mStarting Nest application...[39m
2026-05-10 16:14:33: [32m[Nest] 32856  - [39m10/05/2026, 4:14:33 pm [32m    LOG[39m [38;5;3m[NestFactory] [39m[32mStarting Nest application...[39m
2026-05-10 16:14:41: [32m[Nest] 13308  - [39m10/05/2026, 4:14:41 pm [32m    LOG[39m [38;5;3m[NestFactory] [39m[32mStarting Nest application...[39m
2026-05-10 16:14:47: [32m[Nest] 27484  - [39m10/05/2026, 4:14:47 pm [32m    LOG[39m [38;5;3m[NestFactory] [39m[32mStarting Nest application...[39m
2026-05-10 16:14:55: [32m[Nest] 6772  - [39m10/05/2026, 4:14:55 pm [32m    LOG[39m [38;5;3m[NestFactory] [39m[32mStarting Nest application...[39m
2026-05-10 16:15:02: [32m[Nest] 13892  - [39m10/05/2026, 4:15:02 pm [32m    LOG[39m [38;5;3m[NestFactory] [39m[32mStarting Nest application...[39m
2026-05-10 16:15:08: [32m[Nest] 32260  - [39m10/05/2026, 4:15:08 pm [32m    LOG[39m [38;5;3m[NestFactory] [39m[32mStarting Nest application...[39m
2026-05-10 16:15:11: [32m[Nest] 23044  - [39m10/05/2026, 4:15:11 pm [32m    LOG[39m [38;5;3m[NestFactory] [39m[32mStarting Nest application...[39m
2026-05-10 16:15:15: [32m[Nest] 3744  - [39m10/05/2026, 4:15:15 pm [32m    LOG[39m [38;5;3m[NestFactory] [39m[32mStarting Nest application...[39m
2026-05-10 16:15:18: [32m[Nest] 26552  - [39m10/05/2026, 4:15:18 pm [32m    LOG[39m [38;5;3m[NestFactory] [39m[32mStarting Nest application...[39m
2026-05-10 16:15:21: [32m[Nest] 30392  - [39m10/05/2026, 4:15:21 pm [32m    LOG[39m [38;5;3m[NestFactory] [39m[32mStarting Nest application...[39m
2026-05-10 16:15:24: [32m[Nest] 7012  - [39m10/05/2026, 4:15:24 pm [32m    LOG[39m [38;5;3m[NestFactory] [39m[32mStarting Nest application...[39m
2026-05-10 16:15:27: [32m[Nest] 31748  - [39m10/05/2026, 4:15:27 pm [32m    LOG[39m [38;5;3m[NestFactory] [39m[32mStarting Nest application...[39m
2026-05-10 16:15:31: [32m[Nest] 28352  - [39m10/05/2026, 4:15:31 pm [32m    LOG[39m [38;5;3m[NestFactory] [39m[32mStarting Nest application...[39m
2026-05-10 16:15:33: [32m[Nest] 24264  - [39m10/05/2026, 4:15:33 pm [32m    LOG[39m [38;5;3m[NestFactory] [39m[32mStarting Nest application...[39m
2026-05-10 16:15:37: [32m[Nest] 22596  - [39m10/05/2026, 4:15:37 pm [32m    LOG[39m [38;5;3m[NestFactory] [39m[32mStarting Nest application...[39m
2026-05-10 16:15:41: [32m[Nest] 18568  - [39m10/05/2026, 4:15:41 pm [32m    LOG[39m [38;5;3m[NestFactory] [39m[32mStarting Nest application...[39m
2026-05-10 16:15:44: [32m[Nest] 31892  - [39m10/05/2026, 4:15:44 pm [32m    LOG[39m [38;5;3m[NestFactory] [39m[32mStarting Nest application...[39m
2026-05-10 16:15:47: [32m[Nest] 16212  - [39m10/05/2026, 4:15:47 pm [32m    LOG[39m [38;5;3m[NestFactory] [39m[32mStarting Nest application...[39m
2026-05-10 16:15:51: [32m[Nest] 13400  - [39m10/05/2026, 4:15:51 pm [32m    LOG[39m [38;5;3m[NestFactory] [39m[32mStarting Nest application...[39m
2026-05-10 16:15:54: [32m[Nest] 16608  - [39m10/05/2026, 4:15:54 pm [32m    LOG[39m [38;5;3m[NestFactory] [39m[32mStarting Nest application...[39m
2026-05-10 16:15:57: [32m[Nest] 19576  - [39m10/05/2026, 4:15:57 pm [32m    LOG[39m [38;5;3m[NestFactory] [39m[32mStarting Nest application...[39m
2026-05-10 16:16:00: [32m[Nest] 33232  - [39m10/05/2026, 4:16:00 pm [32m    LOG[39m [38;5;3m[NestFactory] [39m[32mStarting Nest application...[39m
2026-05-10 16:16:03: [32m[Nest] 23420  - [39m10/05/2026, 4:16:03 pm [32m    LOG[39m [38;5;3m[NestFactory] [39m[32mStarting Nest application...[39m
2026-05-10 16:16:06: [32m[Nest] 28080  - [39m10/05/2026, 4:16:06 pm [32m    LOG[39m [38;5;3m[NestFactory] [39m[32mStarting Nest application...[39m
2026-05-10 16:16:10: [32m[Nest] 26244  - [39m10/05/2026, 4:16:10 pm [32m    LOG[39m [38;5;3m[NestFactory] [39m[32mStarting Nest application...[39m
2026-05-10 16:16:13: [32m[Nest] 27592  - [39m10/05/2026, 4:16:13 pm [32m    LOG[39m [38;5;3m[NestFactory] [39m[32mStarting Nest application...[39m
2026-05-10 16:16:18: [32m[Nest] 33884  - [39m10/05/2026, 4:16:18 pm [32m    LOG[39m [38;5;3m[NestFactory] [39m[32mStarting Nest application...[39m
2026-05-10 16:16:22: [32m[Nest] 31936  - [39m10/05/2026, 4:16:22 pm [32m    LOG[39m [38;5;3m[NestFactory] [39m[32mStarting Nest application...[39m
2026-05-10 16:16:25: [32m[Nest] 34588  - [39m10/05/2026, 4:16:25 pm [32m    LOG[39m [38;5;3m[NestFactory] [39m[32mStarting Nest application...[39m
2026-05-10 16:16:30: [32m[Nest] 25568  - [39m10/05/2026, 4:16:30 pm [32m    LOG[39m [38;5;3m[NestFactory] [39m[32mStarting Nest application...[39m
2026-05-10 16:16:33: [32m[Nest] 21296  - [39m10/05/2026, 4:16:33 pm [32m    LOG[39m [38;5;3m[NestFactory] [39m[32mStarting Nest application...[39m
2026-05-10 16:16:38: [32m[Nest] 20124  - [39m10/05/2026, 4:16:38 pm [32m    LOG[39m [38;5;3m[NestFactory] [39m[32mStarting Nest application...[39m
2026-05-10 16:16:45: [32m[Nest] 25968  - [39m10/05/2026, 4:16:45 pm [32m    LOG[39m [38;5;3m[NestFactory] [39m[32mStarting Nest application...[39m
2026-05-10 16:16:52: [32m[Nest] 24700  - [39m10/05/2026, 4:16:52 pm [32m    LOG[39m [38;5;3m[NestFactory] [39m[32mStarting Nest application...[39m
2026-05-10 16:17:01: [32m[Nest] 19400  - [39m10/05/2026, 4:17:01 pm [32m    LOG[39m [38;5;3m[NestFactory] [39m[32mStarting Nest application...[39m
2026-05-10 16:17:08: [32m[Nest] 29408  - [39m10/05/2026, 4:17:08 pm [32m    LOG[39m [38;5;3m[NestFactory] [39m[32mStarting Nest application...[39m
2026-05-10 16:17:15: [32m[Nest] 31200  - [39m10/05/2026, 4:17:15 pm [32m    LOG[39m [38;5;3m[NestFactory] [39m[32mStarting Nest application...[39m
2026-05-10 16:17:22: [32m[Nest] 21968  - [39m10/05/2026, 4:17:22 pm [32m    LOG[39m [38;5;3m[NestFactory] [39m[32mStarting Nest application...[39m
2026-05-10 16:17:28: [32m[Nest] 6948  - [39m10/05/2026, 4:17:28 pm [32m    LOG[39m [38;5;3m[NestFactory] [39m[32mStarting Nest application...[39m
2026-05-10 16:17:34: [32m[Nest] 12900  - [39m10/05/2026, 4:17:34 pm [32m    LOG[39m [38;5;3m[NestFactory] [39m[32mStarting Nest application...[39m
2026-05-10 16:17:41: [32m[Nest] 12124  - [39m10/05/2026, 4:17:41 pm [32m    LOG[39m [38;5;3m[NestFactory] [39m[32mStarting Nest application...[39m
2026-05-10 16:17:46: [32m[Nest] 28128  - [39m10/05/2026, 4:17:46 pm [32m    LOG[39m [38;5;3m[NestFactory] [39m[32mStarting Nest application...[39m
2026-05-10 16:17:54: [32m[Nest] 31320  - [39m10/05/2026, 4:17:54 pm [32m    LOG[39m [38;5;3m[NestFactory] [39m[32mStarting Nest application...[39m
2026-05-10 16:18:00: [32m[Nest] 20124  - [39m10/05/2026, 4:18:00 pm [32m    LOG[39m [38;5;3m[NestFactory] [39m[32mStarting Nest application...[39m
2026-05-10 16:18:06: [32m[Nest] 10468  - [39m10/05/2026, 4:18:06 pm [32m    LOG[39m [38;5;3m[NestFactory] [39m[32mStarting Nest application...[39m
2026-05-10 16:18:12: [32m[Nest] 28324  - [39m10/05/2026, 4:18:12 pm [32m    LOG[39m [38;5;3m[NestFactory] [39m[32mStarting Nest application...[39m
2026-05-10 16:18:23: [32m[Nest] 21828  - [39m10/05/2026, 4:18:23 pm [32m    LOG[39m [38;5;3m[NestFactory] [39m[32mStarting Nest application...[39m
2026-05-10 16:18:31: [32m[Nest] 19860  - [39m10/05/2026, 4:18:31 pm [32m    LOG[39m [38;5;3m[NestFactory] [39m[32mStarting Nest application...[39m
2026-05-10 16:18:38: [32m[Nest] 10060  - [39m10/05/2026, 4:18:38 pm [32m    LOG[39m [38;5;3m[NestFactory] [39m[32mStarting Nest application...[39m
2026-05-10 16:18:49: [32m[Nest] 30872  - [39m10/05/2026, 4:18:49 pm [32m    LOG[39m [38;5;3m[NestFactory] [39m[32mStarting Nest application...[39m
2026-05-10 16:18:57: [32m[Nest] 25472  - [39m10/05/2026, 4:18:57 pm [32m    LOG[39m [38;5;3m[NestFactory] [39m[32mStarting Nest application...[39m
2026-05-10 16:19:07: [32m[Nest] 13348  - [39m10/05/2026, 4:19:07 pm [32m    LOG[39m [38;5;3m[NestFactory] [39m[32mStarting Nest application...[39m
2026-05-10 16:19:19: [32m[Nest] 23972  - [39m10/05/2026, 4:19:19 pm [32m    LOG[39m [38;5;3m[NestFactory] [39m[32mStarting Nest application...[39m
2026-05-10 16:19:27: [32m[Nest] 29084  - [39m10/05/2026, 4:19:27 pm [32m    LOG[39m [38;5;3m[NestFactory] [39m[32mStarting Nest application...[39m
2026-05-10 16:19:40: [32m[Nest] 31984  - [39m10/05/2026, 4:19:40 pm [32m    LOG[39m [38;5;3m[NestFactory] [39m[32mStarting Nest application...[39m
2026-05-10 16:19:48: [32m[Nest] 24240  - [39m10/05/2026, 4:19:48 pm [32m    LOG[39m [38;5;3m[NestFactory] [39m[32mStarting Nest application...[39m
2026-05-10 16:19:55: [32m[Nest] 28132  - [39m10/05/2026, 4:19:55 pm [32m    LOG[39m [38;5;3m[NestFactory] [39m[32mStarting Nest application...[39m
2026-05-10 16:20:03: [32m[Nest] 26768  - [39m10/05/2026, 4:20:02 pm [32m    LOG[39m [38;5;3m[NestFactory] [39m[32mStarting Nest application...[39m
2026-05-10 16:20:11: [32m[Nest] 32792  - [39m10/05/2026, 4:20:11 pm [32m    LOG[39m [38;5;3m[NestFactory] [39m[32mStarting Nest application...[39m
2026-05-10 16:20:17: [32m[Nest] 11160  - [39m10/05/2026, 4:20:17 pm [32m    LOG[39m [38;5;3m[NestFactory] [39m[32mStarting Nest application...[39m
2026-05-10 16:20:23: [32m[Nest] 21644  - [39m10/05/2026, 4:20:23 pm [32m    LOG[39m [38;5;3m[NestFactory] [39m[32mStarting Nest application...[39m
2026-05-10 16:20:29: [32m[Nest] 34496  - [39m10/05/2026, 4:20:29 pm [32m    LOG[39m [38;5;3m[NestFactory] [39m[32mStarting Nest application...[39m
2026-05-10 16:20:39: [32m[Nest] 30168  - [39m10/05/2026, 4:20:39 pm [32m    LOG[39m [38;5;3m[NestFactory] [39m[32mStarting Nest application...[39m
2026-05-10 16:20:47: [32m[Nest] 9816  - [39m10/05/2026, 4:20:47 pm [32m    LOG[39m [38;5;3m[NestFactory] [39m[32mStarting Nest application...[39m
2026-05-10 16:20:55: [32m[Nest] 32016  - [39m10/05/2026, 4:20:55 pm [32m    LOG[39m [38;5;3m[NestFactory] [39m[32mStarting Nest application...[39m
2026-05-10 16:21:01: [32m[Nest] 20384  - [39m10/05/2026, 4:21:01 pm [32m    LOG[39m [38;5;3m[NestFactory] [39m[32mStarting Nest application...[39m
2026-05-10 16:21:07: [32m[Nest] 18452  - [39m10/05/2026, 4:21:07 pm [32m    LOG[39m [38;5;3m[NestFactory] [39m[32mStarting Nest application...[39m
2026-05-10 16:21:13: [32m[Nest] 30500  - [39m10/05/2026, 4:21:13 pm [32m    LOG[39m [38;5;3m[NestFactory] [39m[32mStarting Nest application...[39m
2026-05-10 16:21:19: [32m[Nest] 28940  - [39m10/05/2026, 4:21:19 pm [32m    LOG[39m [38;5;3m[NestFactory] [39m[32mStarting Nest application...[39m
2026-05-10 16:21:25: [32m[Nest] 33836  - [39m10/05/2026, 4:21:25 pm [32m    LOG[39m [38;5;3m[NestFactory] [39m[32mStarting Nest application...[39m
2026-05-10 16:21:30: [32m[Nest] 29100  - [39m10/05/2026, 4:21:30 pm [32m    LOG[39m [38;5;3m[NestFactory] [39m[32mStarting Nest application...[39m
2026-05-10 16:21:36: [32m[Nest] 6892  - [39m10/05/2026, 4:21:36 pm [32m    LOG[39m [38;5;3m[NestFactory] [39m[32mStarting Nest application...[39m
2026-05-10 16:21:42: [32m[Nest] 20568  - [39m10/05/2026, 4:21:42 pm [32m    LOG[39m [38;5;3m[NestFactory] [39m[32mStarting Nest application...[39m
2026-05-10 16:21:51: [32m[Nest] 5300  - [39m10/05/2026, 4:21:51 pm [32m    LOG[39m [38;5;3m[NestFactory] [39m[32mStarting Nest application...[39m
2026-05-10 16:21:57: [32m[Nest] 12980  - [39m10/05/2026, 4:21:57 pm [32m    LOG[39m [38;5;3m[NestFactory] [39m[32mStarting Nest application...[39m
2026-05-10 16:22:02: [32m[Nest] 28368  - [39m10/05/2026, 4:22:02 pm [32m    LOG[39m [38;5;3m[NestFactory] [39m[32mStarting Nest application...[39m
2026-05-10 16:22:08: [32m[Nest] 29812  - [39m10/05/2026, 4:22:08 pm [32m    LOG[39m [38;5;3m[NestFactory] [39m[32mStarting Nest application...[39m
2026-05-10 16:22:15: [32m[Nest] 31032  - [39m10/05/2026, 4:22:15 pm [32m    LOG[39m [38;5;3m[NestFactory] [39m[32mStarting Nest application...[39m
2026-05-10 16:22:21: [32m[Nest] 25736  - [39m10/05/2026, 4:22:21 pm [32m    LOG[39m [38;5;3m[NestFactory] [39m[32mStarting Nest application...[39m
2026-05-10 16:22:27: [32m[Nest] 21580  - [39m10/05/2026, 4:22:27 pm [32m    LOG[39m [38;5;3m[NestFactory] [39m[32mStarting Nest application...[39m
2026-05-10 16:22:32: [32m[Nest] 3312  - [39m10/05/2026, 4:22:32 pm [32m    LOG[39m [38;5;3m[NestFactory] [39m[32mStarting Nest application...[39m
2026-05-10 16:22:38: [32m[Nest] 21924  - [39m10/05/2026, 4:22:38 pm [32m    LOG[39m [38;5;3m[NestFactory] [39m[32mStarting Nest application...[39m
2026-05-10 16:22:46: [32m[Nest] 1616  - [39m10/05/2026, 4:22:46 pm [32m    LOG[39m [38;5;3m[NestFactory] [39m[32mStarting Nest application...[39m
2026-05-10 16:22:55: [32m[Nest] 7700  - [39m10/05/2026, 4:22:55 pm [32m    LOG[39m [38;5;3m[NestFactory] [39m[32mStarting Nest application...[39m
2026-05-10 16:23:01: [32m[Nest] 25816  - [39m10/05/2026, 4:23:01 pm [32m    LOG[39m [38;5;3m[NestFactory] [39m[32mStarting Nest application...[39m
2026-05-10 16:23:06: [32m[Nest] 28860  - [39m10/05/2026, 4:23:06 pm [32m    LOG[39m [38;5;3m[NestFactory] [39m[32mStarting Nest application...[39m
2026-05-10 16:23:12: [32m[Nest] 4992  - [39m10/05/2026, 4:23:12 pm [32m    LOG[39m [38;5;3m[NestFactory] [39m[32mStarting Nest application...[39m
2026-05-10 16:23:18: [32m[Nest] 25412  - [39m10/05/2026, 4:23:18 pm [32m    LOG[39m [38;5;3m[NestFactory] [39m[32mStarting Nest application...[39m
2026-05-10 16:23:25: [32m[Nest] 30116  - [39m10/05/2026, 4:23:25 pm [32m    LOG[39m [38;5;3m[NestFactory] [39m[32mStarting Nest application...[39m
2026-05-10 16:23:31: [32m[Nest] 16608  - [39m10/05/2026, 4:23:31 pm [32m    LOG[39m [38;5;3m[NestFactory] [39m[32mStarting Nest application...[39m
2026-05-10 16:23:37: [32m[Nest] 29184  - [39m10/05/2026, 4:23:37 pm [32m    LOG[39m [38;5;3m[NestFactory] [39m[32mStarting Nest application...[39m
2026-05-10 16:23:47: [32m[Nest] 20608  - [39m10/05/2026, 4:23:47 pm [32m    LOG[39m [38;5;3m[NestFactory] [39m[32mStarting Nest application...[39m
2026-05-10 16:23:53: [32m[Nest] 11856  - [39m10/05/2026, 4:23:53 pm [32m    LOG[39m [38;5;3m[NestFactory] [39m[32mStarting Nest application...[39m
2026-05-10 16:23:59: [32m[Nest] 34676  - [39m10/05/2026, 4:23:59 pm [32m    LOG[39m [38;5;3m[NestFactory] [39m[32mStarting Nest application...[39m
2026-05-10 16:24:04: [32m[Nest] 17720  - [39m10/05/2026, 4:24:04 pm [32m    LOG[39m [38;5;3m[NestFactory] [39m[32mStarting Nest application...[39m
2026-05-10 16:24:10: [32m[Nest] 18552  - [39m10/05/2026, 4:24:10 pm [32m    LOG[39m [38;5;3m[NestFactory] [39m[32mStarting Nest application...[39m
2026-05-10 16:24:16: [32m[Nest] 4436  - [39m10/05/2026, 4:24:16 pm [32m    LOG[39m [38;5;3m[NestFactory] [39m[32mStarting Nest application...[39m
2026-05-10 16:24:22: [32m[Nest] 33076  - [39m10/05/2026, 4:24:22 pm [32m    LOG[39m [38;5;3m[NestFactory] [39m[32mStarting Nest application...[39m
2026-05-10 16:24:27: [32m[Nest] 32228  - [39m10/05/2026, 4:24:27 pm [32m    LOG[39m [38;5;3m[NestFactory] [39m[32mStarting Nest application...[39m
2026-05-10 16:24:33: [32m[Nest] 23528  - [39m10/05/2026, 4:24:33 pm [32m    LOG[39m [38;5;3m[NestFactory] [39m[32mStarting Nest application...[39m
2026-05-10 16:24:41: [32m[Nest] 22608  - [39m10/05/2026, 4:24:41 pm [32m    LOG[39m [38;5;3m[NestFactory] [39m[32mStarting Nest application...[39m
2026-05-10 16:24:47: [32m[Nest] 32936  - [39m10/05/2026, 4:24:47 pm [32m    LOG[39m [38;5;3m[NestFactory] [39m[32mStarting Nest application...[39m
2026-05-10 16:24:53: [32m[Nest] 33456  - [39m10/05/2026, 4:24:53 pm [32m    LOG[39m [38;5;3m[NestFactory] [39m[32mStarting Nest application...[39m
2026-05-10 16:24:59: [32m[Nest] 11048  - [39m10/05/2026, 4:24:59 pm [32m    LOG[39m [38;5;3m[NestFactory] [39m[32mStarting Nest application...[39m
2026-05-10 16:25:10: [32m[Nest] 22840  - [39m10/05/2026, 4:25:10 pm [32m    LOG[39m [38;5;3m[NestFactory] [39m[32mStarting Nest application...[39m
2026-05-10 16:25:16: [32m[Nest] 30392  - [39m10/05/2026, 4:25:16 pm [32m    LOG[39m [38;5;3m[NestFactory] [39m[32mStarting Nest application...[39m
2026-05-10 16:25:24: [32m[Nest] 21340  - [39m10/05/2026, 4:25:24 pm [32m    LOG[39m [38;5;3m[NestFactory] [39m[32mStarting Nest application...[39m
2026-05-10 16:25:29: [32m[Nest] 31412  - [39m10/05/2026, 4:25:29 pm [32m    LOG[39m [38;5;3m[NestFactory] [39m[32mStarting Nest application...[39m
2026-05-10 16:25:35: [32m[Nest] 20668  - [39m10/05/2026, 4:25:35 pm [32m    LOG[39m [38;5;3m[NestFactory] [39m[32mStarting Nest application...[39m
2026-05-10 16:25:39: [32m[Nest] 23440  - [39m10/05/2026, 4:25:39 pm [32m    LOG[39m [38;5;3m[NestFactory] [39m[32mStarting Nest application...[39m
2026-05-10 16:25:43: [32m[Nest] 15272  - [39m10/05/2026, 4:25:43 pm [32m    LOG[39m [38;5;3m[NestFactory] [39m[32mStarting Nest application...[39m
2026-05-10 16:25:48: [32m[Nest] 21172  - [39m10/05/2026, 4:25:48 pm [32m    LOG[39m [38;5;3m[NestFactory] [39m[32mStarting Nest application...[39m
2026-05-10 16:25:52: [32m[Nest] 15616  - [39m10/05/2026, 4:25:52 pm [32m    LOG[39m [38;5;3m[NestFactory] [39m[32mStarting Nest application...[39m
2026-05-10 16:25:55: [32m[Nest] 31840  - [39m10/05/2026, 4:25:55 pm [32m    LOG[39m [38;5;3m[NestFactory] [39m[32mStarting Nest application...[39m
2026-05-10 16:25:59: [32m[Nest] 22344  - [39m10/05/2026, 4:25:59 pm [32m    LOG[39m [38;5;3m[NestFactory] [39m[32mStarting Nest application...[39m
2026-05-10 16:26:03: [32m[Nest] 28324  - [39m10/05/2026, 4:26:03 pm [32m    LOG[39m [38;5;3m[NestFactory] [39m[32mStarting Nest application...[39m
2026-05-10 16:26:06: [32m[Nest] 8704  - [39m10/05/2026, 4:26:06 pm [32m    LOG[39m [38;5;3m[NestFactory] [39m[32mStarting Nest application...[39m
2026-05-10 16:26:10: [32m[Nest] 34376  - [39m10/05/2026, 4:26:10 pm [32m    LOG[39m [38;5;3m[NestFactory] [39m[32mStarting Nest application...[39m
2026-05-10 16:26:13: [32m[Nest] 27504  - [39m10/05/2026, 4:26:13 pm [32m    LOG[39m [38;5;3m[NestFactory] [39m[32mStarting Nest application...[39m
2026-05-10 16:26:17: [32m[Nest] 22840  - [39m10/05/2026, 4:26:17 pm [32m    LOG[39m [38;5;3m[NestFactory] [39m[32mStarting Nest application...[39m
2026-05-10 16:26:20: [32m[Nest] 31876  - [39m10/05/2026, 4:26:20 pm [32m    LOG[39m [38;5;3m[NestFactory] [39m[32mStarting Nest application...[39m
2026-05-10 16:26:23: [32m[Nest] 21832  - [39m10/05/2026, 4:26:23 pm [32m    LOG[39m [38;5;3m[NestFactory] [39m[32mStarting Nest application...[39m
2026-05-10 16:26:26: [32m[Nest] 29100  - [39m10/05/2026, 4:26:26 pm [32m    LOG[39m [38;5;3m[NestFactory] [39m[32mStarting Nest application...[39m
2026-05-10 16:26:30: [32m[Nest] 33840  - [39m10/05/2026, 4:26:30 pm [32m    LOG[39m [38;5;3m[NestFactory] [39m[32mStarting Nest application...[39m
2026-05-10 16:26:33: [32m[Nest] 21276  - [39m10/05/2026, 4:26:33 pm [32m    LOG[39m [38;5;3m[NestFactory] [39m[32mStarting Nest application...[39m
2026-05-10 16:26:36: [32m[Nest] 3660  - [39m10/05/2026, 4:26:36 pm [32m    LOG[39m [38;5;3m[NestFactory] [39m[32mStarting Nest application...[39m
2026-05-10 16:26:39: [32m[Nest] 10880  - [39m10/05/2026, 4:26:39 pm [32m    LOG[39m [38;5;3m[NestFactory] [39m[32mStarting Nest application...[39m
2026-05-10 16:26:44: [32m[Nest] 33808  - [39m10/05/2026, 4:26:44 pm [32m    LOG[39m [38;5;3m[NestFactory] [39m[32mStarting Nest application...[39m
2026-05-10 16:26:50: [32m[Nest] 9776  - [39m10/05/2026, 4:26:50 pm [32m    LOG[39m [38;5;3m[NestFactory] [39m[32mStarting Nest application...[39m
2026-05-10 16:26:55: [32m[Nest] 9960  - [39m10/05/2026, 4:26:55 pm [32m    LOG[39m [38;5;3m[NestFactory] [39m[32mStarting Nest application...[39m
2026-05-10 16:26:58: [32m[Nest] 33976  - [39m10/05/2026, 4:26:58 pm [32m    LOG[39m [38;5;3m[NestFactory] [39m[32mStarting Nest application...[39m
2026-05-10 16:27:02: [32m[Nest] 33660  - [39m10/05/2026, 4:27:02 pm [32m    LOG[39m [38;5;3m[NestFactory] [39m[32mStarting Nest application...[39m
2026-05-10 16:27:06: [32m[Nest] 12632  - [39m10/05/2026, 4:27:06 pm [32m    LOG[39m [38;5;3m[NestFactory] [39m[32mStarting Nest application...[39m
2026-05-10 16:27:09: [32m[Nest] 26620  - [39m10/05/2026, 4:27:09 pm [32m    LOG[39m [38;5;3m[NestFactory] [39m[32mStarting Nest application...[39m
2026-05-10 16:27:12: [32m[Nest] 26748  - [39m10/05/2026, 4:27:12 pm [32m    LOG[39m [38;5;3m[NestFactory] [39m[32mStarting Nest application...[39m
2026-05-10 16:27:15: [32m[Nest] 23824  - [39m10/05/2026, 4:27:15 pm [32m    LOG[39m [38;5;3m[NestFactory] [39m[32mStarting Nest application...[39m
2026-05-10 16:27:18: [32m[Nest] 11640  - [39m10/05/2026, 4:27:18 pm [32m    LOG[39m [38;5;3m[NestFactory] [39m[32mStarting Nest application...[39m
2026-05-10 16:27:21: [32m[Nest] 1460  - [39m10/05/2026, 4:27:21 pm [32m    LOG[39m [38;5;3m[NestFactory] [39m[32mStarting Nest application...[39m
2026-05-10 16:27:24: [32m[Nest] 12640  - [39m10/05/2026, 4:27:24 pm [32m    LOG[39m [38;5;3m[NestFactory] [39m[32mStarting Nest application...[39m
2026-05-10 16:27:27: [32m[Nest] 24016  - [39m10/05/2026, 4:27:27 pm [32m    LOG[39m [38;5;3m[NestFactory] [39m[32mStarting Nest application...[39m
2026-05-10 16:27:30: [32m[Nest] 24084  - [39m10/05/2026, 4:27:30 pm [32m    LOG[39m [38;5;3m[NestFactory] [39m[32mStarting Nest application...[39m
2026-05-10 16:27:33: [32m[Nest] 31088  - [39m10/05/2026, 4:27:33 pm [32m    LOG[39m [38;5;3m[NestFactory] [39m[32mStarting Nest application...[39m
2026-05-10 16:27:36: [32m[Nest] 6344  - [39m10/05/2026, 4:27:36 pm [32m    LOG[39m [38;5;3m[NestFactory] [39m[32mStarting Nest application...[39m
2026-05-10 16:27:39: [32m[Nest] 16176  - [39m10/05/2026, 4:27:39 pm [32m    LOG[39m [38;5;3m[NestFactory] [39m[32mStarting Nest application...[39m
2026-05-10 16:27:42: [32m[Nest] 30336  - [39m10/05/2026, 4:27:42 pm [32m    LOG[39m [38;5;3m[NestFactory] [39m[32mStarting Nest application...[39m
2026-05-10 16:27:45: [32m[Nest] 31956  - [39m10/05/2026, 4:27:45 pm [32m    LOG[39m [38;5;3m[NestFactory] [39m[32mStarting Nest application...[39m
2026-05-10 16:27:48: [32m[Nest] 22368  - [39m10/05/2026, 4:27:48 pm [32m    LOG[39m [38;5;3m[NestFactory] [39m[32mStarting Nest application...[39m
2026-05-10 16:27:51: [32m[Nest] 23944  - [39m10/05/2026, 4:27:51 pm [32m    LOG[39m [38;5;3m[NestFactory] [39m[32mStarting Nest application...[39m
2026-05-10 16:27:54: [32m[Nest] 32712  - [39m10/05/2026, 4:27:54 pm [32m    LOG[39m [38;5;3m[NestFactory] [39m[32mStarting Nest application...[39m
2026-05-10 16:27:57: [32m[Nest] 22760  - [39m10/05/2026, 4:27:57 pm [32m    LOG[39m [38;5;3m[NestFactory] [39m[32mStarting Nest application...[39m
2026-05-10 16:28:00: [32m[Nest] 16052  - [39m10/05/2026, 4:28:00 pm [32m    LOG[39m [38;5;3m[NestFactory] [39m[32mStarting Nest application...[39m
2026-05-10 16:28:02: [32m[Nest] 31244  - [39m10/05/2026, 4:28:02 pm [32m    LOG[39m [38;5;3m[NestFactory] [39m[32mStarting Nest application...[39m
2026-05-10 16:28:05: [32m[Nest] 30244  - [39m10/05/2026, 4:28:05 pm [32m    LOG[39m [38;5;3m[NestFactory] [39m[32mStarting Nest application...[39m
2026-05-10 16:28:08: [32m[Nest] 20988  - [39m10/05/2026, 4:28:08 pm [32m    LOG[39m [38;5;3m[NestFactory] [39m[32mStarting Nest application...[39m
2026-05-10 16:28:11: [32m[Nest] 19436  - [39m10/05/2026, 4:28:11 pm [32m    LOG[39m [38;5;3m[NestFactory] [39m[32mStarting Nest application...[39m
2026-05-10 16:28:14: [32m[Nest] 33768  - [39m10/05/2026, 4:28:14 pm [32m    LOG[39m [38;5;3m[NestFactory] [39m[32mStarting Nest application...[39m
2026-05-10 16:28:18: [32m[Nest] 21748  - [39m10/05/2026, 4:28:18 pm [32m    LOG[39m [38;5;3m[NestFactory] [39m[32mStarting Nest application...[39m
2026-05-10 16:28:21: [32m[Nest] 6332  - [39m10/05/2026, 4:28:21 pm [32m    LOG[39m [38;5;3m[NestFactory] [39m[32mStarting Nest application...[39m
2026-05-10 16:28:24: [32m[Nest] 12868  - [39m10/05/2026, 4:28:24 pm [32m    LOG[39m [38;5;3m[NestFactory] [39m[32mStarting Nest application...[39m
2026-05-10 16:28:27: [32m[Nest] 29116  - [39m10/05/2026, 4:28:27 pm [32m    LOG[39m [38;5;3m[NestFactory] [39m[32mStarting Nest application...[39m
2026-05-10 16:28:30: [32m[Nest] 31352  - [39m10/05/2026, 4:28:30 pm [32m    LOG[39m [38;5;3m[NestFactory] [39m[32mStarting Nest application...[39m
2026-05-10 16:28:34: [32m[Nest] 31024  - [39m10/05/2026, 4:28:34 pm [32m    LOG[39m [38;5;3m[NestFactory] [39m[32mStarting Nest application...[39m
2026-05-10 16:28:37: [32m[Nest] 13068  - [39m10/05/2026, 4:28:37 pm [32m    LOG[39m [38;5;3m[NestFactory] [39m[32mStarting Nest application...[39m
2026-05-10 16:28:40: [32m[Nest] 27188  - [39m10/05/2026, 4:28:40 pm [32m    LOG[39m [38;5;3m[NestFactory] [39m[32mStarting Nest application...[39m
2026-05-10 16:28:44: [32m[Nest] 30016  - [39m10/05/2026, 4:28:44 pm [32m    LOG[39m [38;5;3m[NestFactory] [39m[32mStarting Nest application...[39m
2026-05-10 16:28:47: [32m[Nest] 19836  - [39m10/05/2026, 4:28:47 pm [32m    LOG[39m [38;5;3m[NestFactory] [39m[32mStarting Nest application...[39m
2026-05-10 16:28:50: [32m[Nest] 32436  - [39m10/05/2026, 4:28:50 pm [32m    LOG[39m [38;5;3m[NestFactory] [39m[32mStarting Nest application...[39m
2026-05-10 16:28:54: [32m[Nest] 11056  - [39m10/05/2026, 4:28:54 pm [32m    LOG[39m [38;5;3m[NestFactory] [39m[32mStarting Nest application...[39m
2026-05-10 16:28:58: [32m[Nest] 12532  - [39m10/05/2026, 4:28:58 pm [32m    LOG[39m [38;5;3m[NestFactory] [39m[32mStarting Nest application...[39m
2026-05-10 16:29:02: [32m[Nest] 16672  - [39m10/05/2026, 4:29:02 pm [32m    LOG[39m [38;5;3m[NestFactory] [39m[32mStarting Nest application...[39m
2026-05-10 16:29:06: [32m[Nest] 6636  - [39m10/05/2026, 4:29:06 pm [32m    LOG[39m [38;5;3m[NestFactory] [39m[32mStarting Nest application...[39m
2026-05-10 16:29:09: [32m[Nest] 34600  - [39m10/05/2026, 4:29:09 pm [32m    LOG[39m [38;5;3m[NestFactory] [39m[32mStarting Nest application...[39m
2026-05-10 16:29:11: [32m[Nest] 34020  - [39m10/05/2026, 4:29:11 pm [32m    LOG[39m [38;5;3m[NestFactory] [39m[32mStarting Nest application...[39m
2026-05-10 16:29:15: [32m[Nest] 29976  - [39m10/05/2026, 4:29:15 pm [32m    LOG[39m [38;5;3m[NestFactory] [39m[32mStarting Nest application...[39m
2026-05-10 16:29:18: [32m[Nest] 12908  - [39m10/05/2026, 4:29:18 pm [32m    LOG[39m [38;5;3m[NestFactory] [39m[32mStarting Nest application...[39m
2026-05-10 16:29:21: [32m[Nest] 960  - [39m10/05/2026, 4:29:21 pm [32m    LOG[39m [38;5;3m[NestFactory] [39m[32mStarting Nest application...[39m
2026-05-10 16:29:23: [32m[Nest] 20980  - [39m10/05/2026, 4:29:23 pm [32m    LOG[39m [38;5;3m[NestFactory] [39m[32mStarting Nest application...[39m
2026-05-10 16:29:26: [32m[Nest] 23216  - [39m10/05/2026, 4:29:26 pm [32m    LOG[39m [38;5;3m[NestFactory] [39m[32mStarting Nest application...[39m
2026-05-10 16:29:29: [32m[Nest] 29072  - [39m10/05/2026, 4:29:29 pm [32m    LOG[39m [38;5;3m[NestFactory] [39m[32mStarting Nest application...[39m
2026-05-10 16:29:32: [32m[Nest] 15960  - [39m10/05/2026, 4:29:32 pm [32m    LOG[39m [38;5;3m[NestFactory] [39m[32mStarting Nest application...[39m
2026-05-10 16:29:34: [32m[Nest] 14348  - [39m10/05/2026, 4:29:34 pm [32m    LOG[39m [38;5;3m[NestFactory] [39m[32mStarting Nest application...[39m
2026-05-10 16:29:37: [32m[Nest] 24904  - [39m10/05/2026, 4:29:37 pm [32m    LOG[39m [38;5;3m[NestFactory] [39m[32mStarting Nest application...[39m
2026-05-10 16:29:40: [32m[Nest] 12188  - [39m10/05/2026, 4:29:40 pm [32m    LOG[39m [38;5;3m[NestFactory] [39m[32mStarting Nest application...[39m
2026-05-10 16:29:43: [32m[Nest] 23436  - [39m10/05/2026, 4:29:43 pm [32m    LOG[39m [38;5;3m[NestFactory] [39m[32mStarting Nest application...[39m
2026-05-10 16:29:45: [32m[Nest] 34736  - [39m10/05/2026, 4:29:45 pm [32m    LOG[39m [38;5;3m[NestFactory] [39m[32mStarting Nest application...[39m
2026-05-10 16:29:48: [32m[Nest] 28252  - [39m10/05/2026, 4:29:48 pm [32m    LOG[39m [38;5;3m[NestFactory] [39m[32mStarting Nest application...[39m
2026-05-10 16:29:51: [32m[Nest] 3260  - [39m10/05/2026, 4:29:51 pm [32m    LOG[39m [38;5;3m[NestFactory] [39m[32mStarting Nest application...[39m
2026-05-10 16:29:53: [32m[Nest] 25656  - [39m10/05/2026, 4:29:53 pm [32m    LOG[39m [38;5;3m[NestFactory] [39m[32mStarting Nest application...[39m
2026-05-10 16:29:56: [32m[Nest] 23792  - [39m10/05/2026, 4:29:56 pm [32m    LOG[39m [38;5;3m[NestFactory] [39m[32mStarting Nest application...[39m
2026-05-10 16:29:59: [32m[Nest] 26116  - [39m10/05/2026, 4:29:59 pm [32m    LOG[39m [38;5;3m[NestFactory] [39m[32mStarting Nest application...[39m
2026-05-10 16:30:02: [32m[Nest] 25540  - [39m10/05/2026, 4:30:02 pm [32m    LOG[39m [38;5;3m[NestFactory] [39m[32mStarting Nest application...[39m
2026-05-10 16:30:06: [32m[Nest] 33884  - [39m10/05/2026, 4:30:06 pm [32m    LOG[39m [38;5;3m[NestFactory] [39m[32mStarting Nest application...[39m
2026-05-10 16:30:09: [32m[Nest] 33360  - [39m10/05/2026, 4:30:09 pm [32m    LOG[39m [38;5;3m[NestFactory] [39m[32mStarting Nest application...[39m
2026-05-10 16:30:12: [32m[Nest] 32256  - [39m10/05/2026, 4:30:12 pm [32m    LOG[39m [38;5;3m[NestFactory] [39m[32mStarting Nest application...[39m
2026-05-10 16:30:16: [32m[Nest] 10412  - [39m10/05/2026, 4:30:16 pm [32m    LOG[39m [38;5;3m[NestFactory] [39m[32mStarting Nest application...[39m
2026-05-10 16:30:19: [32m[Nest] 32364  - [39m10/05/2026, 4:30:19 pm [32m    LOG[39m [38;5;3m[NestFactory] [39m[32mStarting Nest application...[39m
2026-05-10 16:30:22: [32m[Nest] 16388  - [39m10/05/2026, 4:30:22 pm [32m    LOG[39m [38;5;3m[NestFactory] [39m[32mStarting Nest application...[39m
2026-05-10 16:30:25: [32m[Nest] 31984  - [39m10/05/2026, 4:30:25 pm [32m    LOG[39m [38;5;3m[NestFactory] [39m[32mStarting Nest application...[39m
2026-05-10 16:30:28: [32m[Nest] 24312  - [39m10/05/2026, 4:30:28 pm [32m    LOG[39m [38;5;3m[NestFactory] [39m[32mStarting Nest application...[39m
2026-05-10 16:30:30: [32m[Nest] 7024  - [39m10/05/2026, 4:30:30 pm [32m    LOG[39m [38;5;3m[NestFactory] [39m[32mStarting Nest application...[39m
2026-05-10 16:30:33: [32m[Nest] 24520  - [39m10/05/2026, 4:30:33 pm [32m    LOG[39m [38;5;3m[NestFactory] [39m[32mStarting Nest application...[39m
2026-05-10 16:30:36: [32m[Nest] 24560  - [39m10/05/2026, 4:30:36 pm [32m    LOG[39m [38;5;3m[NestFactory] [39m[32mStarting Nest application...[39m
2026-05-10 16:30:39: [32m[Nest] 28128  - [39m10/05/2026, 4:30:39 pm [32m    LOG[39m [38;5;3m[NestFactory] [39m[32mStarting Nest application...[39m
2026-05-10 16:30:42: [32m[Nest] 3740  - [39m10/05/2026, 4:30:42 pm [32m    LOG[39m [38;5;3m[NestFactory] [39m[32mStarting Nest application...[39m
2026-05-10 16:30:45: [32m[Nest] 31868  - [39m10/05/2026, 4:30:45 pm [32m    LOG[39m [38;5;3m[NestFactory] [39m[32mStarting Nest application...[39m
2026-05-10 16:30:48: [32m[Nest] 33232  - [39m10/05/2026, 4:30:48 pm [32m    LOG[39m [38;5;3m[NestFactory] [39m[32mStarting Nest application...[39m
2026-05-10 16:30:51: [32m[Nest] 19828  - [39m10/05/2026, 4:30:51 pm [32m    LOG[39m [38;5;3m[NestFactory] [39m[32mStarting Nest application...[39m
2026-05-10 16:30:54: [32m[Nest] 8176  - [39m10/05/2026, 4:30:54 pm [32m    LOG[39m [38;5;3m[NestFactory] [39m[32mStarting Nest application...[39m
2026-05-10 16:30:57: [32m[Nest] 12996  - [39m10/05/2026, 4:30:57 pm [32m    LOG[39m [38;5;3m[NestFactory] [39m[32mStarting Nest application...[39m
2026-05-10 16:31:00: [32m[Nest] 33108  - [39m10/05/2026, 4:31:00 pm [32m    LOG[39m [38;5;3m[NestFactory] [39m[32mStarting Nest application...[39m
2026-05-10 16:31:03: [32m[Nest] 28884  - [39m10/05/2026, 4:31:03 pm [32m    LOG[39m [38;5;3m[NestFactory] [39m[32mStarting Nest application...[39m
2026-05-10 16:31:06: [32m[Nest] 27532  - [39m10/05/2026, 4:31:06 pm [32m    LOG[39m [38;5;3m[NestFactory] [39m[32mStarting Nest application...[39m
2026-05-10 16:31:09: [32m[Nest] 31892  - [39m10/05/2026, 4:31:09 pm [32m    LOG[39m [38;5;3m[NestFactory] [39m[32mStarting Nest application...[39m
2026-05-10 16:31:12: [32m[Nest] 29100  - [39m10/05/2026, 4:31:12 pm [32m    LOG[39m [38;5;3m[NestFactory] [39m[32mStarting Nest application...[39m
2026-05-10 16:31:14: [32m[Nest] 21940  - [39m10/05/2026, 4:31:14 pm [32m    LOG[39m [38;5;3m[NestFactory] [39m[32mStarting Nest application...[39m
2026-05-10 16:31:17: [32m[Nest] 30300  - [39m10/05/2026, 4:31:17 pm [32m    LOG[39m [38;5;3m[NestFactory] [39m[32mStarting Nest application...[39m
2026-05-10 16:31:20: [32m[Nest] 33468  - [39m10/05/2026, 4:31:20 pm [32m    LOG[39m [38;5;3m[NestFactory] [39m[32mStarting Nest application...[39m
2026-05-10 16:31:23: [32m[Nest] 1020  - [39m10/05/2026, 4:31:23 pm [32m    LOG[39m [38;5;3m[NestFactory] [39m[32mStarting Nest application...[39m
2026-05-10 16:31:25: [32m[Nest] 21716  - [39m10/05/2026, 4:31:25 pm [32m    LOG[39m [38;5;3m[NestFactory] [39m[32mStarting Nest application...[39m
2026-05-10 16:31:28: [32m[Nest] 21832  - [39m10/05/2026, 4:31:28 pm [32m    LOG[39m [38;5;3m[NestFactory] [39m[32mStarting Nest application...[39m
2026-05-10 16:31:31: [32m[Nest] 31328  - [39m10/05/2026, 4:31:31 pm [32m    LOG[39m [38;5;3m[NestFactory] [39m[32mStarting Nest application...[39m
2026-05-10 16:31:34: [32m[Nest] 10896  - [39m10/05/2026, 4:31:34 pm [32m    LOG[39m [38;5;3m[NestFactory] [39m[32mStarting Nest application...[39m
2026-05-10 16:31:36: [32m[Nest] 21720  - [39m10/05/2026, 4:31:36 pm [32m    LOG[39m [38;5;3m[NestFactory] [39m[32mStarting Nest application...[39m
2026-05-10 16:31:39: [32m[Nest] 34736  - [39m10/05/2026, 4:31:39 pm [32m    LOG[39m [38;5;3m[NestFactory] [39m[32mStarting Nest application...[39m
2026-05-10 16:31:42: [32m[Nest] 13352  - [39m10/05/2026, 4:31:42 pm [32m    LOG[39m [38;5;3m[NestFactory] [39m[32mStarting Nest application...[39m
2026-05-10 16:31:45: [32m[Nest] 28076  - [39m10/05/2026, 4:31:45 pm [32m    LOG[39m [38;5;3m[NestFactory] [39m[32mStarting Nest application...[39m
2026-05-10 16:31:48: [32m[Nest] 31180  - [39m10/05/2026, 4:31:48 pm [32m    LOG[39m [38;5;3m[NestFactory] [39m[32mStarting Nest application...[39m
2026-05-10 16:31:51: [32m[Nest] 31876  - [39m10/05/2026, 4:31:51 pm [32m    LOG[39m [38;5;3m[NestFactory] [39m[32mStarting Nest application...[39m
2026-05-10 16:31:54: [32m[Nest] 9176  - [39m10/05/2026, 4:31:54 pm [32m    LOG[39m [38;5;3m[NestFactory] [39m[32mStarting Nest application...[39m
2026-05-10 16:31:56: [32m[Nest] 17360  - [39m10/05/2026, 4:31:56 pm [32m    LOG[39m [38;5;3m[NestFactory] [39m[32mStarting Nest application...[39m
2026-05-10 16:31:59: [32m[Nest] 17004  - [39m10/05/2026, 4:31:59 pm [32m    LOG[39m [38;5;3m[NestFactory] [39m[32mStarting Nest application...[39m
2026-05-10 16:32:02: [32m[Nest] 33896  - [39m10/05/2026, 4:32:02 pm [32m    LOG[39m [38;5;3m[NestFactory] [39m[32mStarting Nest application...[39m
2026-05-10 16:32:06: [32m[Nest] 17012  - [39m10/05/2026, 4:32:06 pm [32m    LOG[39m [38;5;3m[NestFactory] [39m[32mStarting Nest application...[39m
2026-05-10 16:32:09: [32m[Nest] 28560  - [39m10/05/2026, 4:32:09 pm [32m    LOG[39m [38;5;3m[NestFactory] [39m[32mStarting Nest application...[39m
2026-05-10 16:32:12: [32m[Nest] 25572  - [39m10/05/2026, 4:32:12 pm [32m    LOG[39m [38;5;3m[NestFactory] [39m[32mStarting Nest application...[39m
2026-05-10 16:32:15: [32m[Nest] 21728  - [39m10/05/2026, 4:32:15 pm [32m    LOG[39m [38;5;3m[NestFactory] [39m[32mStarting Nest application...[39m
2026-05-10 16:32:17: [32m[Nest] 28028  - [39m10/05/2026, 4:32:17 pm [32m    LOG[39m [38;5;3m[NestFactory] [39m[32mStarting Nest application...[39m
2026-05-10 16:32:20: [32m[Nest] 30248  - [39m10/05/2026, 4:32:20 pm [32m    LOG[39m [38;5;3m[NestFactory] [39m[32mStarting Nest application...[39m
2026-05-10 16:32:23: [32m[Nest] 10752  - [39m10/05/2026, 4:32:23 pm [32m    LOG[39m [38;5;3m[NestFactory] [39m[32mStarting Nest application...[39m
2026-05-10 16:32:25: [32m[Nest] 17044  - [39m10/05/2026, 4:32:25 pm [32m    LOG[39m [38;5;3m[NestFactory] [39m[32mStarting Nest application...[39m
2026-05-10 16:32:28: [32m[Nest] 25712  - [39m10/05/2026, 4:32:28 pm [32m    LOG[39m [38;5;3m[NestFactory] [39m[32mStarting Nest application...[39m
2026-05-10 16:32:31: [32m[Nest] 2580  - [39m10/05/2026, 4:32:31 pm [32m    LOG[39m [38;5;3m[NestFactory] [39m[32mStarting Nest application...[39m
2026-05-10 16:32:34: [32m[Nest] 21720  - [39m10/05/2026, 4:32:34 pm [32m    LOG[39m [38;5;3m[NestFactory] [39m[32mStarting Nest application...[39m
2026-05-10 16:32:36: [32m[Nest] 33284  - [39m10/05/2026, 4:32:36 pm [32m    LOG[39m [38;5;3m[NestFactory] [39m[32mStarting Nest application...[39m
2026-05-10 16:32:39: [32m[Nest] 31024  - [39m10/05/2026, 4:32:39 pm [32m    LOG[39m [38;5;3m[NestFactory] [39m[32mStarting Nest application...[39m
2026-05-10 16:32:42: [32m[Nest] 17568  - [39m10/05/2026, 4:32:42 pm [32m    LOG[39m [38;5;3m[NestFactory] [39m[32mStarting Nest application...[39m
2026-05-10 16:32:45: [32m[Nest] 25616  - [39m10/05/2026, 4:32:45 pm [32m    LOG[39m [38;5;3m[NestFactory] [39m[32mStarting Nest application...[39m
2026-05-10 16:32:48: [32m[Nest] 20620  - [39m10/05/2026, 4:32:48 pm [32m    LOG[39m [38;5;3m[NestFactory] [39m[32mStarting Nest application...[39m
2026-05-10 16:32:51: [32m[Nest] 1256  - [39m10/05/2026, 4:32:51 pm [32m    LOG[39m [38;5;3m[NestFactory] [39m[32mStarting Nest application...[39m
2026-05-10 16:32:53: [32m[Nest] 33360  - [39m10/05/2026, 4:32:53 pm [32m    LOG[39m [38;5;3m[NestFactory] [39m[32mStarting Nest application...[39m
2026-05-10 16:32:56: [32m[Nest] 32256  - [39m10/05/2026, 4:32:56 pm [32m    LOG[39m [38;5;3m[NestFactory] [39m[32mStarting Nest application...[39m
2026-05-10 16:32:59: [32m[Nest] 22452  - [39m10/05/2026, 4:32:59 pm [32m    LOG[39m [38;5;3m[NestFactory] [39m[32mStarting Nest application...[39m
2026-05-10 16:33:02: [32m[Nest] 27084  - [39m10/05/2026, 4:33:02 pm [32m    LOG[39m [38;5;3m[NestFactory] [39m[32mStarting Nest application...[39m
2026-05-10 16:33:05: [32m[Nest] 8124  - [39m10/05/2026, 4:33:05 pm [32m    LOG[39m [38;5;3m[NestFactory] [39m[32mStarting Nest application...[39m
2026-05-10 16:33:08: [32m[Nest] 32728  - [39m10/05/2026, 4:33:08 pm [32m    LOG[39m [38;5;3m[NestFactory] [39m[32mStarting Nest application...[39m
2026-05-10 16:33:11: [32m[Nest] 28404  - [39m10/05/2026, 4:33:11 pm [32m    LOG[39m [38;5;3m[NestFactory] [39m[32mStarting Nest application...[39m
2026-05-10 16:33:13: [32m[Nest] 28132  - [39m10/05/2026, 4:33:13 pm [32m    LOG[39m [38;5;3m[NestFactory] [39m[32mStarting Nest application...[39m
2026-05-10 16:33:16: [32m[Nest] 26484  - [39m10/05/2026, 4:33:16 pm [32m    LOG[39m [38;5;3m[NestFactory] [39m[32mStarting Nest application...[39m
2026-05-10 16:33:19: [32m[Nest] 28652  - [39m10/05/2026, 4:33:19 pm [32m    LOG[39m [38;5;3m[NestFactory] [39m[32mStarting Nest application...[39m
2026-05-10 16:33:22: [32m[Nest] 16672  - [39m10/05/2026, 4:33:22 pm [32m    LOG[39m [38;5;3m[NestFactory] [39m[32mStarting Nest application...[39m
2026-05-10 16:33:25: [32m[Nest] 15512  - [39m10/05/2026, 4:33:25 pm [32m    LOG[39m [38;5;3m[NestFactory] [39m[32mStarting Nest application...[39m
2026-05-10 16:33:28: [32m[Nest] 33392  - [39m10/05/2026, 4:33:28 pm [32m    LOG[39m [38;5;3m[NestFactory] [39m[32mStarting Nest application...[39m
2026-05-10 16:33:30: [32m[Nest] 15608  - [39m10/05/2026, 4:33:30 pm [32m    LOG[39m [38;5;3m[NestFactory] [39m[32mStarting Nest application...[39m
2026-05-10 16:33:33: [32m[Nest] 32400  - [39m10/05/2026, 4:33:33 pm [32m    LOG[39m [38;5;3m[NestFactory] [39m[32mStarting Nest application...[39m
2026-05-10 16:33:36: [32m[Nest] 23092  - [39m10/05/2026, 4:33:36 pm [32m    LOG[39m [38;5;3m[NestFactory] [39m[32mStarting Nest application...[39m
2026-05-10 16:33:39: [32m[Nest] 31484  - [39m10/05/2026, 4:33:39 pm [32m    LOG[39m [38;5;3m[NestFactory] [39m[32mStarting Nest application...[39m
2026-05-10 16:33:42: [32m[Nest] 29140  - [39m10/05/2026, 4:33:42 pm [32m    LOG[39m [38;5;3m[NestFactory] [39m[32mStarting Nest application...[39m
2026-05-10 16:33:45: [32m[Nest] 20988  - [39m10/05/2026, 4:33:45 pm [32m    LOG[39m [38;5;3m[NestFactory] [39m[32mStarting Nest application...[39m
2026-05-10 16:33:48: [32m[Nest] 28436  - [39m10/05/2026, 4:33:48 pm [32m    LOG[39m [38;5;3m[NestFactory] [39m[32mStarting Nest application...[39m
2026-05-10 16:33:50: [32m[Nest] 21924  - [39m10/05/2026, 4:33:50 pm [32m    LOG[39m [38;5;3m[NestFactory] [39m[32mStarting Nest application...[39m
2026-05-10 16:33:53: [32m[Nest] 21516  - [39m10/05/2026, 4:33:53 pm [32m    LOG[39m [38;5;3m[NestFactory] [39m[32mStarting Nest application...[39m
2026-05-10 16:33:56: [32m[Nest] 26940  - [39m10/05/2026, 4:33:56 pm [32m    LOG[39m [38;5;3m[NestFactory] [39m[32mStarting Nest application...[39m
2026-05-10 16:33:59: [32m[Nest] 12908  - [39m10/05/2026, 4:33:59 pm [32m    LOG[39m [38;5;3m[NestFactory] [39m[32mStarting Nest application...[39m
2026-05-10 16:34:02: [32m[Nest] 27084  - [39m10/05/2026, 4:34:02 pm [32m    LOG[39m [38;5;3m[NestFactory] [39m[32mStarting Nest application...[39m
2026-05-10 16:34:05: [32m[Nest] 25672  - [39m10/05/2026, 4:34:05 pm [32m    LOG[39m [38;5;3m[NestFactory] [39m[32mStarting Nest application...[39m
2026-05-10 16:34:09: [32m[Nest] 26868  - [39m10/05/2026, 4:34:09 pm [32m    LOG[39m [38;5;3m[NestFactory] [39m[32mStarting Nest application...[39m
2026-05-10 16:34:13: [32m[Nest] 17044  - [39m10/05/2026, 4:34:13 pm [32m    LOG[39m [38;5;3m[NestFactory] [39m[32mStarting Nest application...[39m
2026-05-10 16:34:16: [32m[Nest] 31176  - [39m10/05/2026, 4:34:16 pm [32m    LOG[39m [38;5;3m[NestFactory] [39m[32mStarting Nest application...[39m
2026-05-10 16:34:19: [32m[Nest] 32180  - [39m10/05/2026, 4:34:19 pm [32m    LOG[39m [38;5;3m[NestFactory] [39m[32mStarting Nest application...[39m
2026-05-10 16:34:22: [32m[Nest] 22760  - [39m10/05/2026, 4:34:22 pm [32m    LOG[39m [38;5;3m[NestFactory] [39m[32mStarting Nest application...[39m
2026-05-10 16:34:25: [32m[Nest] 24692  - [39m10/05/2026, 4:34:25 pm [32m    LOG[39m [38;5;3m[NestFactory] [39m[32mStarting Nest application...[39m
2026-05-10 16:34:27: [32m[Nest] 30672  - [39m10/05/2026, 4:34:27 pm [32m    LOG[39m [38;5;3m[NestFactory] [39m[32mStarting Nest application...[39m
2026-05-10 16:34:30: [32m[Nest] 17732  - [39m10/05/2026, 4:34:30 pm [32m    LOG[39m [38;5;3m[NestFactory] [39m[32mStarting Nest application...[39m
2026-05-10 16:34:33: [32m[Nest] 33260  - [39m10/05/2026, 4:34:33 pm [32m    LOG[39m [38;5;3m[NestFactory] [39m[32mStarting Nest application...[39m
2026-05-10 16:34:35: [32m[Nest] 32736  - [39m10/05/2026, 4:34:35 pm [32m    LOG[39m [38;5;3m[NestFactory] [39m[32mStarting Nest application...[39m
2026-05-10 16:34:38: [32m[Nest] 23624  - [39m10/05/2026, 4:34:38 pm [32m    LOG[39m [38;5;3m[NestFactory] [39m[32mStarting Nest application...[39m
2026-05-10 16:34:41: [32m[Nest] 25540  - [39m10/05/2026, 4:34:41 pm [32m    LOG[39m [38;5;3m[NestFactory] [39m[32mStarting Nest application...[39m
2026-05-10 16:34:44: [32m[Nest] 31004  - [39m10/05/2026, 4:34:44 pm [32m    LOG[39m [38;5;3m[NestFactory] [39m[32mStarting Nest application...[39m
2026-05-10 16:34:47: [32m[Nest] 31300  - [39m10/05/2026, 4:34:47 pm [32m    LOG[39m [38;5;3m[NestFactory] [39m[32mStarting Nest application...[39m
2026-05-10 16:34:50: [32m[Nest] 12908  - [39m10/05/2026, 4:34:50 pm [32m    LOG[39m [38;5;3m[NestFactory] [39m[32mStarting Nest application...[39m
2026-05-10 16:34:52: [32m[Nest] 34572  - [39m10/05/2026, 4:34:52 pm [32m    LOG[39m [38;5;3m[NestFactory] [39m[32mStarting Nest application...[39m
2026-05-10 16:34:55: [32m[Nest] 20608  - [39m10/05/2026, 4:34:55 pm [32m    LOG[39m [38;5;3m[NestFactory] [39m[32mStarting Nest application...[39m
2026-05-10 16:34:58: [32m[Nest] 19536  - [39m10/05/2026, 4:34:58 pm [32m    LOG[39m [38;5;3m[NestFactory] [39m[32mStarting Nest application...[39m
2026-05-10 16:35:02: [32m[Nest] 30556  - [39m10/05/2026, 4:35:02 pm [32m    LOG[39m [38;5;3m[NestFactory] [39m[32mStarting Nest application...[39m
2026-05-10 16:35:05: [32m[Nest] 32224  - [39m10/05/2026, 4:35:05 pm [32m    LOG[39m [38;5;3m[NestFactory] [39m[32mStarting Nest application...[39m
2026-05-10 16:35:09: [32m[Nest] 10896  - [39m10/05/2026, 4:35:09 pm [32m    LOG[39m [38;5;3m[NestFactory] [39m[32mStarting Nest application...[39m
2026-05-10 16:35:12: [32m[Nest] 31940  - [39m10/05/2026, 4:35:12 pm [32m    LOG[39m [38;5;3m[NestFactory] [39m[32mStarting Nest application...[39m
2026-05-10 16:35:19: [32m[Nest] 23584  - [39m10/05/2026, 4:35:19 pm [32m    LOG[39m [38;5;3m[NestFactory] [39m[32mStarting Nest application...[39m
2026-05-10 16:35:23: [32m[Nest] 18720  - [39m10/05/2026, 4:35:23 pm [32m    LOG[39m [38;5;3m[NestFactory] [39m[32mStarting Nest application...[39m
2026-05-10 16:35:26: [32m[Nest] 23984  - [39m10/05/2026, 4:35:26 pm [32m    LOG[39m [38;5;3m[NestFactory] [39m[32mStarting Nest application...[39m
2026-05-10 16:35:29: [32m[Nest] 14472  - [39m10/05/2026, 4:35:29 pm [32m    LOG[39m [38;5;3m[NestFactory] [39m[32mStarting Nest application...[39m
2026-05-10 16:35:32: [32m[Nest] 17344  - [39m10/05/2026, 4:35:32 pm [32m    LOG[39m [38;5;3m[NestFactory] [39m[32mStarting Nest application...[39m
2026-05-10 16:35:35: [32m[Nest] 16996  - [39m10/05/2026, 4:35:35 pm [32m    LOG[39m [38;5;3m[NestFactory] [39m[32mStarting Nest application...[39m
2026-05-10 16:35:38: [32m[Nest] 5300  - [39m10/05/2026, 4:35:38 pm [32m    LOG[39m [38;5;3m[NestFactory] [39m[32mStarting Nest application...[39m
2026-05-10 16:35:42: [32m[Nest] 21516  - [39m10/05/2026, 4:35:42 pm [32m    LOG[39m [38;5;3m[NestFactory] [39m[32mStarting Nest application...[39m
2026-05-10 16:35:45: [32m[Nest] 30360  - [39m10/05/2026, 4:35:45 pm [32m    LOG[39m [38;5;3m[NestFactory] [39m[32mStarting Nest application...[39m
2026-05-10 16:35:48: [32m[Nest] 33992  - [39m10/05/2026, 4:35:48 pm [32m    LOG[39m [38;5;3m[NestFactory] [39m[32mStarting Nest application...[39m
2026-05-10 16:35:51: [32m[Nest] 8516  - [39m10/05/2026, 4:35:51 pm [32m    LOG[39m [38;5;3m[NestFactory] [39m[32mStarting Nest application...[39m
2026-05-10 16:35:54: [32m[Nest] 16176  - [39m10/05/2026, 4:35:54 pm [32m    LOG[39m [38;5;3m[NestFactory] [39m[32mStarting Nest application...[39m
2026-05-10 16:35:57: [32m[Nest] 23928  - [39m10/05/2026, 4:35:57 pm [32m    LOG[39m [38;5;3m[NestFactory] [39m[32mStarting Nest application...[39m
2026-05-10 16:36:00: [32m[Nest] 31672  - [39m10/05/2026, 4:36:00 pm [32m    LOG[39m [38;5;3m[NestFactory] [39m[32mStarting Nest application...[39m
2026-05-10 16:36:04: [32m[Nest] 12128  - [39m10/05/2026, 4:36:04 pm [32m    LOG[39m [38;5;3m[NestFactory] [39m[32mStarting Nest application...[39m
2026-05-10 16:36:07: [32m[Nest] 18540  - [39m10/05/2026, 4:36:07 pm [32m    LOG[39m [38;5;3m[NestFactory] [39m[32mStarting Nest application...[39m
2026-05-10 16:36:10: [32m[Nest] 9176  - [39m10/05/2026, 4:36:10 pm [32m    LOG[39m [38;5;3m[NestFactory] [39m[32mStarting Nest application...[39m
2026-05-10 16:36:14: [32m[Nest] 28888  - [39m10/05/2026, 4:36:14 pm [32m    LOG[39m [38;5;3m[NestFactory] [39m[32mStarting Nest application...[39m
2026-05-10 16:36:17: [32m[Nest] 32604  - [39m10/05/2026, 4:36:17 pm [32m    LOG[39m [38;5;3m[NestFactory] [39m[32mStarting Nest application...[39m
2026-05-10 16:36:20: [32m[Nest] 30488  - [39m10/05/2026, 4:36:20 pm [32m    LOG[39m [38;5;3m[NestFactory] [39m[32mStarting Nest application...[39m
2026-05-10 16:36:24: [32m[Nest] 14016  - [39m10/05/2026, 4:36:24 pm [32m    LOG[39m [38;5;3m[NestFactory] [39m[32mStarting Nest application...[39m
2026-05-10 16:36:27: [32m[Nest] 2920  - [39m10/05/2026, 4:36:27 pm [32m    LOG[39m [38;5;3m[NestFactory] [39m[32mStarting Nest application...[39m
2026-05-10 16:36:30: [32m[Nest] 11328  - [39m10/05/2026, 4:36:30 pm [32m    LOG[39m [38;5;3m[NestFactory] [39m[32mStarting Nest application...[39m
2026-05-10 16:36:33: [32m[Nest] 19564  - [39m10/05/2026, 4:36:33 pm [32m    LOG[39m [38;5;3m[NestFactory] [39m[32mStarting Nest application...[39m
2026-05-10 16:36:37: [32m[Nest] 28940  - [39m10/05/2026, 4:36:37 pm [32m    LOG[39m [38;5;3m[NestFactory] [39m[32mStarting Nest application...[39m
2026-05-10 16:36:40: [32m[Nest] 26236  - [39m10/05/2026, 4:36:40 pm [32m    LOG[39m [38;5;3m[NestFactory] [39m[32mStarting Nest application...[39m
2026-05-10 16:36:43: [32m[Nest] 34600  - [39m10/05/2026, 4:36:43 pm [32m    LOG[39m [38;5;3m[NestFactory] [39m[32mStarting Nest application...[39m
2026-05-10 16:36:50: [32m[Nest] 18040  - [39m10/05/2026, 4:36:50 pm [32m    LOG[39m [38;5;3m[NestFactory] [39m[32mStarting Nest application...[39m
2026-05-10 16:36:53: [32m[Nest] 28968  - [39m10/05/2026, 4:36:53 pm [32m    LOG[39m [38;5;3m[NestFactory] [39m[32mStarting Nest application...[39m
2026-05-10 16:36:56: [32m[Nest] 21648  - [39m10/05/2026, 4:36:56 pm [32m    LOG[39m [38;5;3m[NestFactory] [39m[32mStarting Nest application...[39m
2026-05-10 16:36:59: [32m[Nest] 8828  - [39m10/05/2026, 4:36:59 pm [32m    LOG[39m [38;5;3m[NestFactory] [39m[32mStarting Nest application...[39m
2026-05-10 16:37:02: [32m[Nest] 31672  - [39m10/05/2026, 4:37:02 pm [32m    LOG[39m [38;5;3m[NestFactory] [39m[32mStarting Nest application...[39m
2026-05-10 16:37:05: [32m[Nest] 9504  - [39m10/05/2026, 4:37:05 pm [32m    LOG[39m [38;5;3m[NestFactory] [39m[32mStarting Nest application...[39m
2026-05-10 16:37:08: [32m[Nest] 25144  - [39m10/05/2026, 4:37:08 pm [32m    LOG[39m [38;5;3m[NestFactory] [39m[32mStarting Nest application...[39m
2026-05-10 16:37:10: [32m[Nest] 26832  - [39m10/05/2026, 4:37:10 pm [32m    LOG[39m [38;5;3m[NestFactory] [39m[32mStarting Nest application...[39m
2026-05-10 16:37:13: [32m[Nest] 33824  - [39m10/05/2026, 4:37:13 pm [32m    LOG[39m [38;5;3m[NestFactory] [39m[32mStarting Nest application...[39m
2026-05-10 16:37:16: [32m[Nest] 30168  - [39m10/05/2026, 4:37:16 pm [32m    LOG[39m [38;5;3m[NestFactory] [39m[32mStarting Nest application...[39m
2026-05-10 16:37:20: [32m[Nest] 31484  - [39m10/05/2026, 4:37:20 pm [32m    LOG[39m [38;5;3m[NestFactory] [39m[32mStarting Nest application...[39m
2026-05-10 16:37:23: [32m[Nest] 22952  - [39m10/05/2026, 4:37:23 pm [32m    LOG[39m [38;5;3m[NestFactory] [39m[32mStarting Nest application...[39m
2026-05-10 16:37:25: [32m[Nest] 19576  - [39m10/05/2026, 4:37:25 pm [32m    LOG[39m [38;5;3m[NestFactory] [39m[32mStarting Nest application...[39m
2026-05-10 16:37:28: [32m[Nest] 2728  - [39m10/05/2026, 4:37:28 pm [32m    LOG[39m [38;5;3m[NestFactory] [39m[32mStarting Nest application...[39m
2026-05-10 16:37:30: [32m[Nest] 34544  - [39m10/05/2026, 4:37:30 pm [32m    LOG[39m [38;5;3m[NestFactory] [39m[32mStarting Nest application...[39m
2026-05-10 16:37:33: [32m[Nest] 21340  - [39m10/05/2026, 4:37:33 pm [32m    LOG[39m [38;5;3m[NestFactory] [39m[32mStarting Nest application...[39m
2026-05-10 16:37:36: [32m[Nest] 24084  - [39m10/05/2026, 4:37:36 pm [32m    LOG[39m [38;5;3m[NestFactory] [39m[32mStarting Nest application...[39m
2026-05-10 16:37:38: [32m[Nest] 31280  - [39m10/05/2026, 4:37:38 pm [32m    LOG[39m [38;5;3m[NestFactory] [39m[32mStarting Nest application...[39m
2026-05-10 16:37:41: [32m[Nest] 20384  - [39m10/05/2026, 4:37:41 pm [32m    LOG[39m [38;5;3m[NestFactory] [39m[32mStarting Nest application...[39m
2026-05-10 16:37:43: [32m[Nest] 23228  - [39m10/05/2026, 4:37:43 pm [32m    LOG[39m [38;5;3m[NestFactory] [39m[32mStarting Nest application...[39m
2026-05-10 16:37:46: [32m[Nest] 23312  - [39m10/05/2026, 4:37:46 pm [32m    LOG[39m [38;5;3m[NestFactory] [39m[32mStarting Nest application...[39m
2026-05-10 16:37:49: [32m[Nest] 23644  - [39m10/05/2026, 4:37:49 pm [32m    LOG[39m [38;5;3m[NestFactory] [39m[32mStarting Nest application...[39m
2026-05-10 16:37:51: [32m[Nest] 29408  - [39m10/05/2026, 4:37:51 pm [32m    LOG[39m [38;5;3m[NestFactory] [39m[32mStarting Nest application...[39m
2026-05-10 16:37:54: [32m[Nest] 26876  - [39m10/05/2026, 4:37:54 pm [32m    LOG[39m [38;5;3m[NestFactory] [39m[32mStarting Nest application...[39m
2026-05-10 16:37:56: [32m[Nest] 6036  - [39m10/05/2026, 4:37:56 pm [32m    LOG[39m [38;5;3m[NestFactory] [39m[32mStarting Nest application...[39m
2026-05-10 16:37:59: [32m[Nest] 23852  - [39m10/05/2026, 4:37:59 pm [32m    LOG[39m [38;5;3m[NestFactory] [39m[32mStarting Nest application...[39m
2026-05-10 16:38:02: [32m[Nest] 15272  - [39m10/05/2026, 4:38:02 pm [32m    LOG[39m [38;5;3m[NestFactory] [39m[32mStarting Nest application...[39m
2026-05-10 16:38:05: [32m[Nest] 29164  - [39m10/05/2026, 4:38:05 pm [32m    LOG[39m [38;5;3m[NestFactory] [39m[32mStarting Nest application...[39m
2026-05-10 16:38:07: [32m[Nest] 12732  - [39m10/05/2026, 4:38:07 pm [32m    LOG[39m [38;5;3m[NestFactory] [39m[32mStarting Nest application...[39m
2026-05-10 16:38:10: [32m[Nest] 29320  - [39m10/05/2026, 4:38:10 pm [32m    LOG[39m [38;5;3m[NestFactory] [39m[32mStarting Nest application...[39m
2026-05-10 16:38:12: [32m[Nest] 5428  - [39m10/05/2026, 4:38:12 pm [32m    LOG[39m [38;5;3m[NestFactory] [39m[32mStarting Nest application...[39m
2026-05-10 16:38:15: [32m[Nest] 31380  - [39m10/05/2026, 4:38:15 pm [32m    LOG[39m [38;5;3m[NestFactory] [39m[32mStarting Nest application...[39m
2026-05-10 16:38:17: [32m[Nest] 22884  - [39m10/05/2026, 4:38:17 pm [32m    LOG[39m [38;5;3m[NestFactory] [39m[32mStarting Nest application...[39m
2026-05-10 16:38:20: [32m[Nest] 32156  - [39m10/05/2026, 4:38:20 pm [32m    LOG[39m [38;5;3m[NestFactory] [39m[32mStarting Nest application...[39m
2026-05-10 16:38:22: [32m[Nest] 20516  - [39m10/05/2026, 4:38:22 pm [32m    LOG[39m [38;5;3m[NestFactory] [39m[32mStarting Nest application...[39m
2026-05-10 16:38:25: [32m[Nest] 18192  - [39m10/05/2026, 4:38:25 pm [32m    LOG[39m [38;5;3m[NestFactory] [39m[32mStarting Nest application...[39m
2026-05-10 16:38:27: [32m[Nest] 33228  - [39m10/05/2026, 4:38:27 pm [32m    LOG[39m [38;5;3m[NestFactory] [39m[32mStarting Nest application...[39m
2026-05-10 16:38:30: [32m[Nest] 18340  - [39m10/05/2026, 4:38:30 pm [32m    LOG[39m [38;5;3m[NestFactory] [39m[32mStarting Nest application...[39m
2026-05-10 16:38:33: [32m[Nest] 26896  - [39m10/05/2026, 4:38:33 pm [32m    LOG[39m [38;5;3m[NestFactory] [39m[32mStarting Nest application...[39m
2026-05-10 16:38:35: [32m[Nest] 4404  - [39m10/05/2026, 4:38:35 pm [32m    LOG[39m [38;5;3m[NestFactory] [39m[32mStarting Nest application...[39m
2026-05-10 16:38:38: [32m[Nest] 25672  - [39m10/05/2026, 4:38:38 pm [32m    LOG[39m [38;5;3m[NestFactory] [39m[32mStarting Nest application...[39m
2026-05-10 16:38:42: [32m[Nest] 28028  - [39m10/05/2026, 4:38:42 pm [32m    LOG[39m [38;5;3m[NestFactory] [39m[32mStarting Nest application...[39m
2026-05-10 16:38:44: [32m[Nest] 25896  - [39m10/05/2026, 4:38:44 pm [32m    LOG[39m [38;5;3m[NestFactory] [39m[32mStarting Nest application...[39m
2026-05-10 16:38:47: [32m[Nest] 30088  - [39m10/05/2026, 4:38:47 pm [32m    LOG[39m [38;5;3m[NestFactory] [39m[32mStarting Nest application...[39m
2026-05-10 16:38:50: [32m[Nest] 23444  - [39m10/05/2026, 4:38:50 pm [32m    LOG[39m [38;5;3m[NestFactory] [39m[32mStarting Nest application...[39m
2026-05-10 16:38:53: [32m[Nest] 8828  - [39m10/05/2026, 4:38:53 pm [32m    LOG[39m [38;5;3m[NestFactory] [39m[32mStarting Nest application...[39m
2026-05-10 16:38:55: [32m[Nest] 6036  - [39m10/05/2026, 4:38:55 pm [32m    LOG[39m [38;5;3m[NestFactory] [39m[32mStarting Nest application...[39m
2026-05-10 16:38:58: [32m[Nest] 3740  - [39m10/05/2026, 4:38:58 pm [32m    LOG[39m [38;5;3m[NestFactory] [39m[32mStarting Nest application...[39m
2026-05-10 16:39:01: [32m[Nest] 21788  - [39m10/05/2026, 4:39:01 pm [32m    LOG[39m [38;5;3m[NestFactory] [39m[32mStarting Nest application...[39m
2026-05-10 16:39:03: [32m[Nest] 1772  - [39m10/05/2026, 4:39:03 pm [32m    LOG[39m [38;5;3m[NestFactory] [39m[32mStarting Nest application...[39m
2026-05-10 16:39:06: [32m[Nest] 25176  - [39m10/05/2026, 4:39:06 pm [32m    LOG[39m [38;5;3m[NestFactory] [39m[32mStarting Nest application...[39m
2026-05-10 16:39:09: [32m[Nest] 26076  - [39m10/05/2026, 4:39:09 pm [32m    LOG[39m [38;5;3m[NestFactory] [39m[32mStarting Nest application...[39m
2026-05-10 16:39:11: [32m[Nest] 30636  - [39m10/05/2026, 4:39:11 pm [32m    LOG[39m [38;5;3m[NestFactory] [39m[32mStarting Nest application...[39m
2026-05-10 16:39:14: [32m[Nest] 31884  - [39m10/05/2026, 4:39:14 pm [32m    LOG[39m [38;5;3m[NestFactory] [39m[32mStarting Nest application...[39m
2026-05-10 16:39:16: [32m[Nest] 31764  - [39m10/05/2026, 4:39:16 pm [32m    LOG[39m [38;5;3m[NestFactory] [39m[32mStarting Nest application...[39m
2026-05-10 16:39:19: [32m[Nest] 30132  - [39m10/05/2026, 4:39:19 pm [32m    LOG[39m [38;5;3m[NestFactory] [39m[32mStarting Nest application...[39m
2026-05-10 16:39:22: [32m[Nest] 28400  - [39m10/05/2026, 4:39:22 pm [32m    LOG[39m [38;5;3m[NestFactory] [39m[32mStarting Nest application...[39m
2026-05-10 16:39:24: [32m[Nest] 28416  - [39m10/05/2026, 4:39:24 pm [32m    LOG[39m [38;5;3m[NestFactory] [39m[32mStarting Nest application...[39m
2026-05-10 16:39:27: [32m[Nest] 32732  - [39m10/05/2026, 4:39:27 pm [32m    LOG[39m [38;5;3m[NestFactory] [39m[32mStarting Nest application...[39m
2026-05-10 16:39:29: [32m[Nest] 25572  - [39m10/05/2026, 4:39:29 pm [32m    LOG[39m [38;5;3m[NestFactory] [39m[32mStarting Nest application...[39m
2026-05-10 16:39:32: [32m[Nest] 1840  - [39m10/05/2026, 4:39:32 pm [32m    LOG[39m [38;5;3m[NestFactory] [39m[32mStarting Nest application...[39m
2026-05-10 16:39:34: [32m[Nest] 28200  - [39m10/05/2026, 4:39:34 pm [32m    LOG[39m [38;5;3m[NestFactory] [39m[32mStarting Nest application...[39m
2026-05-10 16:39:37: [32m[Nest] 33840  - [39m10/05/2026, 4:39:37 pm [32m    LOG[39m [38;5;3m[NestFactory] [39m[32mStarting Nest application...[39m
2026-05-10 16:39:40: [32m[Nest] 23900  - [39m10/05/2026, 4:39:40 pm [32m    LOG[39m [38;5;3m[NestFactory] [39m[32mStarting Nest application...[39m
2026-05-10 16:39:42: [32m[Nest] 18184  - [39m10/05/2026, 4:39:42 pm [32m    LOG[39m [38;5;3m[NestFactory] [39m[32mStarting Nest application...[39m
2026-05-10 16:39:45: [32m[Nest] 29168  - [39m10/05/2026, 4:39:45 pm [32m    LOG[39m [38;5;3m[NestFactory] [39m[32mStarting Nest application...[39m
2026-05-10 16:39:47: [32m[Nest] 19816  - [39m10/05/2026, 4:39:47 pm [32m    LOG[39m [38;5;3m[NestFactory] [39m[32mStarting Nest application...[39m
2026-05-10 16:39:50: [32m[Nest] 33752  - [39m10/05/2026, 4:39:50 pm [32m    LOG[39m [38;5;3m[NestFactory] [39m[32mStarting Nest application...[39m
2026-05-10 16:39:52: [32m[Nest] 31684  - [39m10/05/2026, 4:39:52 pm [32m    LOG[39m [38;5;3m[NestFactory] [39m[32mStarting Nest application...[39m
2026-05-10 16:39:55: [32m[Nest] 16536  - [39m10/05/2026, 4:39:55 pm [32m    LOG[39m [38;5;3m[NestFactory] [39m[32mStarting Nest application...[39m
2026-05-10 16:39:58: [32m[Nest] 26620  - [39m10/05/2026, 4:39:58 pm [32m    LOG[39m [38;5;3m[NestFactory] [39m[32mStarting Nest application...[39m
2026-05-10 16:40:00: [32m[Nest] 32780  - [39m10/05/2026, 4:40:00 pm [32m    LOG[39m [38;5;3m[NestFactory] [39m[32mStarting Nest application...[39m
2026-05-10 16:40:03: [32m[Nest] 3016  - [39m10/05/2026, 4:40:03 pm [32m    LOG[39m [38;5;3m[NestFactory] [39m[32mStarting Nest application...[39m
2026-05-10 16:40:06: [32m[Nest] 17344  - [39m10/05/2026, 4:40:06 pm [32m    LOG[39m [38;5;3m[NestFactory] [39m[32mStarting Nest application...[39m
2026-05-10 16:40:08: [32m[Nest] 31960  - [39m10/05/2026, 4:40:08 pm [32m    LOG[39m [38;5;3m[NestFactory] [39m[32mStarting Nest application...[39m
2026-05-10 16:40:11: [32m[Nest] 31500  - [39m10/05/2026, 4:40:11 pm [32m    LOG[39m [38;5;3m[NestFactory] [39m[32mStarting Nest application...[39m
2026-05-10 16:40:13: [32m[Nest] 33960  - [39m10/05/2026, 4:40:13 pm [32m    LOG[39m [38;5;3m[NestFactory] [39m[32mStarting Nest application...[39m
2026-05-10 16:40:16: [32m[Nest] 31020  - [39m10/05/2026, 4:40:16 pm [32m    LOG[39m [38;5;3m[NestFactory] [39m[32mStarting Nest application...[39m
2026-05-10 16:40:19: [32m[Nest] 17004  - [39m10/05/2026, 4:40:19 pm [32m    LOG[39m [38;5;3m[NestFactory] [39m[32mStarting Nest application...[39m
2026-05-10 16:40:21: [32m[Nest] 22820  - [39m10/05/2026, 4:40:21 pm [32m    LOG[39m [38;5;3m[NestFactory] [39m[32mStarting Nest application...[39m
2026-05-10 16:40:24: [32m[Nest] 21164  - [39m10/05/2026, 4:40:24 pm [32m    LOG[39m [38;5;3m[NestFactory] [39m[32mStarting Nest application...[39m
2026-05-10 16:40:26: [32m[Nest] 29144  - [39m10/05/2026, 4:40:26 pm [32m    LOG[39m [38;5;3m[NestFactory] [39m[32mStarting Nest application...[39m
2026-05-10 16:40:29: [32m[Nest] 30996  - [39m10/05/2026, 4:40:29 pm [32m    LOG[39m [38;5;3m[NestFactory] [39m[32mStarting Nest application...[39m
2026-05-10 16:40:31: [32m[Nest] 8400  - [39m10/05/2026, 4:40:31 pm [32m    LOG[39m [38;5;3m[NestFactory] [39m[32mStarting Nest application...[39m
2026-05-10 16:40:34: [32m[Nest] 29100  - [39m10/05/2026, 4:40:34 pm [32m    LOG[39m [38;5;3m[NestFactory] [39m[32mStarting Nest application...[39m
2026-05-10 16:40:36: [32m[Nest] 2580  - [39m10/05/2026, 4:40:36 pm [32m    LOG[39m [38;5;3m[NestFactory] [39m[32mStarting Nest application...[39m
2026-05-10 16:40:39: [32m[Nest] 32596  - [39m10/05/2026, 4:40:39 pm [32m    LOG[39m [38;5;3m[NestFactory] [39m[32mStarting Nest application...[39m
2026-05-10 16:40:41: [32m[Nest] 17540  - [39m10/05/2026, 4:40:41 pm [32m    LOG[39m [38;5;3m[NestFactory] [39m[32mStarting Nest application...[39m
2026-05-10 16:40:44: [32m[Nest] 19800  - [39m10/05/2026, 4:40:44 pm [32m    LOG[39m [38;5;3m[NestFactory] [39m[32mStarting Nest application...[39m
2026-05-10 16:40:47: [32m[Nest] 3232  - [39m10/05/2026, 4:40:47 pm [32m    LOG[39m [38;5;3m[NestFactory] [39m[32mStarting Nest application...[39m
2026-05-10 16:40:49: [32m[Nest] 14016  - [39m10/05/2026, 4:40:49 pm [32m    LOG[39m [38;5;3m[NestFactory] [39m[32mStarting Nest application...[39m
2026-05-10 16:40:52: [32m[Nest] 18720  - [39m10/05/2026, 4:40:52 pm [32m    LOG[39m [38;5;3m[NestFactory] [39m[32mStarting Nest application...[39m
2026-05-10 16:40:54: [32m[Nest] 17592  - [39m10/05/2026, 4:40:54 pm [32m    LOG[39m [38;5;3m[NestFactory] [39m[32mStarting Nest application...[39m
2026-05-10 16:40:57: [32m[Nest] 13488  - [39m10/05/2026, 4:40:57 pm [32m    LOG[39m [38;5;3m[NestFactory] [39m[32mStarting Nest application...[39m
2026-05-10 16:40:59: [32m[Nest] 24560  - [39m10/05/2026, 4:40:59 pm [32m    LOG[39m [38;5;3m[NestFactory] [39m[32mStarting Nest application...[39m
2026-05-10 16:41:02: [32m[Nest] 29760  - [39m10/05/2026, 4:41:02 pm [32m    LOG[39m [38;5;3m[NestFactory] [39m[32mStarting Nest application...[39m
2026-05-10 16:41:05: [32m[Nest] 31004  - [39m10/05/2026, 4:41:05 pm [32m    LOG[39m [38;5;3m[NestFactory] [39m[32mStarting Nest application...[39m
2026-05-10 16:41:07: [32m[Nest] 33904  - [39m10/05/2026, 4:41:07 pm [32m    LOG[39m [38;5;3m[NestFactory] [39m[32mStarting Nest application...[39m
2026-05-10 16:41:10: [32m[Nest] 3744  - [39m10/05/2026, 4:41:10 pm [32m    LOG[39m [38;5;3m[NestFactory] [39m[32mStarting Nest application...[39m
2026-05-10 16:41:12: [32m[Nest] 24200  - [39m10/05/2026, 4:41:12 pm [32m    LOG[39m [38;5;3m[NestFactory] [39m[32mStarting Nest application...[39m
2026-05-10 16:41:15: [32m[Nest] 28860  - [39m10/05/2026, 4:41:15 pm [32m    LOG[39m [38;5;3m[NestFactory] [39m[32mStarting Nest application...[39m
2026-05-10 16:41:17: [32m[Nest] 20988  - [39m10/05/2026, 4:41:17 pm [32m    LOG[39m [38;5;3m[NestFactory] [39m[32mStarting Nest application...[39m
2026-05-10 16:41:20: [32m[Nest] 23380  - [39m10/05/2026, 4:41:20 pm [32m    LOG[39m [38;5;3m[NestFactory] [39m[32mStarting Nest application...[39m
2026-05-10 16:41:22: [32m[Nest] 17856  - [39m10/05/2026, 4:41:22 pm [32m    LOG[39m [38;5;3m[NestFactory] [39m[32mStarting Nest application...[39m
2026-05-10 16:41:25: [32m[Nest] 30580  - [39m10/05/2026, 4:41:25 pm [32m    LOG[39m [38;5;3m[NestFactory] [39m[32mStarting Nest application...[39m
2026-05-10 16:41:27: [32m[Nest] 20956  - [39m10/05/2026, 4:41:27 pm [32m    LOG[39m [38;5;3m[NestFactory] [39m[32mStarting Nest application...[39m
2026-05-10 16:41:30: [32m[Nest] 10896  - [39m10/05/2026, 4:41:30 pm [32m    LOG[39m [38;5;3m[NestFactory] [39m[32mStarting Nest application...[39m
2026-05-10 16:41:33: [32m[Nest] 8044  - [39m10/05/2026, 4:41:33 pm [32m    LOG[39m [38;5;3m[NestFactory] [39m[32mStarting Nest application...[39m
2026-05-10 16:41:35: [32m[Nest] 32888  - [39m10/05/2026, 4:41:35 pm [32m    LOG[39m [38;5;3m[NestFactory] [39m[32mStarting Nest application...[39m
2026-05-10 16:41:38: [32m[Nest] 24224  - [39m10/05/2026, 4:41:38 pm [32m    LOG[39m [38;5;3m[NestFactory] [39m[32mStarting Nest application...[39m
2026-05-10 16:41:40: [32m[Nest] 32300  - [39m10/05/2026, 4:41:40 pm [32m    LOG[39m [38;5;3m[NestFactory] [39m[32mStarting Nest application...[39m
2026-05-10 16:41:43: [32m[Nest] 21788  - [39m10/05/2026, 4:41:43 pm [32m    LOG[39m [38;5;3m[NestFactory] [39m[32mStarting Nest application...[39m
2026-05-10 16:41:45: [32m[Nest] 12196  - [39m10/05/2026, 4:41:45 pm [32m    LOG[39m [38;5;3m[NestFactory] [39m[32mStarting Nest application...[39m
2026-05-10 16:41:48: [32m[Nest] 3232  - [39m10/05/2026, 4:41:48 pm [32m    LOG[39m [38;5;3m[NestFactory] [39m[32mStarting Nest application...[39m
2026-05-10 16:41:50: [32m[Nest] 29488  - [39m10/05/2026, 4:41:50 pm [32m    LOG[39m [38;5;3m[NestFactory] [39m[32mStarting Nest application...[39m
2026-05-10 16:41:53: [32m[Nest] 26484  - [39m10/05/2026, 4:41:53 pm [32m    LOG[39m [38;5;3m[NestFactory] [39m[32mStarting Nest application...[39m
2026-05-10 16:41:55: [32m[Nest] 10500  - [39m10/05/2026, 4:41:55 pm [32m    LOG[39m [38;5;3m[NestFactory] [39m[32mStarting Nest application...[39m
2026-05-10 16:41:58: [32m[Nest] 18596  - [39m10/05/2026, 4:41:58 pm [32m    LOG[39m [38;5;3m[NestFactory] [39m[32mStarting Nest application...[39m
2026-05-10 16:42:01: [32m[Nest] 22956  - [39m10/05/2026, 4:42:01 pm [32m    LOG[39m [38;5;3m[NestFactory] [39m[32mStarting Nest application...[39m
2026-05-10 16:42:03: [32m[Nest] 5140  - [39m10/05/2026, 4:42:03 pm [32m    LOG[39m [38;5;3m[NestFactory] [39m[32mStarting Nest application...[39m
2026-05-10 16:42:06: [32m[Nest] 25572  - [39m10/05/2026, 4:42:06 pm [32m    LOG[39m [38;5;3m[NestFactory] [39m[32mStarting Nest application...[39m
2026-05-10 16:42:08: [32m[Nest] 20584  - [39m10/05/2026, 4:42:08 pm [32m    LOG[39m [38;5;3m[NestFactory] [39m[32mStarting Nest application...[39m
2026-05-10 16:42:11: [32m[Nest] 31560  - [39m10/05/2026, 4:42:11 pm [32m    LOG[39m [38;5;3m[NestFactory] [39m[32mStarting Nest application...[39m
2026-05-10 16:42:13: [32m[Nest] 30296  - [39m10/05/2026, 4:42:13 pm [32m    LOG[39m [38;5;3m[NestFactory] [39m[32mStarting Nest application...[39m
2026-05-10 16:42:16: [32m[Nest] 21424  - [39m10/05/2026, 4:42:16 pm [32m    LOG[39m [38;5;3m[NestFactory] [39m[32mStarting Nest application...[39m
2026-05-10 16:42:18: [32m[Nest] 27876  - [39m10/05/2026, 4:42:18 pm [32m    LOG[39m [38;5;3m[NestFactory] [39m[32mStarting Nest application...[39m
2026-05-10 16:42:21: [32m[Nest] 30648  - [39m10/05/2026, 4:42:21 pm [32m    LOG[39m [38;5;3m[NestFactory] [39m[32mStarting Nest application...[39m
2026-05-10 16:42:23: [32m[Nest] 22060  - [39m10/05/2026, 4:42:23 pm [32m    LOG[39m [38;5;3m[NestFactory] [39m[32mStarting Nest application...[39m
2026-05-10 16:42:26: [32m[Nest] 17504  - [39m10/05/2026, 4:42:26 pm [32m    LOG[39m [38;5;3m[NestFactory] [39m[32mStarting Nest application...[39m
2026-05-10 16:42:28: [32m[Nest] 26640  - [39m10/05/2026, 4:42:28 pm [32m    LOG[39m [38;5;3m[NestFactory] [39m[32mStarting Nest application...[39m
2026-05-10 16:42:31: [32m[Nest] 18120  - [39m10/05/2026, 4:42:31 pm [32m    LOG[39m [38;5;3m[NestFactory] [39m[32mStarting Nest application...[39m
2026-05-10 16:42:33: [32m[Nest] 29804  - [39m10/05/2026, 4:42:33 pm [32m    LOG[39m [38;5;3m[NestFactory] [39m[32mStarting Nest application...[39m
2026-05-10 16:42:36: [32m[Nest] 24312  - [39m10/05/2026, 4:42:36 pm [32m    LOG[39m [38;5;3m[NestFactory] [39m[32mStarting Nest application...[39m
2026-05-10 16:42:39: [32m[Nest] 18448  - [39m10/05/2026, 4:42:39 pm [32m    LOG[39m [38;5;3m[NestFactory] [39m[32mStarting Nest application...[39m
2026-05-10 16:42:41: [32m[Nest] 33468  - [39m10/05/2026, 4:42:41 pm [32m    LOG[39m [38;5;3m[NestFactory] [39m[32mStarting Nest application...[39m
2026-05-10 16:42:44: [32m[Nest] 3592  - [39m10/05/2026, 4:42:44 pm [32m    LOG[39m [38;5;3m[NestFactory] [39m[32mStarting Nest application...[39m
2026-05-10 16:42:46: [32m[Nest] 5492  - [39m10/05/2026, 4:42:46 pm [32m    LOG[39m [38;5;3m[NestFactory] [39m[32mStarting Nest application...[39m
2026-05-10 16:42:49: [32m[Nest] 24460  - [39m10/05/2026, 4:42:49 pm [32m    LOG[39m [38;5;3m[NestFactory] [39m[32mStarting Nest application...[39m
2026-05-10 16:42:52: [32m[Nest] 3420  - [39m10/05/2026, 4:42:52 pm [32m    LOG[39m [38;5;3m[NestFactory] [39m[32mStarting Nest application...[39m
2026-05-10 16:42:54: [32m[Nest] 12532  - [39m10/05/2026, 4:42:54 pm [32m    LOG[39m [38;5;3m[NestFactory] [39m[32mStarting Nest application...[39m
2026-05-10 16:42:57: [32m[Nest] 20256  - [39m10/05/2026, 4:42:57 pm [32m    LOG[39m [38;5;3m[NestFactory] [39m[32mStarting Nest application...[39m
2026-05-10 16:43:00: [32m[Nest] 32180  - [39m10/05/2026, 4:43:00 pm [32m    LOG[39m [38;5;3m[NestFactory] [39m[32mStarting Nest application...[39m
2026-05-10 16:43:02: [32m[Nest] 23840  - [39m10/05/2026, 4:43:02 pm [32m    LOG[39m [38;5;3m[NestFactory] [39m[32mStarting Nest application...[39m
2026-05-10 16:43:05: [32m[Nest] 21832  - [39m10/05/2026, 4:43:05 pm [32m    LOG[39m [38;5;3m[NestFactory] [39m[32mStarting Nest application...[39m
2026-05-10 16:43:07: [32m[Nest] 28692  - [39m10/05/2026, 4:43:07 pm [32m    LOG[39m [38;5;3m[NestFactory] [39m[32mStarting Nest application...[39m
2026-05-10 16:43:10: [32m[Nest] 28516  - [39m10/05/2026, 4:43:10 pm [32m    LOG[39m [38;5;3m[NestFactory] [39m[32mStarting Nest application...[39m
2026-05-10 16:43:12: [32m[Nest] 27096  - [39m10/05/2026, 4:43:12 pm [32m    LOG[39m [38;5;3m[NestFactory] [39m[32mStarting Nest application...[39m
2026-05-10 16:43:15: [32m[Nest] 20988  - [39m10/05/2026, 4:43:15 pm [32m    LOG[39m [38;5;3m[NestFactory] [39m[32mStarting Nest application...[39m
2026-05-10 16:43:17: [32m[Nest] 21648  - [39m10/05/2026, 4:43:17 pm [32m    LOG[39m [38;5;3m[NestFactory] [39m[32mStarting Nest application...[39m
2026-05-10 16:43:20: [32m[Nest] 30508  - [39m10/05/2026, 4:43:20 pm [32m    LOG[39m [38;5;3m[NestFactory] [39m[32mStarting Nest application...[39m
2026-05-10 16:43:22: [32m[Nest] 31672  - [39m10/05/2026, 4:43:22 pm [32m    LOG[39m [38;5;3m[NestFactory] [39m[32mStarting Nest application...[39m
2026-05-10 16:43:25: [32m[Nest] 26936  - [39m10/05/2026, 4:43:25 pm [32m    LOG[39m [38;5;3m[NestFactory] [39m[32mStarting Nest application...[39m
2026-05-10 16:43:28: [32m[Nest] 28888  - [39m10/05/2026, 4:43:28 pm [32m    LOG[39m [38;5;3m[NestFactory] [39m[32mStarting Nest application...[39m
2026-05-10 16:43:30: [32m[Nest] 33824  - [39m10/05/2026, 4:43:30 pm [32m    LOG[39m [38;5;3m[NestFactory] [39m[32mStarting Nest application...[39m
2026-05-10 16:43:33: [32m[Nest] 23912  - [39m10/05/2026, 4:43:33 pm [32m    LOG[39m [38;5;3m[NestFactory] [39m[32mStarting Nest application...[39m
2026-05-10 16:43:35: [32m[Nest] 22608  - [39m10/05/2026, 4:43:35 pm [32m    LOG[39m [38;5;3m[NestFactory] [39m[32mStarting Nest application...[39m
2026-05-10 16:43:38: [32m[Nest] 31016  - [39m10/05/2026, 4:43:38 pm [32m    LOG[39m [38;5;3m[NestFactory] [39m[32mStarting Nest application...[39m
2026-05-10 16:43:40: [32m[Nest] 31748  - [39m10/05/2026, 4:43:40 pm [32m    LOG[39m [38;5;3m[NestFactory] [39m[32mStarting Nest application...[39m
2026-05-10 16:43:43: [32m[Nest] 31520  - [39m10/05/2026, 4:43:43 pm [32m    LOG[39m [38;5;3m[NestFactory] [39m[32mStarting Nest application...[39m
2026-05-10 16:43:45: [32m[Nest] 14016  - [39m10/05/2026, 4:43:45 pm [32m    LOG[39m [38;5;3m[NestFactory] [39m[32mStarting Nest application...[39m
2026-05-10 16:43:48: [32m[Nest] 30520  - [39m10/05/2026, 4:43:48 pm [32m    LOG[39m [38;5;3m[NestFactory] [39m[32mStarting Nest application...[39m
2026-05-10 16:43:50: [32m[Nest] 19660  - [39m10/05/2026, 4:43:50 pm [32m    LOG[39m [38;5;3m[NestFactory] [39m[32mStarting Nest application...[39m
2026-05-10 16:43:53: [32m[Nest] 31400  - [39m10/05/2026, 4:43:53 pm [32m    LOG[39m [38;5;3m[NestFactory] [39m[32mStarting Nest application...[39m
2026-05-10 16:43:56: [32m[Nest] 18212  - [39m10/05/2026, 4:43:56 pm [32m    LOG[39m [38;5;3m[NestFactory] [39m[32mStarting Nest application...[39m
2026-05-10 16:43:58: [32m[Nest] 2200  - [39m10/05/2026, 4:43:58 pm [32m    LOG[39m [38;5;3m[NestFactory] [39m[32mStarting Nest application...[39m
2026-05-10 16:44:01: [32m[Nest] 28968  - [39m10/05/2026, 4:44:01 pm [32m    LOG[39m [38;5;3m[NestFactory] [39m[32mStarting Nest application...[39m
2026-05-10 16:44:03: [32m[Nest] 24252  - [39m10/05/2026, 4:44:03 pm [32m    LOG[39m [38;5;3m[NestFactory] [39m[32mStarting Nest application...[39m
2026-05-10 16:44:06: [32m[Nest] 22568  - [39m10/05/2026, 4:44:06 pm [32m    LOG[39m [38;5;3m[NestFactory] [39m[32mStarting Nest application...[39m
2026-05-10 16:44:08: [32m[Nest] 28404  - [39m10/05/2026, 4:44:08 pm [32m    LOG[39m [38;5;3m[NestFactory] [39m[32mStarting Nest application...[39m
2026-05-10 16:44:11: [32m[Nest] 28284  - [39m10/05/2026, 4:44:11 pm [32m    LOG[39m [38;5;3m[NestFactory] [39m[32mStarting Nest application...[39m
2026-05-10 16:44:13: [32m[Nest] 29628  - [39m10/05/2026, 4:44:13 pm [32m    LOG[39m [38;5;3m[NestFactory] [39m[32mStarting Nest application...[39m
2026-05-10 16:44:16: [32m[Nest] 33828  - [39m10/05/2026, 4:44:16 pm [32m    LOG[39m [38;5;3m[NestFactory] [39m[32mStarting Nest application...[39m
2026-05-10 16:44:18: [32m[Nest] 25472  - [39m10/05/2026, 4:44:18 pm [32m    LOG[39m [38;5;3m[NestFactory] [39m[32mStarting Nest application...[39m
2026-05-10 16:44:21: [32m[Nest] 30508  - [39m10/05/2026, 4:44:21 pm [32m    LOG[39m [38;5;3m[NestFactory] [39m[32mStarting Nest application...[39m
2026-05-10 16:44:24: [32m[Nest] 33896  - [39m10/05/2026, 4:44:24 pm [32m    LOG[39m [38;5;3m[NestFactory] [39m[32mStarting Nest application...[39m
2026-05-10 16:44:26: [32m[Nest] 26936  - [39m10/05/2026, 4:44:26 pm [32m    LOG[39m [38;5;3m[NestFactory] [39m[32mStarting Nest application...[39m
2026-05-10 16:44:29: [32m[Nest] 32300  - [39m10/05/2026, 4:44:29 pm [32m    LOG[39m [38;5;3m[NestFactory] [39m[32mStarting Nest application...[39m
2026-05-10 16:44:31: [32m[Nest] 19876  - [39m10/05/2026, 4:44:31 pm [32m    LOG[39m [38;5;3m[NestFactory] [39m[32mStarting Nest application...[39m
2026-05-10 16:44:34: [32m[Nest] 29320  - [39m10/05/2026, 4:44:34 pm [32m    LOG[39m [38;5;3m[NestFactory] [39m[32mStarting Nest application...[39m
2026-05-10 16:44:36: [32m[Nest] 6448  - [39m10/05/2026, 4:44:36 pm [32m    LOG[39m [38;5;3m[NestFactory] [39m[32mStarting Nest application...[39m
2026-05-10 16:44:39: [32m[Nest] 25020  - [39m10/05/2026, 4:44:39 pm [32m    LOG[39m [38;5;3m[NestFactory] [39m[32mStarting Nest application...[39m
2026-05-10 16:44:41: [32m[Nest] 25400  - [39m10/05/2026, 4:44:41 pm [32m    LOG[39m [38;5;3m[NestFactory] [39m[32mStarting Nest application...[39m
2026-05-10 16:44:44: [32m[Nest] 5784  - [39m10/05/2026, 4:44:44 pm [32m    LOG[39m [38;5;3m[NestFactory] [39m[32mStarting Nest application...[39m
2026-05-10 16:44:46: [32m[Nest] 18548  - [39m10/05/2026, 4:44:46 pm [32m    LOG[39m [38;5;3m[NestFactory] [39m[32mStarting Nest application...[39m
2026-05-10 16:44:49: [32m[Nest] 16052  - [39m10/05/2026, 4:44:49 pm [32m    LOG[39m [38;5;3m[NestFactory] [39m[32mStarting Nest application...[39m
2026-05-10 16:44:52: [32m[Nest] 28128  - [39m10/05/2026, 4:44:52 pm [32m    LOG[39m [38;5;3m[NestFactory] [39m[32mStarting Nest application...[39m
2026-05-10 16:44:54: [32m[Nest] 16844  - [39m10/05/2026, 4:44:54 pm [32m    LOG[39m [38;5;3m[NestFactory] [39m[32mStarting Nest application...[39m
2026-05-10 16:44:57: [32m[Nest] 28080  - [39m10/05/2026, 4:44:57 pm [32m    LOG[39m [38;5;3m[NestFactory] [39m[32mStarting Nest application...[39m
2026-05-10 16:44:59: [32m[Nest] 25720  - [39m10/05/2026, 4:44:59 pm [32m    LOG[39m [38;5;3m[NestFactory] [39m[32mStarting Nest application...[39m
2026-05-10 16:45:02: [32m[Nest] 24284  - [39m10/05/2026, 4:45:02 pm [32m    LOG[39m [38;5;3m[NestFactory] [39m[32mStarting Nest application...[39m
2026-05-10 16:45:04: [32m[Nest] 29140  - [39m10/05/2026, 4:45:04 pm [32m    LOG[39m [38;5;3m[NestFactory] [39m[32mStarting Nest application...[39m
2026-05-10 16:45:07: [32m[Nest] 3744  - [39m10/05/2026, 4:45:07 pm [32m    LOG[39m [38;5;3m[NestFactory] [39m[32mStarting Nest application...[39m
2026-05-10 16:45:09: [32m[Nest] 28200  - [39m10/05/2026, 4:45:09 pm [32m    LOG[39m [38;5;3m[NestFactory] [39m[32mStarting Nest application...[39m
2026-05-10 16:45:12: [32m[Nest] 30480  - [39m10/05/2026, 4:45:12 pm [32m    LOG[39m [38;5;3m[NestFactory] [39m[32mStarting Nest application...[39m
2026-05-10 16:45:15: [32m[Nest] 28828  - [39m10/05/2026, 4:45:15 pm [32m    LOG[39m [38;5;3m[NestFactory] [39m[32mStarting Nest application...[39m
2026-05-10 16:45:17: [32m[Nest] 29604  - [39m10/05/2026, 4:45:17 pm [32m    LOG[39m [38;5;3m[NestFactory] [39m[32mStarting Nest application...[39m
2026-05-10 16:45:20: [32m[Nest] 33836  - [39m10/05/2026, 4:45:20 pm [32m    LOG[39m [38;5;3m[NestFactory] [39m[32mStarting Nest application...[39m
2026-05-10 16:45:22: [32m[Nest] 12044  - [39m10/05/2026, 4:45:22 pm [32m    LOG[39m [38;5;3m[NestFactory] [39m[32mStarting Nest application...[39m
2026-05-10 16:45:25: [32m[Nest] 14760  - [39m10/05/2026, 4:45:25 pm [32m    LOG[39m [38;5;3m[NestFactory] [39m[32mStarting Nest application...[39m
2026-05-10 16:45:27: [32m[Nest] 24584  - [39m10/05/2026, 4:45:27 pm [32m    LOG[39m [38;5;3m[NestFactory] [39m[32mStarting Nest application...[39m
2026-05-10 16:45:30: [32m[Nest] 19876  - [39m10/05/2026, 4:45:30 pm [32m    LOG[39m [38;5;3m[NestFactory] [39m[32mStarting Nest application...[39m
2026-05-10 16:45:33: [32m[Nest] 29320  - [39m10/05/2026, 4:45:33 pm [32m    LOG[39m [38;5;3m[NestFactory] [39m[32mStarting Nest application...[39m
2026-05-10 16:45:35: [32m[Nest] 26768  - [39m10/05/2026, 4:45:35 pm [32m    LOG[39m [38;5;3m[NestFactory] [39m[32mStarting Nest application...[39m
2026-05-10 16:45:38: [32m[Nest] 25020  - [39m10/05/2026, 4:45:38 pm [32m    LOG[39m [38;5;3m[NestFactory] [39m[32mStarting Nest application...[39m
2026-05-10 16:45:40: [32m[Nest] 25576  - [39m10/05/2026, 4:45:40 pm [32m    LOG[39m [38;5;3m[NestFactory] [39m[32mStarting Nest application...[39m
2026-05-10 16:45:45: [32m[Nest] 25404  - [39m10/05/2026, 4:45:45 pm [32m    LOG[39m [38;5;3m[NestFactory] [39m[32mStarting Nest application...[39m
2026-05-10 16:45:48: [32m[Nest] 22904  - [39m10/05/2026, 4:45:48 pm [32m    LOG[39m [38;5;3m[NestFactory] [39m[32mStarting Nest application...[39m
2026-05-10 16:45:50: [32m[Nest] 21716  - [39m10/05/2026, 4:45:50 pm [32m    LOG[39m [38;5;3m[NestFactory] [39m[32mStarting Nest application...[39m
2026-05-10 16:45:53: [32m[Nest] 20316  - [39m10/05/2026, 4:45:53 pm [32m    LOG[39m [38;5;3m[NestFactory] [39m[32mStarting Nest application...[39m
2026-05-10 16:45:56: [32m[Nest] 27188  - [39m10/05/2026, 4:45:56 pm [32m    LOG[39m [38;5;3m[NestFactory] [39m[32mStarting Nest application...[39m
2026-05-10 16:45:59: [32m[Nest] 31372  - [39m10/05/2026, 4:45:59 pm [32m    LOG[39m [38;5;3m[NestFactory] [39m[32mStarting Nest application...[39m
2026-05-10 16:46:01: [32m[Nest] 26600  - [39m10/05/2026, 4:46:01 pm [32m    LOG[39m [38;5;3m[NestFactory] [39m[32mStarting Nest application...[39m
2026-05-10 16:46:04: [32m[Nest] 29900  - [39m10/05/2026, 4:46:04 pm [32m    LOG[39m [38;5;3m[NestFactory] [39m[32mStarting Nest application...[39m
2026-05-10 16:46:07: [32m[Nest] 19860  - [39m10/05/2026, 4:46:07 pm [32m    LOG[39m [38;5;3m[NestFactory] [39m[32mStarting Nest application...[39m
2026-05-10 16:46:09: [32m[Nest] 28232  - [39m10/05/2026, 4:46:09 pm [32m    LOG[39m [38;5;3m[NestFactory] [39m[32mStarting Nest application...[39m
2026-05-10 16:46:12: [32m[Nest] 29252  - [39m10/05/2026, 4:46:12 pm [32m    LOG[39m [38;5;3m[NestFactory] [39m[32mStarting Nest application...[39m
2026-05-10 16:46:14: [32m[Nest] 9140  - [39m10/05/2026, 4:46:14 pm [32m    LOG[39m [38;5;3m[NestFactory] [39m[32mStarting Nest application...[39m
2026-05-10 16:46:17: [32m[Nest] 23888  - [39m10/05/2026, 4:46:17 pm [32m    LOG[39m [38;5;3m[NestFactory] [39m[32mStarting Nest application...[39m
2026-05-10 16:46:19: [32m[Nest] 21700  - [39m10/05/2026, 4:46:19 pm [32m    LOG[39m [38;5;3m[NestFactory] [39m[32mStarting Nest application...[39m
2026-05-10 16:46:22: [32m[Nest] 22452  - [39m10/05/2026, 4:46:22 pm [32m    LOG[39m [38;5;3m[NestFactory] [39m[32mStarting Nest application...[39m
2026-05-10 16:46:25: [32m[Nest] 28368  - [39m10/05/2026, 4:46:25 pm [32m    LOG[39m [38;5;3m[NestFactory] [39m[32mStarting Nest application...[39m
2026-05-10 16:46:27: [32m[Nest] 23972  - [39m10/05/2026, 4:46:27 pm [32m    LOG[39m [38;5;3m[NestFactory] [39m[32mStarting Nest application...[39m
2026-05-10 16:46:30: [32m[Nest] 11244  - [39m10/05/2026, 4:46:30 pm [32m    LOG[39m [38;5;3m[NestFactory] [39m[32mStarting Nest application...[39m
2026-05-10 16:46:32: [32m[Nest] 34540  - [39m10/05/2026, 4:46:32 pm [32m    LOG[39m [38;5;3m[NestFactory] [39m[32mStarting Nest application...[39m
2026-05-10 16:46:35: [32m[Nest] 16988  - [39m10/05/2026, 4:46:35 pm [32m    LOG[39m [38;5;3m[NestFactory] [39m[32mStarting Nest application...[39m
2026-05-10 16:46:38: [32m[Nest] 4376  - [39m10/05/2026, 4:46:38 pm [32m    LOG[39m [38;5;3m[NestFactory] [39m[32mStarting Nest application...[39m
2026-05-10 16:46:40: [32m[Nest] 33036  - [39m10/05/2026, 4:46:40 pm [32m    LOG[39m [38;5;3m[NestFactory] [39m[32mStarting Nest application...[39m
2026-05-10 16:46:43: [32m[Nest] 29488  - [39m10/05/2026, 4:46:43 pm [32m    LOG[39m [38;5;3m[NestFactory] [39m[32mStarting Nest application...[39m
2026-05-10 16:46:45: [32m[Nest] 1496  - [39m10/05/2026, 4:46:45 pm [32m    LOG[39m [38;5;3m[NestFactory] [39m[32mStarting Nest application...[39m
2026-05-10 16:46:48: [32m[Nest] 30848  - [39m10/05/2026, 4:46:48 pm [32m    LOG[39m [38;5;3m[NestFactory] [39m[32mStarting Nest application...[39m
2026-05-10 16:46:50: [32m[Nest] 24492  - [39m10/05/2026, 4:46:50 pm [32m    LOG[39m [38;5;3m[NestFactory] [39m[32mStarting Nest application...[39m
2026-05-10 16:46:53: [32m[Nest] 17912  - [39m10/05/2026, 4:46:53 pm [32m    LOG[39m [38;5;3m[NestFactory] [39m[32mStarting Nest application...[39m
2026-05-10 16:46:55: [32m[Nest] 17556  - [39m10/05/2026, 4:46:55 pm [32m    LOG[39m [38;5;3m[NestFactory] [39m[32mStarting Nest application...[39m
2026-05-10 16:46:58: [32m[Nest] 13008  - [39m10/05/2026, 4:46:58 pm [32m    LOG[39m [38;5;3m[NestFactory] [39m[32mStarting Nest application...[39m
2026-05-10 16:47:00: [32m[Nest] 29324  - [39m10/05/2026, 4:47:00 pm [32m    LOG[39m [38;5;3m[NestFactory] [39m[32mStarting Nest application...[39m
2026-05-10 16:47:03: [32m[Nest] 2232  - [39m10/05/2026, 4:47:03 pm [32m    LOG[39m [38;5;3m[NestFactory] [39m[32mStarting Nest application...[39m
2026-05-10 16:47:06: [32m[Nest] 30040  - [39m10/05/2026, 4:47:06 pm [32m    LOG[39m [38;5;3m[NestFactory] [39m[32mStarting Nest application...[39m
2026-05-10 16:47:08: [32m[Nest] 24152  - [39m10/05/2026, 4:47:08 pm [32m    LOG[39m [38;5;3m[NestFactory] [39m[32mStarting Nest application...[39m
2026-05-10 16:47:11: [32m[Nest] 31648  - [39m10/05/2026, 4:47:11 pm [32m    LOG[39m [38;5;3m[NestFactory] [39m[32mStarting Nest application...[39m
2026-05-10 16:47:13: [32m[Nest] 23776  - [39m10/05/2026, 4:47:13 pm [32m    LOG[39m [38;5;3m[NestFactory] [39m[32mStarting Nest application...[39m
2026-05-10 16:47:16: [32m[Nest] 32708  - [39m10/05/2026, 4:47:16 pm [32m    LOG[39m [38;5;3m[NestFactory] [39m[32mStarting Nest application...[39m
2026-05-10 16:47:18: [32m[Nest] 27180  - [39m10/05/2026, 4:47:18 pm [32m    LOG[39m [38;5;3m[NestFactory] [39m[32mStarting Nest application...[39m
2026-05-10 16:47:21: [32m[Nest] 14972  - [39m10/05/2026, 4:47:21 pm [32m    LOG[39m [38;5;3m[NestFactory] [39m[32mStarting Nest application...[39m
2026-05-10 16:47:23: [32m[Nest] 23568  - [39m10/05/2026, 4:47:23 pm [32m    LOG[39m [38;5;3m[NestFactory] [39m[32mStarting Nest application...[39m
2026-05-10 16:47:26: [32m[Nest] 31684  - [39m10/05/2026, 4:47:26 pm [32m    LOG[39m [38;5;3m[NestFactory] [39m[32mStarting Nest application...[39m
2026-05-10 16:47:29: [32m[Nest] 24616  - [39m10/05/2026, 4:47:29 pm [32m    LOG[39m [38;5;3m[NestFactory] [39m[32mStarting Nest application...[39m
2026-05-10 16:47:31: [32m[Nest] 30536  - [39m10/05/2026, 4:47:31 pm [32m    LOG[39m [38;5;3m[NestFactory] [39m[32mStarting Nest application...[39m
2026-05-10 16:47:34: [32m[Nest] 23148  - [39m10/05/2026, 4:47:34 pm [32m    LOG[39m [38;5;3m[NestFactory] [39m[32mStarting Nest application...[39m
2026-05-10 16:47:36: [32m[Nest] 31892  - [39m10/05/2026, 4:47:36 pm [32m    LOG[39m [38;5;3m[NestFactory] [39m[32mStarting Nest application...[39m
2026-05-10 16:47:39: [32m[Nest] 32196  - [39m10/05/2026, 4:47:39 pm [32m    LOG[39m [38;5;3m[NestFactory] [39m[32mStarting Nest application...[39m
2026-05-10 16:47:41: [32m[Nest] 31012  - [39m10/05/2026, 4:47:41 pm [32m    LOG[39m [38;5;3m[NestFactory] [39m[32mStarting Nest application...[39m
2026-05-10 16:47:44: [32m[Nest] 22300  - [39m10/05/2026, 4:47:44 pm [32m    LOG[39m [38;5;3m[NestFactory] [39m[32mStarting Nest application...[39m
2026-05-10 16:47:47: [32m[Nest] 25720  - [39m10/05/2026, 4:47:47 pm [32m    LOG[39m [38;5;3m[NestFactory] [39m[32mStarting Nest application...[39m
2026-05-10 16:47:49: [32m[Nest] 5572  - [39m10/05/2026, 4:47:49 pm [32m    LOG[39m [38;5;3m[NestFactory] [39m[32mStarting Nest application...[39m
2026-05-10 16:47:52: [32m[Nest] 32736  - [39m10/05/2026, 4:47:52 pm [32m    LOG[39m [38;5;3m[NestFactory] [39m[32mStarting Nest application...[39m
2026-05-10 16:47:54: [32m[Nest] 25424  - [39m10/05/2026, 4:47:54 pm [32m    LOG[39m [38;5;3m[NestFactory] [39m[32mStarting Nest application...[39m
2026-05-10 16:47:57: [32m[Nest] 2024  - [39m10/05/2026, 4:47:57 pm [32m    LOG[39m [38;5;3m[NestFactory] [39m[32mStarting Nest application...[39m
2026-05-10 16:47:59: [32m[Nest] 9776  - [39m10/05/2026, 4:47:59 pm [32m    LOG[39m [38;5;3m[NestFactory] [39m[32mStarting Nest application...[39m
2026-05-10 16:48:02: [32m[Nest] 27376  - [39m10/05/2026, 4:48:02 pm [32m    LOG[39m [38;5;3m[NestFactory] [39m[32mStarting Nest application...[39m
2026-05-10 16:48:05: [32m[Nest] 25704  - [39m10/05/2026, 4:48:05 pm [32m    LOG[39m [38;5;3m[NestFactory] [39m[32mStarting Nest application...[39m
2026-05-10 16:48:07: [32m[Nest] 30668  - [39m10/05/2026, 4:48:07 pm [32m    LOG[39m [38;5;3m[NestFactory] [39m[32mStarting Nest application...[39m
2026-05-10 16:48:10: [32m[Nest] 32640  - [39m10/05/2026, 4:48:10 pm [32m    LOG[39m [38;5;3m[NestFactory] [39m[32mStarting Nest application...[39m
2026-05-10 16:48:12: [32m[Nest] 31428  - [39m10/05/2026, 4:48:12 pm [32m    LOG[39m [38;5;3m[NestFactory] [39m[32mStarting Nest application...[39m
2026-05-10 16:48:15: [32m[Nest] 30780  - [39m10/05/2026, 4:48:15 pm [32m    LOG[39m [38;5;3m[NestFactory] [39m[32mStarting Nest application...[39m
2026-05-10 16:48:18: [32m[Nest] 31812  - [39m10/05/2026, 4:48:18 pm [32m    LOG[39m [38;5;3m[NestFactory] [39m[32mStarting Nest application...[39m
2026-05-10 16:48:20: [32m[Nest] 28076  - [39m10/05/2026, 4:48:20 pm [32m    LOG[39m [38;5;3m[NestFactory] [39m[32mStarting Nest application...[39m
2026-05-10 16:48:23: [32m[Nest] 17488  - [39m10/05/2026, 4:48:23 pm [32m    LOG[39m [38;5;3m[NestFactory] [39m[32mStarting Nest application...[39m
2026-05-10 16:48:25: [32m[Nest] 25432  - [39m10/05/2026, 4:48:25 pm [32m    LOG[39m [38;5;3m[NestFactory] [39m[32mStarting Nest application...[39m
2026-05-10 16:48:28: [32m[Nest] 30636  - [39m10/05/2026, 4:48:28 pm [32m    LOG[39m [38;5;3m[NestFactory] [39m[32mStarting Nest application...[39m
2026-05-10 16:48:30: [32m[Nest] 16672  - [39m10/05/2026, 4:48:30 pm [32m    LOG[39m [38;5;3m[NestFactory] [39m[32mStarting Nest application...[39m
2026-05-10 16:48:33: [32m[Nest] 30536  - [39m10/05/2026, 4:48:33 pm [32m    LOG[39m [38;5;3m[NestFactory] [39m[32mStarting Nest application...[39m
2026-05-10 16:48:35: [32m[Nest] 31280  - [39m10/05/2026, 4:48:35 pm [32m    LOG[39m [38;5;3m[NestFactory] [39m[32mStarting Nest application...[39m
2026-05-10 16:48:38: [32m[Nest] 2200  - [39m10/05/2026, 4:48:38 pm [32m    LOG[39m [38;5;3m[NestFactory] [39m[32mStarting Nest application...[39m
2026-05-10 16:48:41: [32m[Nest] 26972  - [39m10/05/2026, 4:48:41 pm [32m    LOG[39m [38;5;3m[NestFactory] [39m[32mStarting Nest application...[39m
2026-05-10 16:48:43: [32m[Nest] 23840  - [39m10/05/2026, 4:48:43 pm [32m    LOG[39m [38;5;3m[NestFactory] [39m[32mStarting Nest application...[39m
2026-05-10 16:48:46: [32m[Nest] 24080  - [39m10/05/2026, 4:48:46 pm [32m    LOG[39m [38;5;3m[NestFactory] [39m[32mStarting Nest application...[39m
2026-05-10 16:48:49: [32m[Nest] 21332  - [39m10/05/2026, 4:48:49 pm [32m    LOG[39m [38;5;3m[NestFactory] [39m[32mStarting Nest application...[39m
2026-05-10 16:48:51: [32m[Nest] 18228  - [39m10/05/2026, 4:48:51 pm [32m    LOG[39m [38;5;3m[NestFactory] [39m[32mStarting Nest application...[39m
2026-05-10 16:48:54: [32m[Nest] 30392  - [39m10/05/2026, 4:48:54 pm [32m    LOG[39m [38;5;3m[NestFactory] [39m[32mStarting Nest application...[39m
2026-05-10 16:48:56: [32m[Nest] 19636  - [39m10/05/2026, 4:48:56 pm [32m    LOG[39m [38;5;3m[NestFactory] [39m[32mStarting Nest application...[39m
2026-05-10 16:48:59: [32m[Nest] 23380  - [39m10/05/2026, 4:48:59 pm [32m    LOG[39m [38;5;3m[NestFactory] [39m[32mStarting Nest application...[39m
2026-05-10 16:49:01: [32m[Nest] 22760  - [39m10/05/2026, 4:49:01 pm [32m    LOG[39m [38;5;3m[NestFactory] [39m[32mStarting Nest application...[39m
2026-05-10 16:49:04: [32m[Nest] 32072  - [39m10/05/2026, 4:49:04 pm [32m    LOG[39m [38;5;3m[NestFactory] [39m[32mStarting Nest application...[39m
2026-05-10 16:49:06: [32m[Nest] 26168  - [39m10/05/2026, 4:49:06 pm [32m    LOG[39m [38;5;3m[NestFactory] [39m[32mStarting Nest application...[39m
2026-05-10 16:49:09: [32m[Nest] 11184  - [39m10/05/2026, 4:49:09 pm [32m    LOG[39m [38;5;3m[NestFactory] [39m[32mStarting Nest application...[39m
2026-05-10 16:49:12: [32m[Nest] 24652  - [39m10/05/2026, 4:49:12 pm [32m    LOG[39m [38;5;3m[NestFactory] [39m[32mStarting Nest application...[39m
2026-05-10 16:49:14: [32m[Nest] 25840  - [39m10/05/2026, 4:49:14 pm [32m    LOG[39m [38;5;3m[NestFactory] [39m[32mStarting Nest application...[39m
2026-05-10 16:49:17: [32m[Nest] 30780  - [39m10/05/2026, 4:49:17 pm [32m    LOG[39m [38;5;3m[NestFactory] [39m[32mStarting Nest application...[39m
2026-05-10 16:49:20: [32m[Nest] 15184  - [39m10/05/2026, 4:49:20 pm [32m    LOG[39m [38;5;3m[NestFactory] [39m[32mStarting Nest application...[39m
2026-05-10 16:49:22: [32m[Nest] 29772  - [39m10/05/2026, 4:49:22 pm [32m    LOG[39m [38;5;3m[NestFactory] [39m[32mStarting Nest application...[39m
2026-05-10 16:49:25: [32m[Nest] 23936  - [39m10/05/2026, 4:49:25 pm [32m    LOG[39m [38;5;3m[NestFactory] [39m[32mStarting Nest application...[39m
2026-05-10 16:49:27: [32m[Nest] 12048  - [39m10/05/2026, 4:49:27 pm [32m    LOG[39m [38;5;3m[NestFactory] [39m[32mStarting Nest application...[39m
2026-05-10 16:49:30: [32m[Nest] 8844  - [39m10/05/2026, 4:49:30 pm [32m    LOG[39m [38;5;3m[NestFactory] [39m[32mStarting Nest application...[39m
2026-05-10 16:49:32: [32m[Nest] 20484  - [39m10/05/2026, 4:49:32 pm [32m    LOG[39m [38;5;3m[NestFactory] [39m[32mStarting Nest application...[39m
2026-05-10 16:49:35: [32m[Nest] 17720  - [39m10/05/2026, 4:49:35 pm [32m    LOG[39m [38;5;3m[NestFactory] [39m[32mStarting Nest application...[39m
2026-05-10 16:49:37: [32m[Nest] 20184  - [39m10/05/2026, 4:49:37 pm [32m    LOG[39m [38;5;3m[NestFactory] [39m[32mStarting Nest application...[39m
2026-05-10 16:49:40: [32m[Nest] 20916  - [39m10/05/2026, 4:49:40 pm [32m    LOG[39m [38;5;3m[NestFactory] [39m[32mStarting Nest application...[39m
2026-05-10 16:49:42: [32m[Nest] 23572  - [39m10/05/2026, 4:49:42 pm [32m    LOG[39m [38;5;3m[NestFactory] [39m[32mStarting Nest application...[39m
2026-05-10 16:49:45: [32m[Nest] 22640  - [39m10/05/2026, 4:49:45 pm [32m    LOG[39m [38;5;3m[NestFactory] [39m[32mStarting Nest application...[39m
2026-05-10 16:49:48: [32m[Nest] 12188  - [39m10/05/2026, 4:49:48 pm [32m    LOG[39m [38;5;3m[NestFactory] [39m[32mStarting Nest application...[39m
2026-05-10 16:49:50: [32m[Nest] 18860  - [39m10/05/2026, 4:49:50 pm [32m    LOG[39m [38;5;3m[NestFactory] [39m[32mStarting Nest application...[39m
2026-05-10 16:49:53: [32m[Nest] 26676  - [39m10/05/2026, 4:49:53 pm [32m    LOG[39m [38;5;3m[NestFactory] [39m[32mStarting Nest application...[39m
2026-05-10 16:49:55: [32m[Nest] 21340  - [39m10/05/2026, 4:49:55 pm [32m    LOG[39m [38;5;3m[NestFactory] [39m[32mStarting Nest application...[39m
2026-05-10 16:49:58: [32m[Nest] 33348  - [39m10/05/2026, 4:49:58 pm [32m    LOG[39m [38;5;3m[NestFactory] [39m[32mStarting Nest application...[39m
2026-05-10 16:50:01: [32m[Nest] 29284  - [39m10/05/2026, 4:50:01 pm [32m    LOG[39m [38;5;3m[NestFactory] [39m[32mStarting Nest application...[39m
2026-05-10 16:50:04: [32m[Nest] 13348  - [39m10/05/2026, 4:50:04 pm [32m    LOG[39m [38;5;3m[NestFactory] [39m[32mStarting Nest application...[39m
2026-05-10 16:50:06: [32m[Nest] 26168  - [39m10/05/2026, 4:50:06 pm [32m    LOG[39m [38;5;3m[NestFactory] [39m[32mStarting Nest application...[39m
2026-05-10 16:50:09: [32m[Nest] 16092  - [39m10/05/2026, 4:50:09 pm [32m    LOG[39m [38;5;3m[NestFactory] [39m[32mStarting Nest application...[39m
2026-05-10 16:50:11: [32m[Nest] 27928  - [39m10/05/2026, 4:50:11 pm [32m    LOG[39m [38;5;3m[NestFactory] [39m[32mStarting Nest application...[39m
2026-05-10 16:50:14: [32m[Nest] 23092  - [39m10/05/2026, 4:50:14 pm [32m    LOG[39m [38;5;3m[NestFactory] [39m[32mStarting Nest application...[39m
2026-05-10 16:50:16: [32m[Nest] 31752  - [39m10/05/2026, 4:50:16 pm [32m    LOG[39m [38;5;3m[NestFactory] [39m[32mStarting Nest application...[39m
2026-05-10 16:50:19: [32m[Nest] 32732  - [39m10/05/2026, 4:50:19 pm [32m    LOG[39m [38;5;3m[NestFactory] [39m[32mStarting Nest application...[39m
2026-05-10 16:50:21: [32m[Nest] 13888  - [39m10/05/2026, 4:50:21 pm [32m    LOG[39m [38;5;3m[NestFactory] [39m[32mStarting Nest application...[39m
2026-05-10 16:50:24: [32m[Nest] 12124  - [39m10/05/2026, 4:50:24 pm [32m    LOG[39m [38;5;3m[NestFactory] [39m[32mStarting Nest application...[39m
2026-05-10 16:50:26: [32m[Nest] 20344  - [39m10/05/2026, 4:50:26 pm [32m    LOG[39m [38;5;3m[NestFactory] [39m[32mStarting Nest application...[39m
2026-05-10 16:50:29: [32m[Nest] 30696  - [39m10/05/2026, 4:50:29 pm [32m    LOG[39m [38;5;3m[NestFactory] [39m[32mStarting Nest application...[39m
2026-05-10 16:50:31: [32m[Nest] 24648  - [39m10/05/2026, 4:50:31 pm [32m    LOG[39m [38;5;3m[NestFactory] [39m[32mStarting Nest application...[39m
2026-05-10 16:50:34: [32m[Nest] 23436  - [39m10/05/2026, 4:50:34 pm [32m    LOG[39m [38;5;3m[NestFactory] [39m[32mStarting Nest application...[39m
2026-05-10 16:50:36: [32m[Nest] 23648  - [39m10/05/2026, 4:50:36 pm [32m    LOG[39m [38;5;3m[NestFactory] [39m[32mStarting Nest application...[39m
2026-05-10 16:50:39: [32m[Nest] 23228  - [39m10/05/2026, 4:50:39 pm [32m    LOG[39m [38;5;3m[NestFactory] [39m[32mStarting Nest application...[39m
2026-05-10 16:50:41: [32m[Nest] 28200  - [39m10/05/2026, 4:50:41 pm [32m    LOG[39m [38;5;3m[NestFactory] [39m[32mStarting Nest application...[39m
2026-05-10 16:50:44: [32m[Nest] 21732  - [39m10/05/2026, 4:50:44 pm [32m    LOG[39m [38;5;3m[NestFactory] [39m[32mStarting Nest application...[39m
2026-05-10 16:50:47: [32m[Nest] 33688  - [39m10/05/2026, 4:50:47 pm [32m    LOG[39m [38;5;3m[NestFactory] [39m[32mStarting Nest application...[39m
2026-05-10 16:50:49: [32m[Nest] 25112  - [39m10/05/2026, 4:50:49 pm [32m    LOG[39m [38;5;3m[NestFactory] [39m[32mStarting Nest application...[39m
2026-05-10 16:50:52: [32m[Nest] 29628  - [39m10/05/2026, 4:50:52 pm [32m    LOG[39m [38;5;3m[NestFactory] [39m[32mStarting Nest application...[39m
2026-05-10 16:50:54: [32m[Nest] 13652  - [39m10/05/2026, 4:50:54 pm [32m    LOG[39m [38;5;3m[NestFactory] [39m[32mStarting Nest application...[39m
2026-05-10 16:50:57: [32m[Nest] 32340  - [39m10/05/2026, 4:50:57 pm [32m    LOG[39m [38;5;3m[NestFactory] [39m[32mStarting Nest application...[39m
2026-05-10 16:50:59: [32m[Nest] 31412  - [39m10/05/2026, 4:50:59 pm [32m    LOG[39m [38;5;3m[NestFactory] [39m[32mStarting Nest application...[39m
2026-05-10 16:51:02: [32m[Nest] 24312  - [39m10/05/2026, 4:51:02 pm [32m    LOG[39m [38;5;3m[NestFactory] [39m[32mStarting Nest application...[39m
2026-05-10 16:51:05: [32m[Nest] 16092  - [39m10/05/2026, 4:51:05 pm [32m    LOG[39m [38;5;3m[NestFactory] [39m[32mStarting Nest application...[39m
2026-05-10 16:51:07: [32m[Nest] 12196  - [39m10/05/2026, 4:51:07 pm [32m    LOG[39m [38;5;3m[NestFactory] [39m[32mStarting Nest application...[39m
2026-05-10 16:51:10: [32m[Nest] 31900  - [39m10/05/2026, 4:51:10 pm [32m    LOG[39m [38;5;3m[NestFactory] [39m[32mStarting Nest application...[39m
2026-05-10 16:51:12: [32m[Nest] 32800  - [39m10/05/2026, 4:51:12 pm [32m    LOG[39m [38;5;3m[NestFactory] [39m[32mStarting Nest application...[39m
2026-05-10 16:51:15: [32m[Nest] 21728  - [39m10/05/2026, 4:51:15 pm [32m    LOG[39m [38;5;3m[NestFactory] [39m[32mStarting Nest application...[39m
2026-05-10 16:51:17: [32m[Nest] 20420  - [39m10/05/2026, 4:51:17 pm [32m    LOG[39m [38;5;3m[NestFactory] [39m[32mStarting Nest application...[39m
2026-05-10 16:51:20: [32m[Nest] 5864  - [39m10/05/2026, 4:51:20 pm [32m    LOG[39m [38;5;3m[NestFactory] [39m[32mStarting Nest application...[39m
2026-05-10 16:51:22: [32m[Nest] 17256  - [39m10/05/2026, 4:51:22 pm [32m    LOG[39m [38;5;3m[NestFactory] [39m[32mStarting Nest application...[39m
2026-05-10 16:51:25: [32m[Nest] 31956  - [39m10/05/2026, 4:51:25 pm [32m    LOG[39m [38;5;3m[NestFactory] [39m[32mStarting Nest application...[39m
2026-05-10 16:51:27: [32m[Nest] 33660  - [39m10/05/2026, 4:51:27 pm [32m    LOG[39m [38;5;3m[NestFactory] [39m[32mStarting Nest application...[39m
2026-05-10 16:51:30: [32m[Nest] 28844  - [39m10/05/2026, 4:51:30 pm [32m    LOG[39m [38;5;3m[NestFactory] [39m[32mStarting Nest application...[39m
2026-05-10 16:51:33: [32m[Nest] 27836  - [39m10/05/2026, 4:51:33 pm [32m    LOG[39m [38;5;3m[NestFactory] [39m[32mStarting Nest application...[39m
2026-05-10 16:51:35: [32m[Nest] 30848  - [39m10/05/2026, 4:51:35 pm [32m    LOG[39m [38;5;3m[NestFactory] [39m[32mStarting Nest application...[39m
2026-05-10 16:51:38: [32m[Nest] 28200  - [39m10/05/2026, 4:51:38 pm [32m    LOG[39m [38;5;3m[NestFactory] [39m[32mStarting Nest application...[39m
2026-05-10 16:51:40: [32m[Nest] 13004  - [39m10/05/2026, 4:51:40 pm [32m    LOG[39m [38;5;3m[NestFactory] [39m[32mStarting Nest application...[39m
2026-05-10 16:51:43: [32m[Nest] 29760  - [39m10/05/2026, 4:51:43 pm [32m    LOG[39m [38;5;3m[NestFactory] [39m[32mStarting Nest application...[39m
2026-05-10 16:51:45: [32m[Nest] 31328  - [39m10/05/2026, 4:51:45 pm [32m    LOG[39m [38;5;3m[NestFactory] [39m[32mStarting Nest application...[39m
2026-05-10 16:51:48: [32m[Nest] 16736  - [39m10/05/2026, 4:51:48 pm [32m    LOG[39m [38;5;3m[NestFactory] [39m[32mStarting Nest application...[39m
2026-05-10 16:51:51: [32m[Nest] 31896  - [39m10/05/2026, 4:51:51 pm [32m    LOG[39m [38;5;3m[NestFactory] [39m[32mStarting Nest application...[39m
2026-05-10 16:51:53: [32m[Nest] 34376  - [39m10/05/2026, 4:51:53 pm [32m    LOG[39m [38;5;3m[NestFactory] [39m[32mStarting Nest application...[39m
2026-05-10 16:51:56: [32m[Nest] 20988  - [39m10/05/2026, 4:51:56 pm [32m    LOG[39m [38;5;3m[NestFactory] [39m[32mStarting Nest application...[39m
2026-05-10 16:51:58: [32m[Nest] 25472  - [39m10/05/2026, 4:51:58 pm [32m    LOG[39m [38;5;3m[NestFactory] [39m[32mStarting Nest application...[39m
2026-05-10 16:52:01: [32m[Nest] 30472  - [39m10/05/2026, 4:52:01 pm [32m    LOG[39m [38;5;3m[NestFactory] [39m[32mStarting Nest application...[39m
2026-05-10 16:52:03: [32m[Nest] 6772  - [39m10/05/2026, 4:52:03 pm [32m    LOG[39m [38;5;3m[NestFactory] [39m[32mStarting Nest application...[39m
2026-05-10 16:52:06: [32m[Nest] 22460  - [39m10/05/2026, 4:52:06 pm [32m    LOG[39m [38;5;3m[NestFactory] [39m[32mStarting Nest application...[39m
2026-05-10 16:52:09: [32m[Nest] 8892  - [39m10/05/2026, 4:52:09 pm [32m    LOG[39m [38;5;3m[NestFactory] [39m[32mStarting Nest application...[39m
2026-05-10 16:52:11: [32m[Nest] 2620  - [39m10/05/2026, 4:52:11 pm [32m    LOG[39m [38;5;3m[NestFactory] [39m[32mStarting Nest application...[39m
2026-05-10 16:52:14: [32m[Nest] 27404  - [39m10/05/2026, 4:52:14 pm [32m    LOG[39m [38;5;3m[NestFactory] [39m[32mStarting Nest application...[39m
2026-05-10 16:52:16: [32m[Nest] 24664  - [39m10/05/2026, 4:52:16 pm [32m    LOG[39m [38;5;3m[NestFactory] [39m[32mStarting Nest application...[39m
2026-05-10 16:52:19: [32m[Nest] 32780  - [39m10/05/2026, 4:52:19 pm [32m    LOG[39m [38;5;3m[NestFactory] [39m[32mStarting Nest application...[39m
2026-05-10 16:52:21: [32m[Nest] 27524  - [39m10/05/2026, 4:52:21 pm [32m    LOG[39m [38;5;3m[NestFactory] [39m[32mStarting Nest application...[39m
2026-05-10 16:52:24: [32m[Nest] 31400  - [39m10/05/2026, 4:52:24 pm [32m    LOG[39m [38;5;3m[NestFactory] [39m[32mStarting Nest application...[39m
2026-05-10 16:52:26: [32m[Nest] 22952  - [39m10/05/2026, 4:52:26 pm [32m    LOG[39m [38;5;3m[NestFactory] [39m[32mStarting Nest application...[39m
2026-05-10 16:52:29: [32m[Nest] 26128  - [39m10/05/2026, 4:52:29 pm [32m    LOG[39m [38;5;3m[NestFactory] [39m[32mStarting Nest application...[39m
2026-05-10 16:52:32: [32m[Nest] 28180  - [39m10/05/2026, 4:52:32 pm [32m    LOG[39m [38;5;3m[NestFactory] [39m[32mStarting Nest application...[39m
2026-05-10 16:52:34: [32m[Nest] 17912  - [39m10/05/2026, 4:52:34 pm [32m    LOG[39m [38;5;3m[NestFactory] [39m[32mStarting Nest application...[39m
2026-05-10 16:52:37: [32m[Nest] 21536  - [39m10/05/2026, 4:52:37 pm [32m    LOG[39m [38;5;3m[NestFactory] [39m[32mStarting Nest application...[39m
2026-05-10 16:52:39: [32m[Nest] 29908  - [39m10/05/2026, 4:52:39 pm [32m    LOG[39m [38;5;3m[NestFactory] [39m[32mStarting Nest application...[39m
2026-05-10 16:52:42: [32m[Nest] 5988  - [39m10/05/2026, 4:52:42 pm [32m    LOG[39m [38;5;3m[NestFactory] [39m[32mStarting Nest application...[39m
2026-05-10 16:52:44: [32m[Nest] 9816  - [39m10/05/2026, 4:52:44 pm [32m    LOG[39m [38;5;3m[NestFactory] [39m[32mStarting Nest application...[39m
2026-05-10 16:52:47: [32m[Nest] 25424  - [39m10/05/2026, 4:52:47 pm [32m    LOG[39m [38;5;3m[NestFactory] [39m[32mStarting Nest application...[39m
2026-05-10 16:52:49: [32m[Nest] 17032  - [39m10/05/2026, 4:52:49 pm [32m    LOG[39m [38;5;3m[NestFactory] [39m[32mStarting Nest application...[39m
2026-05-10 16:52:52: [32m[Nest] 23380  - [39m10/05/2026, 4:52:52 pm [32m    LOG[39m [38;5;3m[NestFactory] [39m[32mStarting Nest application...[39m
2026-05-10 16:52:55: [32m[Nest] 13552  - [39m10/05/2026, 4:52:55 pm [32m    LOG[39m [38;5;3m[NestFactory] [39m[32mStarting Nest application...[39m
2026-05-10 16:52:57: [32m[Nest] 29836  - [39m10/05/2026, 4:52:57 pm [32m    LOG[39m [38;5;3m[NestFactory] [39m[32mStarting Nest application...[39m
2026-05-10 16:53:00: [32m[Nest] 25236  - [39m10/05/2026, 4:53:00 pm [32m    LOG[39m [38;5;3m[NestFactory] [39m[32mStarting Nest application...[39m
2026-05-10 16:53:02: [32m[Nest] 23208  - [39m10/05/2026, 4:53:02 pm [32m    LOG[39m [38;5;3m[NestFactory] [39m[32mStarting Nest application...[39m
2026-05-10 16:53:05: [32m[Nest] 33020  - [39m10/05/2026, 4:53:05 pm [32m    LOG[39m [38;5;3m[NestFactory] [39m[32mStarting Nest application...[39m
2026-05-10 16:53:07: [32m[Nest] 32800  - [39m10/05/2026, 4:53:07 pm [32m    LOG[39m [38;5;3m[NestFactory] [39m[32mStarting Nest application...[39m
2026-05-10 16:53:10: [32m[Nest] 2620  - [39m10/05/2026, 4:53:10 pm [32m    LOG[39m [38;5;3m[NestFactory] [39m[32mStarting Nest application...[39m
2026-05-10 16:53:12: [32m[Nest] 29660  - [39m10/05/2026, 4:53:12 pm [32m    LOG[39m [38;5;3m[NestFactory] [39m[32mStarting Nest application...[39m
2026-05-10 16:53:15: [32m[Nest] 32156  - [39m10/05/2026, 4:53:15 pm [32m    LOG[39m [38;5;3m[NestFactory] [39m[32mStarting Nest application...[39m
2026-05-10 16:53:17: [32m[Nest] 3464  - [39m10/05/2026, 4:53:17 pm [32m    LOG[39m [38;5;3m[NestFactory] [39m[32mStarting Nest application...[39m
2026-05-10 16:53:20: [32m[Nest] 14660  - [39m10/05/2026, 4:53:20 pm [32m    LOG[39m [38;5;3m[NestFactory] [39m[32mStarting Nest application...[39m
2026-05-10 16:53:22: [32m[Nest] 20964  - [39m10/05/2026, 4:53:22 pm [32m    LOG[39m [38;5;3m[NestFactory] [39m[32mStarting Nest application...[39m
2026-05-10 16:53:25: [32m[Nest] 17576  - [39m10/05/2026, 4:53:25 pm [32m    LOG[39m [38;5;3m[NestFactory] [39m[32mStarting Nest application...[39m
2026-05-10 16:53:27: [32m[Nest] 18892  - [39m10/05/2026, 4:53:27 pm [32m    LOG[39m [38;5;3m[NestFactory] [39m[32mStarting Nest application...[39m
2026-05-10 16:53:30: [32m[Nest] 22956  - [39m10/05/2026, 4:53:30 pm [32m    LOG[39m [38;5;3m[NestFactory] [39m[32mStarting Nest application...[39m
2026-05-10 16:53:33: [32m[Nest] 14588  - [39m10/05/2026, 4:53:33 pm [32m    LOG[39m [38;5;3m[NestFactory] [39m[32mStarting Nest application...[39m
2026-05-10 16:53:35: [32m[Nest] 24848  - [39m10/05/2026, 4:53:35 pm [32m    LOG[39m [38;5;3m[NestFactory] [39m[32mStarting Nest application...[39m
2026-05-10 16:53:38: [32m[Nest] 30092  - [39m10/05/2026, 4:53:38 pm [32m    LOG[39m [38;5;3m[NestFactory] [39m[32mStarting Nest application...[39m
2026-05-10 16:53:40: [32m[Nest] 27544  - [39m10/05/2026, 4:53:40 pm [32m    LOG[39m [38;5;3m[NestFactory] [39m[32mStarting Nest application...[39m
2026-05-10 16:53:43: [32m[Nest] 28528  - [39m10/05/2026, 4:53:43 pm [32m    LOG[39m [38;5;3m[NestFactory] [39m[32mStarting Nest application...[39m
2026-05-10 16:53:46: [32m[Nest] 10928  - [39m10/05/2026, 4:53:46 pm [32m    LOG[39m [38;5;3m[NestFactory] [39m[32mStarting Nest application...[39m
2026-05-10 16:53:48: [32m[Nest] 31352  - [39m10/05/2026, 4:53:48 pm [32m    LOG[39m [38;5;3m[NestFactory] [39m[32mStarting Nest application...[39m
2026-05-10 16:53:51: [32m[Nest] 20688  - [39m10/05/2026, 4:53:51 pm [32m    LOG[39m [38;5;3m[NestFactory] [39m[32mStarting Nest application...[39m
2026-05-10 16:53:53: [32m[Nest] 11856  - [39m10/05/2026, 4:53:53 pm [32m    LOG[39m [38;5;3m[NestFactory] [39m[32mStarting Nest application...[39m
2026-05-10 16:53:56: [32m[Nest] 33440  - [39m10/05/2026, 4:53:56 pm [32m    LOG[39m [38;5;3m[NestFactory] [39m[32mStarting Nest application...[39m
2026-05-10 16:53:58: [32m[Nest] 25620  - [39m10/05/2026, 4:53:58 pm [32m    LOG[39m [38;5;3m[NestFactory] [39m[32mStarting Nest application...[39m
2026-05-10 16:54:01: [32m[Nest] 22868  - [39m10/05/2026, 4:54:01 pm [32m    LOG[39m [38;5;3m[NestFactory] [39m[32mStarting Nest application...[39m
2026-05-10 16:54:03: [32m[Nest] 23408  - [39m10/05/2026, 4:54:03 pm [32m    LOG[39m [38;5;3m[NestFactory] [39m[32mStarting Nest application...[39m
2026-05-10 16:54:06: [32m[Nest] 30840  - [39m10/05/2026, 4:54:06 pm [32m    LOG[39m [38;5;3m[NestFactory] [39m[32mStarting Nest application...[39m
2026-05-10 16:54:09: [32m[Nest] 30460  - [39m10/05/2026, 4:54:09 pm [32m    LOG[39m [38;5;3m[NestFactory] [39m[32mStarting Nest application...[39m
2026-05-10 16:54:11: [32m[Nest] 15552  - [39m10/05/2026, 4:54:11 pm [32m    LOG[39m [38;5;3m[NestFactory] [39m[32mStarting Nest application...[39m
2026-05-10 16:54:14: [32m[Nest] 32400  - [39m10/05/2026, 4:54:14 pm [32m    LOG[39m [38;5;3m[NestFactory] [39m[32mStarting Nest application...[39m
2026-05-10 16:54:16: [32m[Nest] 23112  - [39m10/05/2026, 4:54:16 pm [32m    LOG[39m [38;5;3m[NestFactory] [39m[32mStarting Nest application...[39m
2026-05-10 16:54:19: [32m[Nest] 12032  - [39m10/05/2026, 4:54:19 pm [32m    LOG[39m [38;5;3m[NestFactory] [39m[32mStarting Nest application...[39m
2026-05-10 16:54:21: [32m[Nest] 9904  - [39m10/05/2026, 4:54:21 pm [32m    LOG[39m [38;5;3m[NestFactory] [39m[32mStarting Nest application...[39m
2026-05-10 16:54:24: [32m[Nest] 20916  - [39m10/05/2026, 4:54:24 pm [32m    LOG[39m [38;5;3m[NestFactory] [39m[32mStarting Nest application...[39m
2026-05-10 16:54:26: [32m[Nest] 32320  - [39m10/05/2026, 4:54:26 pm [32m    LOG[39m [38;5;3m[NestFactory] [39m[32mStarting Nest application...[39m
2026-05-10 16:54:29: [32m[Nest] 24868  - [39m10/05/2026, 4:54:29 pm [32m    LOG[39m [38;5;3m[NestFactory] [39m[32mStarting Nest application...[39m
2026-05-10 16:54:31: [32m[Nest] 30332  - [39m10/05/2026, 4:54:31 pm [32m    LOG[39m [38;5;3m[NestFactory] [39m[32mStarting Nest application...[39m
2026-05-10 16:54:34: [32m[Nest] 21536  - [39m10/05/2026, 4:54:34 pm [32m    LOG[39m [38;5;3m[NestFactory] [39m[32mStarting Nest application...[39m
2026-05-10 16:54:37: [32m[Nest] 9652  - [39m10/05/2026, 4:54:37 pm [32m    LOG[39m [38;5;3m[NestFactory] [39m[32mStarting Nest application...[39m
2026-05-10 16:54:39: [32m[Nest] 26112  - [39m10/05/2026, 4:54:39 pm [32m    LOG[39m [38;5;3m[NestFactory] [39m[32mStarting Nest application...[39m
2026-05-10 16:54:42: [32m[Nest] 5452  - [39m10/05/2026, 4:54:42 pm [32m    LOG[39m [38;5;3m[NestFactory] [39m[32mStarting Nest application...[39m
2026-05-10 16:54:44: [32m[Nest] 33884  - [39m10/05/2026, 4:54:44 pm [32m    LOG[39m [38;5;3m[NestFactory] [39m[32mStarting Nest application...[39m
2026-05-10 16:54:47: [32m[Nest] 21468  - [39m10/05/2026, 4:54:47 pm [32m    LOG[39m [38;5;3m[NestFactory] [39m[32mStarting Nest application...[39m
2026-05-10 16:54:49: [32m[Nest] 28832  - [39m10/05/2026, 4:54:49 pm [32m    LOG[39m [38;5;3m[NestFactory] [39m[32mStarting Nest application...[39m
2026-05-10 16:54:52: [32m[Nest] 5552  - [39m10/05/2026, 4:54:52 pm [32m    LOG[39m [38;5;3m[NestFactory] [39m[32mStarting Nest application...[39m
2026-05-10 16:54:54: [32m[Nest] 31152  - [39m10/05/2026, 4:54:54 pm [32m    LOG[39m [38;5;3m[NestFactory] [39m[32mStarting Nest application...[39m
2026-05-10 16:54:57: [32m[Nest] 24204  - [39m10/05/2026, 4:54:57 pm [32m    LOG[39m [38;5;3m[NestFactory] [39m[32mStarting Nest application...[39m
2026-05-10 16:55:00: [32m[Nest] 15820  - [39m10/05/2026, 4:55:00 pm [32m    LOG[39m [38;5;3m[NestFactory] [39m[32mStarting Nest application...[39m
2026-05-10 16:55:02: [32m[Nest] 21748  - [39m10/05/2026, 4:55:02 pm [32m    LOG[39m [38;5;3m[NestFactory] [39m[32mStarting Nest application...[39m
2026-05-10 16:55:05: [32m[Nest] 31984  - [39m10/05/2026, 4:55:05 pm [32m    LOG[39m [38;5;3m[NestFactory] [39m[32mStarting Nest application...[39m
2026-05-10 16:55:08: [32m[Nest] 13208  - [39m10/05/2026, 4:55:08 pm [32m    LOG[39m [38;5;3m[NestFactory] [39m[32mStarting Nest application...[39m
2026-05-10 16:55:10: [32m[Nest] 19564  - [39m10/05/2026, 4:55:10 pm [32m    LOG[39m [38;5;3m[NestFactory] [39m[32mStarting Nest application...[39m
2026-05-10 16:55:13: [32m[Nest] 28020  - [39m10/05/2026, 4:55:13 pm [32m    LOG[39m [38;5;3m[NestFactory] [39m[32mStarting Nest application...[39m
2026-05-10 16:55:15: [32m[Nest] 31956  - [39m10/05/2026, 4:55:15 pm [32m    LOG[39m [38;5;3m[NestFactory] [39m[32mStarting Nest application...[39m
2026-05-10 16:55:18: [32m[Nest] 18332  - [39m10/05/2026, 4:55:18 pm [32m    LOG[39m [38;5;3m[NestFactory] [39m[32mStarting Nest application...[39m
2026-05-10 16:55:20: [32m[Nest] 11020  - [39m10/05/2026, 4:55:20 pm [32m    LOG[39m [38;5;3m[NestFactory] [39m[32mStarting Nest application...[39m
2026-05-10 16:55:23: [32m[Nest] 2956  - [39m10/05/2026, 4:55:23 pm [32m    LOG[39m [38;5;3m[NestFactory] [39m[32mStarting Nest application...[39m
2026-05-10 16:55:25: [32m[Nest] 6440  - [39m10/05/2026, 4:55:25 pm [32m    LOG[39m [38;5;3m[NestFactory] [39m[32mStarting Nest application...[39m
2026-05-10 16:55:28: [32m[Nest] 13240  - [39m10/05/2026, 4:55:28 pm [32m    LOG[39m [38;5;3m[NestFactory] [39m[32mStarting Nest application...[39m
2026-05-10 16:55:30: [32m[Nest] 12604  - [39m10/05/2026, 4:55:30 pm [32m    LOG[39m [38;5;3m[NestFactory] [39m[32mStarting Nest application...[39m
2026-05-10 16:55:33: [32m[Nest] 31612  - [39m10/05/2026, 4:55:33 pm [32m    LOG[39m [38;5;3m[NestFactory] [39m[32mStarting Nest application...[39m
2026-05-10 16:55:35: [32m[Nest] 23956  - [39m10/05/2026, 4:55:35 pm [32m    LOG[39m [38;5;3m[NestFactory] [39m[32mStarting Nest application...[39m
2026-05-10 16:55:38: [32m[Nest] 4828  - [39m10/05/2026, 4:55:38 pm [32m    LOG[39m [38;5;3m[NestFactory] [39m[32mStarting Nest application...[39m
2026-05-10 16:55:41: [32m[Nest] 19572  - [39m10/05/2026, 4:55:41 pm [32m    LOG[39m [38;5;3m[NestFactory] [39m[32mStarting Nest application...[39m
2026-05-10 16:55:43: [32m[Nest] 26620  - [39m10/05/2026, 4:55:43 pm [32m    LOG[39m [38;5;3m[NestFactory] [39m[32mStarting Nest application...[39m
2026-05-10 16:55:46: [32m[Nest] 25892  - [39m10/05/2026, 4:55:46 pm [32m    LOG[39m [38;5;3m[NestFactory] [39m[32mStarting Nest application...[39m
2026-05-10 16:55:48: [32m[Nest] 20216  - [39m10/05/2026, 4:55:48 pm [32m    LOG[39m [38;5;3m[NestFactory] [39m[32mStarting Nest application...[39m
2026-05-10 16:55:51: [32m[Nest] 10556  - [39m10/05/2026, 4:55:51 pm [32m    LOG[39m [38;5;3m[NestFactory] [39m[32mStarting Nest application...[39m
2026-05-10 16:55:53: [32m[Nest] 31900  - [39m10/05/2026, 4:55:53 pm [32m    LOG[39m [38;5;3m[NestFactory] [39m[32mStarting Nest application...[39m
2026-05-10 16:55:56: [32m[Nest] 6116  - [39m10/05/2026, 4:55:56 pm [32m    LOG[39m [38;5;3m[NestFactory] [39m[32mStarting Nest application...[39m
2026-05-10 16:55:58: [32m[Nest] 32800  - [39m10/05/2026, 4:55:58 pm [32m    LOG[39m [38;5;3m[NestFactory] [39m[32mStarting Nest application...[39m
2026-05-10 16:56:01: [32m[Nest] 28028  - [39m10/05/2026, 4:56:01 pm [32m    LOG[39m [38;5;3m[NestFactory] [39m[32mStarting Nest application...[39m
2026-05-10 16:56:04: [32m[Nest] 30580  - [39m10/05/2026, 4:56:04 pm [32m    LOG[39m [38;5;3m[NestFactory] [39m[32mStarting Nest application...[39m
2026-05-10 16:56:06: [32m[Nest] 13208  - [39m10/05/2026, 4:56:06 pm [32m    LOG[39m [38;5;3m[NestFactory] [39m[32mStarting Nest application...[39m
2026-05-10 16:56:09: [32m[Nest] 1864  - [39m10/05/2026, 4:56:09 pm [32m    LOG[39m [38;5;3m[NestFactory] [39m[32mStarting Nest application...[39m
2026-05-10 16:56:11: [32m[Nest] 20728  - [39m10/05/2026, 4:56:11 pm [32m    LOG[39m [38;5;3m[NestFactory] [39m[32mStarting Nest application...[39m
2026-05-10 16:56:14: [32m[Nest] 6332  - [39m10/05/2026, 4:56:14 pm [32m    LOG[39m [38;5;3m[NestFactory] [39m[32mStarting Nest application...[39m
2026-05-10 16:56:16: [32m[Nest] 32412  - [39m10/05/2026, 4:56:16 pm [32m    LOG[39m [38;5;3m[NestFactory] [39m[32mStarting Nest application...[39m
2026-05-10 16:56:19: [32m[Nest] 11020  - [39m10/05/2026, 4:56:19 pm [32m    LOG[39m [38;5;3m[NestFactory] [39m[32mStarting Nest application...[39m
2026-05-10 16:56:21: [32m[Nest] 27868  - [39m10/05/2026, 4:56:21 pm [32m    LOG[39m [38;5;3m[NestFactory] [39m[32mStarting Nest application...[39m
2026-05-10 16:56:24: [32m[Nest] 23356  - [39m10/05/2026, 4:56:24 pm [32m    LOG[39m [38;5;3m[NestFactory] [39m[32mStarting Nest application...[39m
2026-05-10 16:56:26: [32m[Nest] 34224  - [39m10/05/2026, 4:56:26 pm [32m    LOG[39m [38;5;3m[NestFactory] [39m[32mStarting Nest application...[39m
2026-05-10 16:56:29: [32m[Nest] 10832  - [39m10/05/2026, 4:56:29 pm [32m    LOG[39m [38;5;3m[NestFactory] [39m[32mStarting Nest application...[39m
2026-05-10 16:56:31: [32m[Nest] 31632  - [39m10/05/2026, 4:56:31 pm [32m    LOG[39m [38;5;3m[NestFactory] [39m[32mStarting Nest application...[39m
2026-05-10 16:56:34: [32m[Nest] 23876  - [39m10/05/2026, 4:56:34 pm [32m    LOG[39m [38;5;3m[NestFactory] [39m[32mStarting Nest application...[39m
2026-05-10 16:56:36: [32m[Nest] 14960  - [39m10/05/2026, 4:56:36 pm [32m    LOG[39m [38;5;3m[NestFactory] [39m[32mStarting Nest application...[39m
2026-05-10 16:56:39: [32m[Nest] 11028  - [39m10/05/2026, 4:56:39 pm [32m    LOG[39m [38;5;3m[NestFactory] [39m[32mStarting Nest application...[39m
2026-05-10 16:56:42: [32m[Nest] 28940  - [39m10/05/2026, 4:56:42 pm [32m    LOG[39m [38;5;3m[NestFactory] [39m[32mStarting Nest application...[39m
2026-05-10 16:56:44: [32m[Nest] 11328  - [39m10/05/2026, 4:56:44 pm [32m    LOG[39m [38;5;3m[NestFactory] [39m[32mStarting Nest application...[39m
2026-05-10 16:56:47: [32m[Nest] 8692  - [39m10/05/2026, 4:56:47 pm [32m    LOG[39m [38;5;3m[NestFactory] [39m[32mStarting Nest application...[39m
2026-05-10 16:56:49: [32m[Nest] 31748  - [39m10/05/2026, 4:56:49 pm [32m    LOG[39m [38;5;3m[NestFactory] [39m[32mStarting Nest application...[39m
2026-05-10 16:56:52: [32m[Nest] 24804  - [39m10/05/2026, 4:56:52 pm [32m    LOG[39m [38;5;3m[NestFactory] [39m[32mStarting Nest application...[39m
2026-05-10 16:56:54: [32m[Nest] 28060  - [39m10/05/2026, 4:56:54 pm [32m    LOG[39m [38;5;3m[NestFactory] [39m[32mStarting Nest application...[39m
2026-05-10 16:56:57: [32m[Nest] 32684  - [39m10/05/2026, 4:56:57 pm [32m    LOG[39m [38;5;3m[NestFactory] [39m[32mStarting Nest application...[39m
2026-05-10 16:56:59: [32m[Nest] 32156  - [39m10/05/2026, 4:56:59 pm [32m    LOG[39m [38;5;3m[NestFactory] [39m[32mStarting Nest application...[39m
2026-05-10 16:57:02: [32m[Nest] 32604  - [39m10/05/2026, 4:57:02 pm [32m    LOG[39m [38;5;3m[NestFactory] [39m[32mStarting Nest application...[39m
2026-05-10 16:57:05: [32m[Nest] 28744  - [39m10/05/2026, 4:57:05 pm [32m    LOG[39m [38;5;3m[NestFactory] [39m[32mStarting Nest application...[39m
2026-05-10 16:57:07: [32m[Nest] 1888  - [39m10/05/2026, 4:57:07 pm [32m    LOG[39m [38;5;3m[NestFactory] [39m[32mStarting Nest application...[39m
2026-05-10 16:57:15: [32m[Nest] 23840  - [39m10/05/2026, 4:57:15 pm [32m    LOG[39m [38;5;3m[NestFactory] [39m[32mStarting Nest application...[39m
2026-05-10 16:57:19: [32m[Nest] 11160  - [39m10/05/2026, 4:57:19 pm [32m    LOG[39m [38;5;3m[NestFactory] [39m[32mStarting Nest application...[39m
2026-05-10 16:57:22: [32m[Nest] 8892  - [39m10/05/2026, 4:57:22 pm [32m    LOG[39m [38;5;3m[NestFactory] [39m[32mStarting Nest application...[39m
2026-05-10 16:57:26: [32m[Nest] 23332  - [39m10/05/2026, 4:57:26 pm [32m    LOG[39m [38;5;3m[NestFactory] [39m[32mStarting Nest application...[39m
2026-05-10 16:57:29: [32m[Nest] 16212  - [39m10/05/2026, 4:57:29 pm [32m    LOG[39m [38;5;3m[NestFactory] [39m[32mStarting Nest application...[39m
2026-05-10 16:57:32: [32m[Nest] 14936  - [39m10/05/2026, 4:57:32 pm [32m    LOG[39m [38;5;3m[NestFactory] [39m[32mStarting Nest application...[39m
2026-05-10 16:57:34: [32m[Nest] 31840  - [39m10/05/2026, 4:57:34 pm [32m    LOG[39m [38;5;3m[NestFactory] [39m[32mStarting Nest application...[39m
2026-05-10 16:57:36: [32m[Nest] 32708  - [39m10/05/2026, 4:57:36 pm [32m    LOG[39m [38;5;3m[NestFactory] [39m[32mStarting Nest application...[39m
2026-05-10 16:57:38: [32m[Nest] 33660  - [39m10/05/2026, 4:57:38 pm [32m    LOG[39m [38;5;3m[NestFactory] [39m[32mStarting Nest application...[39m
2026-05-10 16:57:41: [32m[Nest] 30476  - [39m10/05/2026, 4:57:41 pm [32m    LOG[39m [38;5;3m[NestFactory] [39m[32mStarting Nest application...[39m
2026-05-10 16:57:43: [32m[Nest] 25880  - [39m10/05/2026, 4:57:43 pm [32m    LOG[39m [38;5;3m[NestFactory] [39m[32mStarting Nest application...[39m
2026-05-10 16:57:45: [32m[Nest] 27768  - [39m10/05/2026, 4:57:45 pm [32m    LOG[39m [38;5;3m[NestFactory] [39m[32mStarting Nest application...[39m
2026-05-10 16:57:47: [32m[Nest] 28848  - [39m10/05/2026, 4:57:47 pm [32m    LOG[39m [38;5;3m[NestFactory] [39m[32mStarting Nest application...[39m
2026-05-10 16:57:49: [32m[Nest] 3660  - [39m10/05/2026, 4:57:49 pm [32m    LOG[39m [38;5;3m[NestFactory] [39m[32mStarting Nest application...[39m
2026-05-10 16:57:51: [32m[Nest] 29628  - [39m10/05/2026, 4:57:51 pm [32m    LOG[39m [38;5;3m[NestFactory] [39m[32mStarting Nest application...[39m
2026-05-10 16:57:53: [32m[Nest] 31876  - [39m10/05/2026, 4:57:53 pm [32m    LOG[39m [38;5;3m[NestFactory] [39m[32mStarting Nest application...[39m
2026-05-10 16:57:55: [32m[Nest] 14876  - [39m10/05/2026, 4:57:55 pm [32m    LOG[39m [38;5;3m[NestFactory] [39m[32mStarting Nest application...[39m
2026-05-10 16:57:57: [32m[Nest] 20012  - [39m10/05/2026, 4:57:57 pm [32m    LOG[39m [38;5;3m[NestFactory] [39m[32mStarting Nest application...[39m
2026-05-10 16:57:59: [32m[Nest] 30700  - [39m10/05/2026, 4:57:59 pm [32m    LOG[39m [38;5;3m[NestFactory] [39m[32mStarting Nest application...[39m
2026-05-10 16:58:01: [32m[Nest] 25708  - [39m10/05/2026, 4:58:01 pm [32m    LOG[39m [38;5;3m[NestFactory] [39m[32mStarting Nest application...[39m
2026-05-10 16:58:03: [32m[Nest] 26936  - [39m10/05/2026, 4:58:03 pm [32m    LOG[39m [38;5;3m[NestFactory] [39m[32mStarting Nest application...[39m
2026-05-10 16:58:05: [32m[Nest] 28560  - [39m10/05/2026, 4:58:05 pm [32m    LOG[39m [38;5;3m[NestFactory] [39m[32mStarting Nest application...[39m
2026-05-10 16:58:07: [32m[Nest] 27888  - [39m10/05/2026, 4:58:07 pm [32m    LOG[39m [38;5;3m[NestFactory] [39m[32mStarting Nest application...[39m
2026-05-10 16:58:09: [32m[Nest] 25236  - [39m10/05/2026, 4:58:09 pm [32m    LOG[39m [38;5;3m[NestFactory] [39m[32mStarting Nest application...[39m
2026-05-10 16:58:11: [32m[Nest] 31320  - [39m10/05/2026, 4:58:11 pm [32m    LOG[39m [38;5;3m[NestFactory] [39m[32mStarting Nest application...[39m
2026-05-10 16:58:13: [32m[Nest] 24584  - [39m10/05/2026, 4:58:13 pm [32m    LOG[39m [38;5;3m[NestFactory] [39m[32mStarting Nest application...[39m
2026-05-10 16:58:15: [32m[Nest] 19648  - [39m10/05/2026, 4:58:15 pm [32m    LOG[39m [38;5;3m[NestFactory] [39m[32mStarting Nest application...[39m
2026-05-10 16:58:17: [32m[Nest] 29864  - [39m10/05/2026, 4:58:17 pm [32m    LOG[39m [38;5;3m[NestFactory] [39m[32mStarting Nest application...[39m
2026-05-10 16:58:19: [32m[Nest] 21296  - [39m10/05/2026, 4:58:19 pm [32m    LOG[39m [38;5;3m[NestFactory] [39m[32mStarting Nest application...[39m
2026-05-10 16:58:21: [32m[Nest] 8952  - [39m10/05/2026, 4:58:21 pm [32m    LOG[39m [38;5;3m[NestFactory] [39m[32mStarting Nest application...[39m
2026-05-10 16:58:23: [32m[Nest] 29200  - [39m10/05/2026, 4:58:23 pm [32m    LOG[39m [38;5;3m[NestFactory] [39m[32mStarting Nest application...[39m
2026-05-10 16:58:25: [32m[Nest] 28692  - [39m10/05/2026, 4:58:25 pm [32m    LOG[39m [38;5;3m[NestFactory] [39m[32mStarting Nest application...[39m
2026-05-10 16:58:27: [32m[Nest] 33852  - [39m10/05/2026, 4:58:27 pm [32m    LOG[39m [38;5;3m[NestFactory] [39m[32mStarting Nest application...[39m
2026-05-10 16:58:29: [32m[Nest] 9260  - [39m10/05/2026, 4:58:29 pm [32m    LOG[39m [38;5;3m[NestFactory] [39m[32mStarting Nest application...[39m
2026-05-10 16:58:31: [32m[Nest] 13768  - [39m10/05/2026, 4:58:31 pm [32m    LOG[39m [38;5;3m[NestFactory] [39m[32mStarting Nest application...[39m
2026-05-10 16:58:33: [32m[Nest] 31840  - [39m10/05/2026, 4:58:33 pm [32m    LOG[39m [38;5;3m[NestFactory] [39m[32mStarting Nest application...[39m
2026-05-10 16:58:35: [32m[Nest] 20632  - [39m10/05/2026, 4:58:35 pm [32m    LOG[39m [38;5;3m[NestFactory] [39m[32mStarting Nest application...[39m
2026-05-10 16:58:37: [32m[Nest] 21332  - [39m10/05/2026, 4:58:37 pm [32m    LOG[39m [38;5;3m[NestFactory] [39m[32mStarting Nest application...[39m
2026-05-10 16:58:39: [32m[Nest] 34312  - [39m10/05/2026, 4:58:39 pm [32m    LOG[39m [38;5;3m[NestFactory] [39m[32mStarting Nest application...[39m
2026-05-10 16:58:41: [32m[Nest] 3420  - [39m10/05/2026, 4:58:41 pm [32m    LOG[39m [38;5;3m[NestFactory] [39m[32mStarting Nest application...[39m
2026-05-10 16:58:43: [32m[Nest] 31320  - [39m10/05/2026, 4:58:43 pm [32m    LOG[39m [38;5;3m[NestFactory] [39m[32mStarting Nest application...[39m
2026-05-10 16:58:45: [32m[Nest] 25268  - [39m10/05/2026, 4:58:45 pm [32m    LOG[39m [38;5;3m[NestFactory] [39m[32mStarting Nest application...[39m
2026-05-10 16:58:47: [32m[Nest] 29412  - [39m10/05/2026, 4:58:47 pm [32m    LOG[39m [38;5;3m[NestFactory] [39m[32mStarting Nest application...[39m
2026-05-10 16:58:49: [32m[Nest] 31520  - [39m10/05/2026, 4:58:49 pm [32m    LOG[39m [38;5;3m[NestFactory] [39m[32mStarting Nest application...[39m
2026-05-10 16:58:51: [32m[Nest] 30680  - [39m10/05/2026, 4:58:51 pm [32m    LOG[39m [38;5;3m[NestFactory] [39m[32mStarting Nest application...[39m
2026-05-10 16:58:53: [32m[Nest] 31476  - [39m10/05/2026, 4:58:53 pm [32m    LOG[39m [38;5;3m[NestFactory] [39m[32mStarting Nest application...[39m
2026-05-10 16:58:55: [32m[Nest] 33036  - [39m10/05/2026, 4:58:55 pm [32m    LOG[39m [38;5;3m[NestFactory] [39m[32mStarting Nest application...[39m
2026-05-10 16:58:58: [32m[Nest] 23148  - [39m10/05/2026, 4:58:58 pm [32m    LOG[39m [38;5;3m[NestFactory] [39m[32mStarting Nest application...[39m
2026-05-10 16:59:00: [32m[Nest] 17912  - [39m10/05/2026, 4:59:00 pm [32m    LOG[39m [38;5;3m[NestFactory] [39m[32mStarting Nest application...[39m
2026-05-10 16:59:02: [32m[Nest] 10804  - [39m10/05/2026, 4:59:02 pm [32m    LOG[39m [38;5;3m[NestFactory] [39m[32mStarting Nest application...[39m
2026-05-10 16:59:04: [32m[Nest] 25100  - [39m10/05/2026, 4:59:04 pm [32m    LOG[39m [38;5;3m[NestFactory] [39m[32mStarting Nest application...[39m
2026-05-10 16:59:05: [32m[Nest] 22008  - [39m10/05/2026, 4:59:05 pm [32m    LOG[39m [38;5;3m[NestFactory] [39m[32mStarting Nest application...[39m
2026-05-10 16:59:08: [32m[Nest] 4828  - [39m10/05/2026, 4:59:08 pm [32m    LOG[39m [38;5;3m[NestFactory] [39m[32mStarting Nest application...[39m
2026-05-10 16:59:10: [32m[Nest] 31352  - [39m10/05/2026, 4:59:10 pm [32m    LOG[39m [38;5;3m[NestFactory] [39m[32mStarting Nest application...[39m
2026-05-10 16:59:12: [32m[Nest] 33080  - [39m10/05/2026, 4:59:12 pm [32m    LOG[39m [38;5;3m[NestFactory] [39m[32mStarting Nest application...[39m
2026-05-10 16:59:14: [32m[Nest] 17608  - [39m10/05/2026, 4:59:14 pm [32m    LOG[39m [38;5;3m[NestFactory] [39m[32mStarting Nest application...[39m
2026-05-10 16:59:16: [32m[Nest] 30332  - [39m10/05/2026, 4:59:16 pm [32m    LOG[39m [38;5;3m[NestFactory] [39m[32mStarting Nest application...[39m
2026-05-10 16:59:18: [32m[Nest] 10500  - [39m10/05/2026, 4:59:18 pm [32m    LOG[39m [38;5;3m[NestFactory] [39m[32mStarting Nest application...[39m
2026-05-10 16:59:20: [32m[Nest] 31328  - [39m10/05/2026, 4:59:20 pm [32m    LOG[39m [38;5;3m[NestFactory] [39m[32mStarting Nest application...[39m
2026-05-10 16:59:22: [32m[Nest] 18448  - [39m10/05/2026, 4:59:22 pm [32m    LOG[39m [38;5;3m[NestFactory] [39m[32mStarting Nest application...[39m
2026-05-10 16:59:24: [32m[Nest] 29864  - [39m10/05/2026, 4:59:24 pm [32m    LOG[39m [38;5;3m[NestFactory] [39m[32mStarting Nest application...[39m
2026-05-10 16:59:26: [32m[Nest] 33812  - [39m10/05/2026, 4:59:26 pm [32m    LOG[39m [38;5;3m[NestFactory] [39m[32mStarting Nest application...[39m
2026-05-10 16:59:28: [32m[Nest] 29760  - [39m10/05/2026, 4:59:28 pm [32m    LOG[39m [38;5;3m[NestFactory] [39m[32mStarting Nest application...[39m
2026-05-10 16:59:30: [32m[Nest] 24648  - [39m10/05/2026, 4:59:30 pm [32m    LOG[39m [38;5;3m[NestFactory] [39m[32mStarting Nest application...[39m
2026-05-10 16:59:32: [32m[Nest] 25400  - [39m10/05/2026, 4:59:32 pm [32m    LOG[39m [38;5;3m[NestFactory] [39m[32mStarting Nest application...[39m
2026-05-10 16:59:34: [32m[Nest] 23928  - [39m10/05/2026, 4:59:34 pm [32m    LOG[39m [38;5;3m[NestFactory] [39m[32mStarting Nest application...[39m
2026-05-10 16:59:36: [32m[Nest] 20012  - [39m10/05/2026, 4:59:36 pm [32m    LOG[39m [38;5;3m[NestFactory] [39m[32mStarting Nest application...[39m
2026-05-10 16:59:38: [32m[Nest] 30916  - [39m10/05/2026, 4:59:38 pm [32m    LOG[39m [38;5;3m[NestFactory] [39m[32mStarting Nest application...[39m
2026-05-10 16:59:40: [32m[Nest] 4904  - [39m10/05/2026, 4:59:40 pm [32m    LOG[39m [38;5;3m[NestFactory] [39m[32mStarting Nest application...[39m
2026-05-10 16:59:42: [32m[Nest] 21432  - [39m10/05/2026, 4:59:42 pm [32m    LOG[39m [38;5;3m[NestFactory] [39m[32mStarting Nest application...[39m
2026-05-10 16:59:44: [32m[Nest] 27144  - [39m10/05/2026, 4:59:44 pm [32m    LOG[39m [38;5;3m[NestFactory] [39m[32mStarting Nest application...[39m
2026-05-10 16:59:46: [32m[Nest] 960  - [39m10/05/2026, 4:59:46 pm [32m    LOG[39m [38;5;3m[NestFactory] [39m[32mStarting Nest application...[39m
2026-05-10 16:59:48: [32m[Nest] 26672  - [39m10/05/2026, 4:59:48 pm [32m    LOG[39m [38;5;3m[NestFactory] [39m[32mStarting Nest application...[39m
2026-05-10 16:59:50: [32m[Nest] 13008  - [39m10/05/2026, 4:59:50 pm [32m    LOG[39m [38;5;3m[NestFactory] [39m[32mStarting Nest application...[39m
2026-05-10 16:59:52: [32m[Nest] 20576  - [39m10/05/2026, 4:59:52 pm [32m    LOG[39m [38;5;3m[NestFactory] [39m[32mStarting Nest application...[39m
2026-05-10 16:59:54: [32m[Nest] 5124  - [39m10/05/2026, 4:59:54 pm [32m    LOG[39m [38;5;3m[NestFactory] [39m[32mStarting Nest application...[39m
2026-05-10 16:59:57: [32m[Nest] 8712  - [39m10/05/2026, 4:59:57 pm [32m    LOG[39m [38;5;3m[NestFactory] [39m[32mStarting Nest application...[39m
2026-05-10 16:59:59: [32m[Nest] 14824  - [39m10/05/2026, 4:59:59 pm [32m    LOG[39m [38;5;3m[NestFactory] [39m[32mStarting Nest application...[39m
2026-05-10 17:00:01: [32m[Nest] 33104  - [39m10/05/2026, 5:00:01 pm [32m    LOG[39m [38;5;3m[NestFactory] [39m[32mStarting Nest application...[39m
2026-05-10 17:00:04: [32m[Nest] 16052  - [39m10/05/2026, 5:00:04 pm [32m    LOG[39m [38;5;3m[NestFactory] [39m[32mStarting Nest application...[39m
2026-05-10 17:00:06: [32m[Nest] 30508  - [39m10/05/2026, 5:00:06 pm [32m    LOG[39m [38;5;3m[NestFactory] [39m[32mStarting Nest application...[39m
2026-05-10 17:00:08: [32m[Nest] 34292  - [39m10/05/2026, 5:00:08 pm [32m    LOG[39m [38;5;3m[NestFactory] [39m[32mStarting Nest application...[39m
2026-05-10 17:00:10: [32m[Nest] 23224  - [39m10/05/2026, 5:00:10 pm [32m    LOG[39m [38;5;3m[NestFactory] [39m[32mStarting Nest application...[39m
2026-05-10 17:00:13: [32m[Nest] 17344  - [39m10/05/2026, 5:00:13 pm [32m    LOG[39m [38;5;3m[NestFactory] [39m[32mStarting Nest application...[39m
2026-05-10 17:00:15: [32m[Nest] 23820  - [39m10/05/2026, 5:00:15 pm [32m    LOG[39m [38;5;3m[NestFactory] [39m[32mStarting Nest application...[39m
2026-05-10 17:00:17: [32m[Nest] 19780  - [39m10/05/2026, 5:00:17 pm [32m    LOG[39m [38;5;3m[NestFactory] [39m[32mStarting Nest application...[39m
2026-05-10 17:00:19: [32m[Nest] 28416  - [39m10/05/2026, 5:00:19 pm [32m    LOG[39m [38;5;3m[NestFactory] [39m[32mStarting Nest application...[39m
2026-05-10 17:00:22: [32m[Nest] 26832  - [39m10/05/2026, 5:00:22 pm [32m    LOG[39m [38;5;3m[NestFactory] [39m[32mStarting Nest application...[39m
2026-05-10 17:00:24: [32m[Nest] 13008  - [39m10/05/2026, 5:00:24 pm [32m    LOG[39m [38;5;3m[NestFactory] [39m[32mStarting Nest application...[39m
2026-05-10 17:00:26: [32m[Nest] 20420  - [39m10/05/2026, 5:00:26 pm [32m    LOG[39m [38;5;3m[NestFactory] [39m[32mStarting Nest application...[39m
2026-05-10 17:00:29: [32m[Nest] 21340  - [39m10/05/2026, 5:00:29 pm [32m    LOG[39m [38;5;3m[NestFactory] [39m[32mStarting Nest application...[39m
2026-05-10 17:00:31: [32m[Nest] 17032  - [39m10/05/2026, 5:00:31 pm [32m    LOG[39m [38;5;3m[NestFactory] [39m[32mStarting Nest application...[39m
2026-05-10 17:00:33: [32m[Nest] 31020  - [39m10/05/2026, 5:00:33 pm [32m    LOG[39m [38;5;3m[NestFactory] [39m[32mStarting Nest application...[39m
2026-05-10 17:00:35: [32m[Nest] 20728  - [39m10/05/2026, 5:00:35 pm [32m    LOG[39m [38;5;3m[NestFactory] [39m[32mStarting Nest application...[39m
2026-05-10 17:00:37: [32m[Nest] 26660  - [39m10/05/2026, 5:00:37 pm [32m    LOG[39m [38;5;3m[NestFactory] [39m[32mStarting Nest application...[39m
2026-05-10 17:00:39: [32m[Nest] 33672  - [39m10/05/2026, 5:00:39 pm [32m    LOG[39m [38;5;3m[NestFactory] [39m[32mStarting Nest application...[39m
2026-05-10 17:00:42: [32m[Nest] 26896  - [39m10/05/2026, 5:00:42 pm [32m    LOG[39m [38;5;3m[NestFactory] [39m[32mStarting Nest application...[39m
2026-05-10 17:00:51: [32m[Nest] 4320  - [39m10/05/2026, 5:00:51 pm [32m    LOG[39m [38;5;3m[NestFactory] [39m[32mStarting Nest application...[39m
2026-05-10 17:01:01: [32m[Nest] 31036  - [39m10/05/2026, 5:01:01 pm [32m    LOG[39m [38;5;3m[NestFactory] [39m[32mStarting Nest application...[39m
2026-05-10 17:01:09: [32m[Nest] 34808  - [39m10/05/2026, 5:01:09 pm [32m    LOG[39m [38;5;3m[NestFactory] [39m[32mStarting Nest application...[39m
2026-05-10 17:01:17: [32m[Nest] 28224  - [39m10/05/2026, 5:01:17 pm [32m    LOG[39m [38;5;3m[NestFactory] [39m[32mStarting Nest application...[39m
2026-05-10 17:01:22: [32m[Nest] 26748  - [39m10/05/2026, 5:01:22 pm [32m    LOG[39m [38;5;3m[NestFactory] [39m[32mStarting Nest application...[39m
2026-05-10 17:01:28: [32m[Nest] 25472  - [39m10/05/2026, 5:01:28 pm [32m    LOG[39m [38;5;3m[NestFactory] [39m[32mStarting Nest application...[39m
2026-05-10 17:01:34: [32m[Nest] 18452  - [39m10/05/2026, 5:01:34 pm [32m    LOG[39m [38;5;3m[NestFactory] [39m[32mStarting Nest application...[39m
2026-05-10 17:01:41: [32m[Nest] 33960  - [39m10/05/2026, 5:01:41 pm [32m    LOG[39m [38;5;3m[NestFactory] [39m[32mStarting Nest application...[39m
2026-05-10 17:01:51: [32m[Nest] 19592  - [39m10/05/2026, 5:01:51 pm [32m    LOG[39m [38;5;3m[NestFactory] [39m[32mStarting Nest application...[39m
2026-05-10 17:01:57: [32m[Nest] 22488  - [39m10/05/2026, 5:01:57 pm [32m    LOG[39m [38;5;3m[NestFactory] [39m[32mStarting Nest application...[39m
2026-05-10 17:02:02: [32m[Nest] 28752  - [39m10/05/2026, 5:02:02 pm [32m    LOG[39m [38;5;3m[NestFactory] [39m[32mStarting Nest application...[39m
2026-05-10 17:02:06: [32m[Nest] 6596  - [39m10/05/2026, 5:02:06 pm [32m    LOG[39m [38;5;3m[NestFactory] [39m[32mStarting Nest application...[39m
2026-05-10 17:02:16: [32m[Nest] 26672  - [39m10/05/2026, 5:02:16 pm [32m    LOG[39m [38;5;3m[NestFactory] [39m[32mStarting Nest application...[39m
2026-05-10 17:02:22: [32m[Nest] 16960  - [39m10/05/2026, 5:02:22 pm [32m    LOG[39m [38;5;3m[NestFactory] [39m[32mStarting Nest application...[39m
2026-05-10 17:02:29: [32m[Nest] 12996  - [39m10/05/2026, 5:02:29 pm [32m    LOG[39m [38;5;3m[NestFactory] [39m[32mStarting Nest application...[39m
2026-05-10 17:02:34: [32m[Nest] 30528  - [39m10/05/2026, 5:02:34 pm [32m    LOG[39m [38;5;3m[NestFactory] [39m[32mStarting Nest application...[39m
2026-05-10 17:02:38: [32m[Nest] 24788  - [39m10/05/2026, 5:02:38 pm [32m    LOG[39m [38;5;3m[NestFactory] [39m[32mStarting Nest application...[39m
2026-05-10 17:02:44: [32m[Nest] 26448  - [39m10/05/2026, 5:02:44 pm [32m    LOG[39m [38;5;3m[NestFactory] [39m[32mStarting Nest application...[39m
2026-05-10 17:02:49: [32m[Nest] 18552  - [39m10/05/2026, 5:02:49 pm [32m    LOG[39m [38;5;3m[NestFactory] [39m[32mStarting Nest application...[39m
2026-05-10 17:02:54: [32m[Nest] 16408  - [39m10/05/2026, 5:02:54 pm [32m    LOG[39m [38;5;3m[NestFactory] [39m[32mStarting Nest application...[39m
2026-05-10 17:02:58: [32m[Nest] 26232  - [39m10/05/2026, 5:02:58 pm [32m    LOG[39m [38;5;3m[NestFactory] [39m[32mStarting Nest application...[39m
2026-05-10 17:03:03: [32m[Nest] 31140  - [39m10/05/2026, 5:03:03 pm [32m    LOG[39m [38;5;3m[NestFactory] [39m[32mStarting Nest application...[39m
2026-05-10 17:03:08: [32m[Nest] 28528  - [39m10/05/2026, 5:03:08 pm [32m    LOG[39m [38;5;3m[NestFactory] [39m[32mStarting Nest application...[39m
2026-05-10 17:03:13: [32m[Nest] 18684  - [39m10/05/2026, 5:03:13 pm [32m    LOG[39m [38;5;3m[NestFactory] [39m[32mStarting Nest application...[39m
2026-05-10 17:03:18: [32m[Nest] 2580  - [39m10/05/2026, 5:03:18 pm [32m    LOG[39m [38;5;3m[NestFactory] [39m[32mStarting Nest application...[39m
2026-05-10 17:03:24: [32m[Nest] 21424  - [39m10/05/2026, 5:03:24 pm [32m    LOG[39m [38;5;3m[NestFactory] [39m[32mStarting Nest application...[39m
2026-05-10 17:03:28: [32m[Nest] 24804  - [39m10/05/2026, 5:03:28 pm [32m    LOG[39m [38;5;3m[NestFactory] [39m[32mStarting Nest application...[39m
2026-05-10 17:03:34: [32m[Nest] 27756  - [39m10/05/2026, 5:03:34 pm [32m    LOG[39m [38;5;3m[NestFactory] [39m[32mStarting Nest application...[39m
2026-05-10 17:03:39: [32m[Nest] 25100  - [39m10/05/2026, 5:03:39 pm [32m    LOG[39m [38;5;3m[NestFactory] [39m[32mStarting Nest application...[39m
2026-05-10 17:03:45: [32m[Nest] 23044  - [39m10/05/2026, 5:03:45 pm [32m    LOG[39m [38;5;3m[NestFactory] [39m[32mStarting Nest application...[39m
2026-05-10 17:03:51: [32m[Nest] 26300  - [39m10/05/2026, 5:03:51 pm [32m    LOG[39m [38;5;3m[NestFactory] [39m[32mStarting Nest application...[39m
2026-05-10 17:03:55: [32m[Nest] 29200  - [39m10/05/2026, 5:03:55 pm [32m    LOG[39m [38;5;3m[NestFactory] [39m[32mStarting Nest application...[39m
2026-05-10 17:04:00: [32m[Nest] 22644  - [39m10/05/2026, 5:04:00 pm [32m    LOG[39m [38;5;3m[NestFactory] [39m[32mStarting Nest application...[39m
2026-05-10 17:04:05: [32m[Nest] 26492  - [39m10/05/2026, 5:04:05 pm [32m    LOG[39m [38;5;3m[NestFactory] [39m[32mStarting Nest application...[39m
2026-05-10 17:04:14: [32m[Nest] 33860  - [39m10/05/2026, 5:04:14 pm [32m    LOG[39m [38;5;3m[NestFactory] [39m[32mStarting Nest application...[39m
2026-05-10 17:04:23: [32m[Nest] 23572  - [39m10/05/2026, 5:04:23 pm [32m    LOG[39m [38;5;3m[NestFactory] [39m[32mStarting Nest application...[39m
2026-05-10 17:04:29: [32m[Nest] 24252  - [39m10/05/2026, 5:04:29 pm [32m    LOG[39m [38;5;3m[NestFactory] [39m[32mStarting Nest application...[39m
2026-05-10 17:04:35: [32m[Nest] 22516  - [39m10/05/2026, 5:04:35 pm [32m    LOG[39m [38;5;3m[NestFactory] [39m[32mStarting Nest application...[39m
2026-05-10 17:04:42: [32m[Nest] 25880  - [39m10/05/2026, 5:04:42 pm [32m    LOG[39m [38;5;3m[NestFactory] [39m[32mStarting Nest application...[39m
2026-05-10 17:04:49: [32m[Nest] 18384  - [39m10/05/2026, 5:04:49 pm [32m    LOG[39m [38;5;3m[NestFactory] [39m[32mStarting Nest application...[39m
2026-05-10 17:04:56: [32m[Nest] 34752  - [39m10/05/2026, 5:04:56 pm [32m    LOG[39m [38;5;3m[NestFactory] [39m[32mStarting Nest application...[39m
2026-05-10 17:05:02: [32m[Nest] 22792  - [39m10/05/2026, 5:05:02 pm [32m    LOG[39m [38;5;3m[NestFactory] [39m[32mStarting Nest application...[39m
2026-05-10 17:05:07: [32m[Nest] 23692  - [39m10/05/2026, 5:05:07 pm [32m    LOG[39m [38;5;3m[NestFactory] [39m[32mStarting Nest application...[39m
2026-05-10 17:05:16: [32m[Nest] 6520  - [39m10/05/2026, 5:05:16 pm [32m    LOG[39m [38;5;3m[NestFactory] [39m[32mStarting Nest application...[39m
2026-05-10 17:05:24: [32m[Nest] 1480  - [39m10/05/2026, 5:05:24 pm [32m    LOG[39m [38;5;3m[NestFactory] [39m[32mStarting Nest application...[39m
2026-05-10 17:05:30: [32m[Nest] 21172  - [39m10/05/2026, 5:05:30 pm [32m    LOG[39m [38;5;3m[NestFactory] [39m[32mStarting Nest application...[39m
2026-05-10 17:05:37: [32m[Nest] 34532  - [39m10/05/2026, 5:05:37 pm [32m    LOG[39m [38;5;3m[NestFactory] [39m[32mStarting Nest application...[39m
2026-05-10 17:05:43: [32m[Nest] 26036  - [39m10/05/2026, 5:05:43 pm [32m    LOG[39m [38;5;3m[NestFactory] [39m[32mStarting Nest application...[39m
2026-05-10 17:05:50: [32m[Nest] 30888  - [39m10/05/2026, 5:05:50 pm [32m    LOG[39m [38;5;3m[NestFactory] [39m[32mStarting Nest application...[39m
2026-05-10 17:05:56: [32m[Nest] 30880  - [39m10/05/2026, 5:05:56 pm [32m    LOG[39m [38;5;3m[NestFactory] [39m[32mStarting Nest application...[39m
2026-05-10 17:06:01: [32m[Nest] 31012  - [39m10/05/2026, 5:06:01 pm [32m    LOG[39m [38;5;3m[NestFactory] [39m[32mStarting Nest application...[39m
2026-05-10 17:06:06: [32m[Nest] 31084  - [39m10/05/2026, 5:06:06 pm [32m    LOG[39m [38;5;3m[NestFactory] [39m[32mStarting Nest application...[39m
2026-05-10 17:06:12: [32m[Nest] 26860  - [39m10/05/2026, 5:06:12 pm [32m    LOG[39m [38;5;3m[NestFactory] [39m[32mStarting Nest application...[39m
2026-05-10 17:06:18: [32m[Nest] 23992  - [39m10/05/2026, 5:06:18 pm [32m    LOG[39m [38;5;3m[NestFactory] [39m[32mStarting Nest application...[39m
2026-05-10 17:06:25: [32m[Nest] 31648  - [39m10/05/2026, 5:06:25 pm [32m    LOG[39m [38;5;3m[NestFactory] [39m[32mStarting Nest application...[39m
2026-05-10 17:06:33: [32m[Nest] 22652  - [39m10/05/2026, 5:06:33 pm [32m    LOG[39m [38;5;3m[NestFactory] [39m[32mStarting Nest application...[39m
2026-05-10 17:06:40: [32m[Nest] 30556  - [39m10/05/2026, 5:06:40 pm [32m    LOG[39m [38;5;3m[NestFactory] [39m[32mStarting Nest application...[39m
2026-05-10 17:06:47: [32m[Nest] 8580  - [39m10/05/2026, 5:06:47 pm [32m    LOG[39m [38;5;3m[NestFactory] [39m[32mStarting Nest application...[39m
2026-05-10 17:06:53: [32m[Nest] 4060  - [39m10/05/2026, 5:06:53 pm [32m    LOG[39m [38;5;3m[NestFactory] [39m[32mStarting Nest application...[39m
2026-05-10 17:06:59: [32m[Nest] 22920  - [39m10/05/2026, 5:06:59 pm [32m    LOG[39m [38;5;3m[NestFactory] [39m[32mStarting Nest application...[39m
2026-05-10 17:07:06: [32m[Nest] 22016  - [39m10/05/2026, 5:07:06 pm [32m    LOG[39m [38;5;3m[NestFactory] [39m[32mStarting Nest application...[39m
2026-05-10 17:07:11: [32m[Nest] 21064  - [39m10/05/2026, 5:07:11 pm [32m    LOG[39m [38;5;3m[NestFactory] [39m[32mStarting Nest application...[39m
2026-05-10 17:07:17: [32m[Nest] 33560  - [39m10/05/2026, 5:07:17 pm [32m    LOG[39m [38;5;3m[NestFactory] [39m[32mStarting Nest application...[39m
2026-05-10 17:07:24: [32m[Nest] 21644  - [39m10/05/2026, 5:07:24 pm [32m    LOG[39m [38;5;3m[NestFactory] [39m[32mStarting Nest application...[39m
2026-05-10 17:07:29: [32m[Nest] 32068  - [39m10/05/2026, 5:07:29 pm [32m    LOG[39m [38;5;3m[NestFactory] [39m[32mStarting Nest application...[39m
2026-05-10 17:07:34: [32m[Nest] 10804  - [39m10/05/2026, 5:07:34 pm [32m    LOG[39m [38;5;3m[NestFactory] [39m[32mStarting Nest application...[39m
2026-05-10 17:07:40: [32m[Nest] 2240  - [39m10/05/2026, 5:07:40 pm [32m    LOG[39m [38;5;3m[NestFactory] [39m[32mStarting Nest application...[39m
2026-05-10 17:07:45: [32m[Nest] 19592  - [39m10/05/2026, 5:07:45 pm [32m    LOG[39m [38;5;3m[NestFactory] [39m[32mStarting Nest application...[39m
2026-05-10 17:07:48: [32m[Nest] 26748  - [39m10/05/2026, 5:07:48 pm [32m    LOG[39m [38;5;3m[NestFactory] [39m[32mStarting Nest application...[39m
2026-05-10 17:07:51: [32m[Nest] 32400  - [39m10/05/2026, 5:07:51 pm [32m    LOG[39m [38;5;3m[NestFactory] [39m[32mStarting Nest application...[39m
2026-05-10 17:07:53: [32m[Nest] 26716  - [39m10/05/2026, 5:07:53 pm [32m    LOG[39m [38;5;3m[NestFactory] [39m[32mStarting Nest application...[39m
2026-05-10 17:07:56: [32m[Nest] 29456  - [39m10/05/2026, 5:07:56 pm [32m    LOG[39m [38;5;3m[NestFactory] [39m[32mStarting Nest application...[39m
2026-05-10 17:07:59: [32m[Nest] 9904  - [39m10/05/2026, 5:07:59 pm [32m    LOG[39m [38;5;3m[NestFactory] [39m[32mStarting Nest application...[39m
2026-05-10 17:08:03: [32m[Nest] 11576  - [39m10/05/2026, 5:08:03 pm [32m    LOG[39m [38;5;3m[NestFactory] [39m[32mStarting Nest application...[39m
2026-05-10 17:08:20: [32m[Nest] 26492  - [39m10/05/2026, 5:08:20 pm [32m    LOG[39m [38;5;3m[NestFactory] [39m[32mStarting Nest application...[39m
2026-05-10 17:08:28: [32m[Nest] 24224  - [39m10/05/2026, 5:08:28 pm [32m    LOG[39m [38;5;3m[NestFactory] [39m[32mStarting Nest application...[39m
2026-05-10 17:08:41: [32m[Nest] 20400  - [39m10/05/2026, 5:08:41 pm [32m    LOG[39m [38;5;3m[NestFactory] [39m[32mStarting Nest application...[39m
2026-05-10 17:08:46: [32m[Nest] 29744  - [39m10/05/2026, 5:08:46 pm [32m    LOG[39m [38;5;3m[NestFactory] [39m[32mStarting Nest application...[39m
2026-05-10 17:08:50: [32m[Nest] 26152  - [39m10/05/2026, 5:08:50 pm [32m    LOG[39m [38;5;3m[NestFactory] [39m[32mStarting Nest application...[39m
2026-05-10 17:08:54: [32m[Nest] 26880  - [39m10/05/2026, 5:08:54 pm [32m    LOG[39m [38;5;3m[NestFactory] [39m[32mStarting Nest application...[39m
2026-05-10 17:08:57: [32m[Nest] 11324  - [39m10/05/2026, 5:08:57 pm [32m    LOG[39m [38;5;3m[NestFactory] [39m[32mStarting Nest application...[39m
2026-05-10 17:09:01: [32m[Nest] 17620  - [39m10/05/2026, 5:09:01 pm [32m    LOG[39m [38;5;3m[NestFactory] [39m[32mStarting Nest application...[39m
2026-05-10 17:09:06: [32m[Nest] 32356  - [39m10/05/2026, 5:09:06 pm [32m    LOG[39m [38;5;3m[NestFactory] [39m[32mStarting Nest application...[39m
2026-05-10 17:09:09: [32m[Nest] 19576  - [39m10/05/2026, 5:09:09 pm [32m    LOG[39m [38;5;3m[NestFactory] [39m[32mStarting Nest application...[39m
2026-05-10 17:09:12: [32m[Nest] 26060  - [39m10/05/2026, 5:09:12 pm [32m    LOG[39m [38;5;3m[NestFactory] [39m[32mStarting Nest application...[39m
2026-05-10 17:09:14: [32m[Nest] 33676  - [39m10/05/2026, 5:09:14 pm [32m    LOG[39m [38;5;3m[NestFactory] [39m[32mStarting Nest application...[39m
2026-05-10 17:09:17: [32m[Nest] 30448  - [39m10/05/2026, 5:09:17 pm [32m    LOG[39m [38;5;3m[NestFactory] [39m[32mStarting Nest application...[39m
2026-05-10 17:09:19: [32m[Nest] 26340  - [39m10/05/2026, 5:09:19 pm [32m    LOG[39m [38;5;3m[NestFactory] [39m[32mStarting Nest application...[39m
2026-05-10 17:09:22: [32m[Nest] 9576  - [39m10/05/2026, 5:09:22 pm [32m    LOG[39m [38;5;3m[NestFactory] [39m[32mStarting Nest application...[39m
2026-05-10 17:09:24: [32m[Nest] 30528  - [39m10/05/2026, 5:09:24 pm [32m    LOG[39m [38;5;3m[NestFactory] [39m[32mStarting Nest application...[39m
2026-05-10 17:09:26: [32m[Nest] 4280  - [39m10/05/2026, 5:09:26 pm [32m    LOG[39m [38;5;3m[NestFactory] [39m[32mStarting Nest application...[39m
2026-05-10 17:09:28: [32m[Nest] 20124  - [39m10/05/2026, 5:09:28 pm [32m    LOG[39m [38;5;3m[NestFactory] [39m[32mStarting Nest application...[39m
2026-05-10 17:09:31: [32m[Nest] 24868  - [39m10/05/2026, 5:09:31 pm [32m    LOG[39m [38;5;3m[NestFactory] [39m[32mStarting Nest application...[39m
2026-05-10 17:09:33: [32m[Nest] 23364  - [39m10/05/2026, 5:09:33 pm [32m    LOG[39m [38;5;3m[NestFactory] [39m[32mStarting Nest application...[39m
2026-05-10 17:09:35: [32m[Nest] 22128  - [39m10/05/2026, 5:09:35 pm [32m    LOG[39m [38;5;3m[NestFactory] [39m[32mStarting Nest application...[39m
2026-05-10 17:09:37: [32m[Nest] 24996  - [39m10/05/2026, 5:09:37 pm [32m    LOG[39m [38;5;3m[NestFactory] [39m[32mStarting Nest application...[39m
2026-05-10 17:09:40: [32m[Nest] 30692  - [39m10/05/2026, 5:09:40 pm [32m    LOG[39m [38;5;3m[NestFactory] [39m[32mStarting Nest application...[39m
2026-05-10 17:09:42: [32m[Nest] 27196  - [39m10/05/2026, 5:09:42 pm [32m    LOG[39m [38;5;3m[NestFactory] [39m[32mStarting Nest application...[39m
2026-05-10 17:09:45: [32m[Nest] 21604  - [39m10/05/2026, 5:09:45 pm [32m    LOG[39m [38;5;3m[NestFactory] [39m[32mStarting Nest application...[39m
2026-05-10 17:09:47: [32m[Nest] 26640  - [39m10/05/2026, 5:09:47 pm [32m    LOG[39m [38;5;3m[NestFactory] [39m[32mStarting Nest application...[39m
2026-05-10 17:09:49: [32m[Nest] 10040  - [39m10/05/2026, 5:09:49 pm [32m    LOG[39m [38;5;3m[NestFactory] [39m[32mStarting Nest application...[39m
2026-05-10 17:09:51: [32m[Nest] 16776  - [39m10/05/2026, 5:09:51 pm [32m    LOG[39m [38;5;3m[NestFactory] [39m[32mStarting Nest application...[39m
2026-05-10 17:09:54: [32m[Nest] 33224  - [39m10/05/2026, 5:09:54 pm [32m    LOG[39m [38;5;3m[NestFactory] [39m[32mStarting Nest application...[39m
2026-05-10 17:09:56: [32m[Nest] 2588  - [39m10/05/2026, 5:09:56 pm [32m    LOG[39m [38;5;3m[NestFactory] [39m[32mStarting Nest application...[39m
2026-05-10 17:09:59: [32m[Nest] 21748  - [39m10/05/2026, 5:09:59 pm [32m    LOG[39m [38;5;3m[NestFactory] [39m[32mStarting Nest application...[39m
2026-05-10 17:10:01: [32m[Nest] 31416  - [39m10/05/2026, 5:10:01 pm [32m    LOG[39m [38;5;3m[NestFactory] [39m[32mStarting Nest application...[39m
2026-05-10 17:10:04: [32m[Nest] 26460  - [39m10/05/2026, 5:10:04 pm [32m    LOG[39m [38;5;3m[NestFactory] [39m[32mStarting Nest application...[39m
2026-05-10 17:10:06: [32m[Nest] 24888  - [39m10/05/2026, 5:10:06 pm [32m    LOG[39m [38;5;3m[NestFactory] [39m[32mStarting Nest application...[39m
2026-05-10 17:10:09: [32m[Nest] 12940  - [39m10/05/2026, 5:10:09 pm [32m    LOG[39m [38;5;3m[NestFactory] [39m[32mStarting Nest application...[39m
2026-05-10 17:10:11: [32m[Nest] 18340  - [39m10/05/2026, 5:10:11 pm [32m    LOG[39m [38;5;3m[NestFactory] [39m[32mStarting Nest application...[39m
2026-05-10 17:10:14: [32m[Nest] 28528  - [39m10/05/2026, 5:10:14 pm [32m    LOG[39m [38;5;3m[NestFactory] [39m[32mStarting Nest application...[39m
2026-05-10 17:10:16: [32m[Nest] 26768  - [39m10/05/2026, 5:10:16 pm [32m    LOG[39m [38;5;3m[NestFactory] [39m[32mStarting Nest application...[39m
2026-05-10 17:10:18: [32m[Nest] 31592  - [39m10/05/2026, 5:10:18 pm [32m    LOG[39m [38;5;3m[NestFactory] [39m[32mStarting Nest application...[39m
2026-05-10 17:10:20: [32m[Nest] 24120  - [39m10/05/2026, 5:10:20 pm [32m    LOG[39m [38;5;3m[NestFactory] [39m[32mStarting Nest application...[39m
2026-05-10 17:10:22: [32m[Nest] 23648  - [39m10/05/2026, 5:10:22 pm [32m    LOG[39m [38;5;3m[NestFactory] [39m[32mStarting Nest application...[39m
2026-05-10 17:10:25: [32m[Nest] 26896  - [39m10/05/2026, 5:10:25 pm [32m    LOG[39m [38;5;3m[NestFactory] [39m[32mStarting Nest application...[39m
2026-05-10 17:10:28: [32m[Nest] 29304  - [39m10/05/2026, 5:10:28 pm [32m    LOG[39m [38;5;3m[NestFactory] [39m[32mStarting Nest application...[39m
2026-05-10 17:10:31: [32m[Nest] 29664  - [39m10/05/2026, 5:10:31 pm [32m    LOG[39m [38;5;3m[NestFactory] [39m[32mStarting Nest application...[39m
2026-05-10 17:10:33: [32m[Nest] 23132  - [39m10/05/2026, 5:10:33 pm [32m    LOG[39m [38;5;3m[NestFactory] [39m[32mStarting Nest application...[39m
2026-05-10 17:10:36: [32m[Nest] 19500  - [39m10/05/2026, 5:10:36 pm [32m    LOG[39m [38;5;3m[NestFactory] [39m[32mStarting Nest application...[39m
2026-05-10 17:10:38: [32m[Nest] 23364  - [39m10/05/2026, 5:10:38 pm [32m    LOG[39m [38;5;3m[NestFactory] [39m[32mStarting Nest application...[39m
2026-05-10 17:10:41: [32m[Nest] 30340  - [39m10/05/2026, 5:10:41 pm [32m    LOG[39m [38;5;3m[NestFactory] [39m[32mStarting Nest application...[39m
2026-05-10 17:10:43: [32m[Nest] 23584  - [39m10/05/2026, 5:10:43 pm [32m    LOG[39m [38;5;3m[NestFactory] [39m[32mStarting Nest application...[39m
2026-05-10 17:10:45: [32m[Nest] 23576  - [39m10/05/2026, 5:10:45 pm [32m    LOG[39m [38;5;3m[NestFactory] [39m[32mStarting Nest application...[39m
2026-05-10 17:10:47: [32m[Nest] 27976  - [39m10/05/2026, 5:10:47 pm [32m    LOG[39m [38;5;3m[NestFactory] [39m[32mStarting Nest application...[39m
2026-05-10 17:10:49: [32m[Nest] 32240  - [39m10/05/2026, 5:10:49 pm [32m    LOG[39m [38;5;3m[NestFactory] [39m[32mStarting Nest application...[39m
2026-05-10 17:10:51: [32m[Nest] 31084  - [39m10/05/2026, 5:10:51 pm [32m    LOG[39m [38;5;3m[NestFactory] [39m[32mStarting Nest application...[39m
2026-05-10 17:10:52: [32m[Nest] 32128  - [39m10/05/2026, 5:10:52 pm [32m    LOG[39m [38;5;3m[NestFactory] [39m[32mStarting Nest application...[39m
2026-05-10 17:10:55: [32m[Nest] 31784  - [39m10/05/2026, 5:10:54 pm [32m    LOG[39m [38;5;3m[NestFactory] [39m[32mStarting Nest application...[39m
2026-05-10 17:10:56: [32m[Nest] 21412  - [39m10/05/2026, 5:10:56 pm [32m    LOG[39m [38;5;3m[NestFactory] [39m[32mStarting Nest application...[39m
2026-05-10 17:10:59: [32m[Nest] 9132  - [39m10/05/2026, 5:10:59 pm [32m    LOG[39m [38;5;3m[NestFactory] [39m[32mStarting Nest application...[39m
2026-05-10 17:11:01: [32m[Nest] 17344  - [39m10/05/2026, 5:11:01 pm [32m    LOG[39m [38;5;3m[NestFactory] [39m[32mStarting Nest application...[39m
2026-05-10 17:11:03: [32m[Nest] 27228  - [39m10/05/2026, 5:11:03 pm [32m    LOG[39m [38;5;3m[NestFactory] [39m[32mStarting Nest application...[39m
2026-05-10 17:11:05: [32m[Nest] 18308  - [39m10/05/2026, 5:11:05 pm [32m    LOG[39m [38;5;3m[NestFactory] [39m[32mStarting Nest application...[39m
2026-05-10 17:11:07: [32m[Nest] 31352  - [39m10/05/2026, 5:11:07 pm [32m    LOG[39m [38;5;3m[NestFactory] [39m[32mStarting Nest application...[39m
2026-05-10 17:11:09: [32m[Nest] 26748  - [39m10/05/2026, 5:11:09 pm [32m    LOG[39m [38;5;3m[NestFactory] [39m[32mStarting Nest application...[39m
2026-05-10 17:11:11: [32m[Nest] 28248  - [39m10/05/2026, 5:11:11 pm [32m    LOG[39m [38;5;3m[NestFactory] [39m[32mStarting Nest application...[39m
2026-05-10 17:11:13: [32m[Nest] 13564  - [39m10/05/2026, 5:11:13 pm [32m    LOG[39m [38;5;3m[NestFactory] [39m[32mStarting Nest application...[39m
2026-05-10 17:11:15: [32m[Nest] 30480  - [39m10/05/2026, 5:11:15 pm [32m    LOG[39m [38;5;3m[NestFactory] [39m[32mStarting Nest application...[39m
2026-05-10 17:11:17: [32m[Nest] 18920  - [39m10/05/2026, 5:11:17 pm [32m    LOG[39m [38;5;3m[NestFactory] [39m[32mStarting Nest application...[39m
2026-05-10 17:11:19: [32m[Nest] 12556  - [39m10/05/2026, 5:11:19 pm [32m    LOG[39m [38;5;3m[NestFactory] [39m[32mStarting Nest application...[39m
2026-05-10 17:11:22: [32m[Nest] 24996  - [39m10/05/2026, 5:11:22 pm [32m    LOG[39m [38;5;3m[NestFactory] [39m[32mStarting Nest application...[39m
2026-05-10 17:11:24: [32m[Nest] 15980  - [39m10/05/2026, 5:11:24 pm [32m    LOG[39m [38;5;3m[NestFactory] [39m[32mStarting Nest application...[39m
2026-05-10 17:11:27: [32m[Nest] 15608  - [39m10/05/2026, 5:11:27 pm [32m    LOG[39m [38;5;3m[NestFactory] [39m[32mStarting Nest application...[39m
2026-05-10 17:11:29: [32m[Nest] 20632  - [39m10/05/2026, 5:11:29 pm [32m    LOG[39m [38;5;3m[NestFactory] [39m[32mStarting Nest application...[39m
2026-05-10 17:11:31: [32m[Nest] 34660  - [39m10/05/2026, 5:11:31 pm [32m    LOG[39m [38;5;3m[NestFactory] [39m[32mStarting Nest application...[39m
2026-05-10 17:11:33: [32m[Nest] 2944  - [39m10/05/2026, 5:11:33 pm [32m    LOG[39m [38;5;3m[NestFactory] [39m[32mStarting Nest application...[39m
2026-05-10 17:11:35: [32m[Nest] 3020  - [39m10/05/2026, 5:11:35 pm [32m    LOG[39m [38;5;3m[NestFactory] [39m[32mStarting Nest application...[39m
2026-05-10 17:11:37: [32m[Nest] 29584  - [39m10/05/2026, 5:11:37 pm [32m    LOG[39m [38;5;3m[NestFactory] [39m[32mStarting Nest application...[39m
2026-05-10 17:11:39: [32m[Nest] 18980  - [39m10/05/2026, 5:11:39 pm [32m    LOG[39m [38;5;3m[NestFactory] [39m[32mStarting Nest application...[39m
2026-05-10 17:11:41: [32m[Nest] 29904  - [39m10/05/2026, 5:11:41 pm [32m    LOG[39m [38;5;3m[NestFactory] [39m[32mStarting Nest application...[39m
2026-05-10 17:11:43: [32m[Nest] 19648  - [39m10/05/2026, 5:11:43 pm [32m    LOG[39m [38;5;3m[NestFactory] [39m[32mStarting Nest application...[39m
2026-05-10 17:11:45: [32m[Nest] 12296  - [39m10/05/2026, 5:11:45 pm [32m    LOG[39m [38;5;3m[NestFactory] [39m[32mStarting Nest application...[39m
2026-05-10 17:11:47: [32m[Nest] 17524  - [39m10/05/2026, 5:11:47 pm [32m    LOG[39m [38;5;3m[NestFactory] [39m[32mStarting Nest application...[39m
2026-05-10 17:11:49: [32m[Nest] 29408  - [39m10/05/2026, 5:11:49 pm [32m    LOG[39m [38;5;3m[NestFactory] [39m[32mStarting Nest application...[39m
2026-05-10 17:11:51: [32m[Nest] 22044  - [39m10/05/2026, 5:11:51 pm [32m    LOG[39m [38;5;3m[NestFactory] [39m[32mStarting Nest application...[39m
2026-05-10 17:11:53: [32m[Nest] 704  - [39m10/05/2026, 5:11:53 pm [32m    LOG[39m [38;5;3m[NestFactory] [39m[32mStarting Nest application...[39m
2026-05-10 17:11:55: [32m[Nest] 24932  - [39m10/05/2026, 5:11:55 pm [32m    LOG[39m [38;5;3m[NestFactory] [39m[32mStarting Nest application...[39m
2026-05-10 17:11:56: [32m[Nest] 15552  - [39m10/05/2026, 5:11:56 pm [32m    LOG[39m [38;5;3m[NestFactory] [39m[32mStarting Nest application...[39m
2026-05-10 17:11:58: [32m[Nest] 33400  - [39m10/05/2026, 5:11:58 pm [32m    LOG[39m [38;5;3m[NestFactory] [39m[32mStarting Nest application...[39m
2026-05-10 17:12:00: [32m[Nest] 33140  - [39m10/05/2026, 5:12:00 pm [32m    LOG[39m [38;5;3m[NestFactory] [39m[32mStarting Nest application...[39m
2026-05-10 17:12:02: [32m[Nest] 22812  - [39m10/05/2026, 5:12:02 pm [32m    LOG[39m [38;5;3m[NestFactory] [39m[32mStarting Nest application...[39m
2026-05-10 17:12:04: [32m[Nest] 9096  - [39m10/05/2026, 5:12:04 pm [32m    LOG[39m [38;5;3m[NestFactory] [39m[32mStarting Nest application...[39m
2026-05-10 17:12:06: [32m[Nest] 32184  - [39m10/05/2026, 5:12:06 pm [32m    LOG[39m [38;5;3m[NestFactory] [39m[32mStarting Nest application...[39m
2026-05-10 17:12:08: [32m[Nest] 33812  - [39m10/05/2026, 5:12:08 pm [32m    LOG[39m [38;5;3m[NestFactory] [39m[32mStarting Nest application...[39m
2026-05-10 17:12:10: [32m[Nest] 25708  - [39m10/05/2026, 5:12:10 pm [32m    LOG[39m [38;5;3m[NestFactory] [39m[32mStarting Nest application...[39m
2026-05-10 17:12:12: [32m[Nest] 4300  - [39m10/05/2026, 5:12:12 pm [32m    LOG[39m [38;5;3m[NestFactory] [39m[32mStarting Nest application...[39m
2026-05-10 17:12:14: [32m[Nest] 28028  - [39m10/05/2026, 5:12:14 pm [32m    LOG[39m [38;5;3m[NestFactory] [39m[32mStarting Nest application...[39m
2026-05-10 17:12:16: [32m[Nest] 34448  - [39m10/05/2026, 5:12:16 pm [32m    LOG[39m [38;5;3m[NestFactory] [39m[32mStarting Nest application...[39m
2026-05-10 17:12:18: [32m[Nest] 34544  - [39m10/05/2026, 5:12:18 pm [32m    LOG[39m [38;5;3m[NestFactory] [39m[32mStarting Nest application...[39m
2026-05-10 17:12:20: [32m[Nest] 8232  - [39m10/05/2026, 5:12:20 pm [32m    LOG[39m [38;5;3m[NestFactory] [39m[32mStarting Nest application...[39m
2026-05-10 17:12:22: [32m[Nest] 29584  - [39m10/05/2026, 5:12:22 pm [32m    LOG[39m [38;5;3m[NestFactory] [39m[32mStarting Nest application...[39m
2026-05-10 17:12:23: [32m[Nest] 27288  - [39m10/05/2026, 5:12:23 pm [32m    LOG[39m [38;5;3m[NestFactory] [39m[32mStarting Nest application...[39m
2026-05-10 17:12:25: [32m[Nest] 8516  - [39m10/05/2026, 5:12:25 pm [32m    LOG[39m [38;5;3m[NestFactory] [39m[32mStarting Nest application...[39m
2026-05-10 17:12:27: [32m[Nest] 27328  - [39m10/05/2026, 5:12:27 pm [32m    LOG[39m [38;5;3m[NestFactory] [39m[32mStarting Nest application...[39m
2026-05-10 17:12:29: [32m[Nest] 23984  - [39m10/05/2026, 5:12:29 pm [32m    LOG[39m [38;5;3m[NestFactory] [39m[32mStarting Nest application...[39m
2026-05-10 17:12:31: [32m[Nest] 5552  - [39m10/05/2026, 5:12:31 pm [32m    LOG[39m [38;5;3m[NestFactory] [39m[32mStarting Nest application...[39m
2026-05-10 17:12:33: [32m[Nest] 28272  - [39m10/05/2026, 5:12:33 pm [32m    LOG[39m [38;5;3m[NestFactory] [39m[32mStarting Nest application...[39m
2026-05-10 17:12:35: [32m[Nest] 28324  - [39m10/05/2026, 5:12:35 pm [32m    LOG[39m [38;5;3m[NestFactory] [39m[32mStarting Nest application...[39m
2026-05-10 17:12:37: [32m[Nest] 31800  - [39m10/05/2026, 5:12:37 pm [32m    LOG[39m [38;5;3m[NestFactory] [39m[32mStarting Nest application...[39m
2026-05-10 17:12:39: [32m[Nest] 23160  - [39m10/05/2026, 5:12:39 pm [32m    LOG[39m [38;5;3m[NestFactory] [39m[32mStarting Nest application...[39m
2026-05-10 17:12:41: [32m[Nest] 23928  - [39m10/05/2026, 5:12:41 pm [32m    LOG[39m [38;5;3m[NestFactory] [39m[32mStarting Nest application...[39m
2026-05-10 17:12:43: [32m[Nest] 29828  - [39m10/05/2026, 5:12:43 pm [32m    LOG[39m [38;5;3m[NestFactory] [39m[32mStarting Nest application...[39m
2026-05-10 17:12:45: [32m[Nest] 24932  - [39m10/05/2026, 5:12:45 pm [32m    LOG[39m [38;5;3m[NestFactory] [39m[32mStarting Nest application...[39m
2026-05-10 17:12:46: [32m[Nest] 20012  - [39m10/05/2026, 5:12:46 pm [32m    LOG[39m [38;5;3m[NestFactory] [39m[32mStarting Nest application...[39m
2026-05-10 17:12:49: [32m[Nest] 21580  - [39m10/05/2026, 5:12:49 pm [32m    LOG[39m [38;5;3m[NestFactory] [39m[32mStarting Nest application...[39m
2026-05-10 17:12:51: [32m[Nest] 21484  - [39m10/05/2026, 5:12:51 pm [32m    LOG[39m [38;5;3m[NestFactory] [39m[32mStarting Nest application...[39m
2026-05-10 17:12:53: [32m[Nest] 29980  - [39m10/05/2026, 5:12:53 pm [32m    LOG[39m [38;5;3m[NestFactory] [39m[32mStarting Nest application...[39m
2026-05-10 17:12:56: [32m[Nest] 8860  - [39m10/05/2026, 5:12:56 pm [32m    LOG[39m [38;5;3m[NestFactory] [39m[32mStarting Nest application...[39m
2026-05-10 17:12:58: [32m[Nest] 34448  - [39m10/05/2026, 5:12:58 pm [32m    LOG[39m [38;5;3m[NestFactory] [39m[32mStarting Nest application...[39m
2026-05-10 17:13:00: [32m[Nest] 26600  - [39m10/05/2026, 5:13:00 pm [32m    LOG[39m [38;5;3m[NestFactory] [39m[32mStarting Nest application...[39m
2026-05-10 17:13:02: [32m[Nest] 20460  - [39m10/05/2026, 5:13:02 pm [32m    LOG[39m [38;5;3m[NestFactory] [39m[32mStarting Nest application...[39m
2026-05-10 17:13:04: [32m[Nest] 1232  - [39m10/05/2026, 5:13:04 pm [32m    LOG[39m [38;5;3m[NestFactory] [39m[32mStarting Nest application...[39m
2026-05-10 17:13:06: [32m[Nest] 24592  - [39m10/05/2026, 5:13:06 pm [32m    LOG[39m [38;5;3m[NestFactory] [39m[32mStarting Nest application...[39m
2026-05-10 17:13:08: [32m[Nest] 25236  - [39m10/05/2026, 5:13:08 pm [32m    LOG[39m [38;5;3m[NestFactory] [39m[32mStarting Nest application...[39m
2026-05-10 17:13:10: [32m[Nest] 20264  - [39m10/05/2026, 5:13:10 pm [32m    LOG[39m [38;5;3m[NestFactory] [39m[32mStarting Nest application...[39m
2026-05-10 17:13:12: [32m[Nest] 15376  - [39m10/05/2026, 5:13:12 pm [32m    LOG[39m [38;5;3m[NestFactory] [39m[32mStarting Nest application...[39m
2026-05-10 17:13:14: [32m[Nest] 27788  - [39m10/05/2026, 5:13:14 pm [32m    LOG[39m [38;5;3m[NestFactory] [39m[32mStarting Nest application...[39m
2026-05-10 17:13:17: [32m[Nest] 34288  - [39m10/05/2026, 5:13:17 pm [32m    LOG[39m [38;5;3m[NestFactory] [39m[32mStarting Nest application...[39m
2026-05-10 17:13:20: [32m[Nest] 31088  - [39m10/05/2026, 5:13:20 pm [32m    LOG[39m [38;5;3m[NestFactory] [39m[32mStarting Nest application...[39m
2026-05-10 17:13:27: [32m[Nest] 24932  - [39m10/05/2026, 5:13:27 pm [32m    LOG[39m [38;5;3m[NestFactory] [39m[32mStarting Nest application...[39m
2026-05-10 17:13:33: [32m[Nest] 18212  - [39m10/05/2026, 5:13:33 pm [32m    LOG[39m [38;5;3m[NestFactory] [39m[32mStarting Nest application...[39m
2026-05-10 17:13:37: [32m[Nest] 30572  - [39m10/05/2026, 5:13:37 pm [32m    LOG[39m [38;5;3m[NestFactory] [39m[32mStarting Nest application...[39m
2026-05-10 17:13:42: [32m[Nest] 21864  - [39m10/05/2026, 5:13:42 pm [32m    LOG[39m [38;5;3m[NestFactory] [39m[32mStarting Nest application...[39m
2026-05-10 17:13:47: [32m[Nest] 12888  - [39m10/05/2026, 5:13:47 pm [32m    LOG[39m [38;5;3m[NestFactory] [39m[32mStarting Nest application...[39m
2026-05-10 17:13:52: [32m[Nest] 16612  - [39m10/05/2026, 5:13:52 pm [32m    LOG[39m [38;5;3m[NestFactory] [39m[32mStarting Nest application...[39m
2026-05-10 17:13:57: [32m[Nest] 32188  - [39m10/05/2026, 5:13:57 pm [32m    LOG[39m [38;5;3m[NestFactory] [39m[32mStarting Nest application...[39m
2026-05-10 17:14:03: [32m[Nest] 27084  - [39m10/05/2026, 5:14:03 pm [32m    LOG[39m [38;5;3m[NestFactory] [39m[32mStarting Nest application...[39m
2026-05-10 17:14:07: [32m[Nest] 33672  - [39m10/05/2026, 5:14:07 pm [32m    LOG[39m [38;5;3m[NestFactory] [39m[32mStarting Nest application...[39m
2026-05-10 17:14:12: [32m[Nest] 8952  - [39m10/05/2026, 5:14:12 pm [32m    LOG[39m [38;5;3m[NestFactory] [39m[32mStarting Nest application...[39m
2026-05-10 17:14:19: [32m[Nest] 34172  - [39m10/05/2026, 5:14:19 pm [32m    LOG[39m [38;5;3m[NestFactory] [39m[32mStarting Nest application...[39m
2026-05-10 17:14:25: [32m[Nest] 27788  - [39m10/05/2026, 5:14:25 pm [32m    LOG[39m [38;5;3m[NestFactory] [39m[32mStarting Nest application...[39m
2026-05-10 17:14:30: [32m[Nest] 6040  - [39m10/05/2026, 5:14:30 pm [32m    LOG[39m [38;5;3m[NestFactory] [39m[32mStarting Nest application...[39m
2026-05-10 17:14:34: [32m[Nest] 16212  - [39m10/05/2026, 5:14:34 pm [32m    LOG[39m [38;5;3m[NestFactory] [39m[32mStarting Nest application...[39m
2026-05-10 17:14:38: [32m[Nest] 34428  - [39m10/05/2026, 5:14:38 pm [32m    LOG[39m [38;5;3m[NestFactory] [39m[32mStarting Nest application...[39m
2026-05-10 17:14:43: [32m[Nest] 30364  - [39m10/05/2026, 5:14:43 pm [32m    LOG[39m [38;5;3m[NestFactory] [39m[32mStarting Nest application...[39m
2026-05-10 17:14:47: [32m[Nest] 30700  - [39m10/05/2026, 5:14:47 pm [32m    LOG[39m [38;5;3m[NestFactory] [39m[32mStarting Nest application...[39m
2026-05-10 17:14:52: [32m[Nest] 33960  - [39m10/05/2026, 5:14:52 pm [32m    LOG[39m [38;5;3m[NestFactory] [39m[32mStarting Nest application...[39m
2026-05-10 17:14:58: [32m[Nest] 19500  - [39m10/05/2026, 5:14:58 pm [32m    LOG[39m [38;5;3m[NestFactory] [39m[32mStarting Nest application...[39m
2026-05-10 17:15:03: [32m[Nest] 21796  - [39m10/05/2026, 5:15:03 pm [32m    LOG[39m [38;5;3m[NestFactory] [39m[32mStarting Nest application...[39m
2026-05-10 17:15:09: [32m[Nest] 6596  - [39m10/05/2026, 5:15:09 pm [32m    LOG[39m [38;5;3m[NestFactory] [39m[32mStarting Nest application...[39m
2026-05-10 17:15:15: [32m[Nest] 22948  - [39m10/05/2026, 5:15:15 pm [32m    LOG[39m [38;5;3m[NestFactory] [39m[32mStarting Nest application...[39m
2026-05-10 17:15:21: [32m[Nest] 23708  - [39m10/05/2026, 5:15:21 pm [32m    LOG[39m [38;5;3m[NestFactory] [39m[32mStarting Nest application...[39m
2026-05-10 17:15:27: [32m[Nest] 28232  - [39m10/05/2026, 5:15:27 pm [32m    LOG[39m [38;5;3m[NestFactory] [39m[32mStarting Nest application...[39m
2026-05-10 17:15:33: [32m[Nest] 8188  - [39m10/05/2026, 5:15:33 pm [32m    LOG[39m [38;5;3m[NestFactory] [39m[32mStarting Nest application...[39m
2026-05-10 17:15:41: [32m[Nest] 704  - [39m10/05/2026, 5:15:41 pm [32m    LOG[39m [38;5;3m[NestFactory] [39m[32mStarting Nest application...[39m
2026-05-10 17:15:47: [32m[Nest] 19252  - [39m10/05/2026, 5:15:47 pm [32m    LOG[39m [38;5;3m[NestFactory] [39m[32mStarting Nest application...[39m
2026-05-10 17:15:53: [32m[Nest] 24848  - [39m10/05/2026, 5:15:53 pm [32m    LOG[39m [38;5;3m[NestFactory] [39m[32mStarting Nest application...[39m
2026-05-10 17:15:58: [32m[Nest] 33932  - [39m10/05/2026, 5:15:58 pm [32m    LOG[39m [38;5;3m[NestFactory] [39m[32mStarting Nest application...[39m
2026-05-10 17:16:04: [32m[Nest] 20728  - [39m10/05/2026, 5:16:04 pm [32m    LOG[39m [38;5;3m[NestFactory] [39m[32mStarting Nest application...[39m
2026-05-10 17:16:08: [32m[Nest] 21268  - [39m10/05/2026, 5:16:08 pm [32m    LOG[39m [38;5;3m[NestFactory] [39m[32mStarting Nest application...[39m
2026-05-10 17:16:12: [32m[Nest] 29480  - [39m10/05/2026, 5:16:12 pm [32m    LOG[39m [38;5;3m[NestFactory] [39m[32mStarting Nest application...[39m
2026-05-10 17:16:15: [32m[Nest] 33480  - [39m10/05/2026, 5:16:15 pm [32m    LOG[39m [38;5;3m[NestFactory] [39m[32mStarting Nest application...[39m
2026-05-10 17:16:18: [32m[Nest] 33036  - [39m10/05/2026, 5:16:18 pm [32m    LOG[39m [38;5;3m[NestFactory] [39m[32mStarting Nest application...[39m
2026-05-10 17:16:22: [32m[Nest] 26720  - [39m10/05/2026, 5:16:22 pm [32m    LOG[39m [38;5;3m[NestFactory] [39m[32mStarting Nest application...[39m
2026-05-10 17:16:26: [32m[Nest] 2108  - [39m10/05/2026, 5:16:26 pm [32m    LOG[39m [38;5;3m[NestFactory] [39m[32mStarting Nest application...[39m
2026-05-10 17:16:29: [32m[Nest] 10188  - [39m10/05/2026, 5:16:29 pm [32m    LOG[39m [38;5;3m[NestFactory] [39m[32mStarting Nest application...[39m
2026-05-10 17:16:32: [32m[Nest] 4804  - [39m10/05/2026, 5:16:32 pm [32m    LOG[39m [38;5;3m[NestFactory] [39m[32mStarting Nest application...[39m
2026-05-10 17:16:34: [32m[Nest] 29884  - [39m10/05/2026, 5:16:34 pm [32m    LOG[39m [38;5;3m[NestFactory] [39m[32mStarting Nest application...[39m
2026-05-10 17:16:36: [32m[Nest] 10964  - [39m10/05/2026, 5:16:36 pm [32m    LOG[39m [38;5;3m[NestFactory] [39m[32mStarting Nest application...[39m
2026-05-10 17:16:38: [32m[Nest] 31352  - [39m10/05/2026, 5:16:38 pm [32m    LOG[39m [38;5;3m[NestFactory] [39m[32mStarting Nest application...[39m
2026-05-10 17:16:40: [32m[Nest] 704  - [39m10/05/2026, 5:16:40 pm [32m    LOG[39m [38;5;3m[NestFactory] [39m[32mStarting Nest application...[39m
2026-05-10 17:16:43: [32m[Nest] 16656  - [39m10/05/2026, 5:16:43 pm [32m    LOG[39m [38;5;3m[NestFactory] [39m[32mStarting Nest application...[39m
2026-05-10 17:16:46: [32m[Nest] 26520  - [39m10/05/2026, 5:16:46 pm [32m    LOG[39m [38;5;3m[NestFactory] [39m[32mStarting Nest application...[39m
2026-05-10 17:16:48: [32m[Nest] 17276  - [39m10/05/2026, 5:16:48 pm [32m    LOG[39m [38;5;3m[NestFactory] [39m[32mStarting Nest application...[39m
2026-05-10 17:16:51: [32m[Nest] 34660  - [39m10/05/2026, 5:16:51 pm [32m    LOG[39m [38;5;3m[NestFactory] [39m[32mStarting Nest application...[39m
2026-05-10 17:16:54: [32m[Nest] 2524  - [39m10/05/2026, 5:16:54 pm [32m    LOG[39m [38;5;3m[NestFactory] [39m[32mStarting Nest application...[39m
2026-05-10 17:16:57: [32m[Nest] 28616  - [39m10/05/2026, 5:16:57 pm [32m    LOG[39m [38;5;3m[NestFactory] [39m[32mStarting Nest application...[39m
2026-05-10 17:17:00: [32m[Nest] 28272  - [39m10/05/2026, 5:17:00 pm [32m    LOG[39m [38;5;3m[NestFactory] [39m[32mStarting Nest application...[39m
2026-05-10 17:17:03: [32m[Nest] 26328  - [39m10/05/2026, 5:17:03 pm [32m    LOG[39m [38;5;3m[NestFactory] [39m[32mStarting Nest application...[39m
2026-05-10 17:17:06: [32m[Nest] 25728  - [39m10/05/2026, 5:17:06 pm [32m    LOG[39m [38;5;3m[NestFactory] [39m[32mStarting Nest application...[39m
2026-05-10 17:17:13: [32m[Nest] 11576  - [39m10/05/2026, 5:17:13 pm [32m    LOG[39m [38;5;3m[NestFactory] [39m[32mStarting Nest application...[39m
2026-05-10 17:17:22: [32m[Nest] 21328  - [39m10/05/2026, 5:17:22 pm [32m    LOG[39m [38;5;3m[NestFactory] [39m[32mStarting Nest application...[39m
2026-05-10 17:17:29: [32m[Nest] 10516  - [39m10/05/2026, 5:17:29 pm [32m    LOG[39m [38;5;3m[NestFactory] [39m[32mStarting Nest application...[39m
2026-05-10 17:17:36: [32m[Nest] 28528  - [39m10/05/2026, 5:17:36 pm [32m    LOG[39m [38;5;3m[NestFactory] [39m[32mStarting Nest application...[39m
2026-05-10 17:17:44: [32m[Nest] 10964  - [39m10/05/2026, 5:17:44 pm [32m    LOG[39m [38;5;3m[NestFactory] [39m[32mStarting Nest application...[39m
2026-05-10 17:17:53: [32m[Nest] 29000  - [39m10/05/2026, 5:17:53 pm [32m    LOG[39m [38;5;3m[NestFactory] [39m[32mStarting Nest application...[39m
2026-05-10 17:18:00: [32m[Nest] 32880  - [39m10/05/2026, 5:18:00 pm [32m    LOG[39m [38;5;3m[NestFactory] [39m[32mStarting Nest application...[39m
2026-05-10 17:18:12: [32m[Nest] 17872  - [39m10/05/2026, 5:18:12 pm [32m    LOG[39m [38;5;3m[NestFactory] [39m[32mStarting Nest application...[39m
2026-05-10 17:18:22: [32m[Nest] 11468  - [39m10/05/2026, 5:18:22 pm [32m    LOG[39m [38;5;3m[NestFactory] [39m[32mStarting Nest application...[39m
2026-05-10 17:18:31: [32m[Nest] 10556  - [39m10/05/2026, 5:18:31 pm [32m    LOG[39m [38;5;3m[NestFactory] [39m[32mStarting Nest application...[39m
2026-05-10 17:18:43: [32m[Nest] 23584  - [39m10/05/2026, 5:18:43 pm [32m    LOG[39m [38;5;3m[NestFactory] [39m[32mStarting Nest application...[39m
2026-05-10 17:18:47: [32m[Nest] 10528  - [39m10/05/2026, 5:18:47 pm [32m    LOG[39m [38;5;3m[NestFactory] [39m[32mStarting Nest application...[39m
2026-05-10 17:18:53: [32m[Nest] 26388  - [39m10/05/2026, 5:18:53 pm [32m    LOG[39m [38;5;3m[NestFactory] [39m[32mStarting Nest application...[39m
2026-05-10 17:19:03: [32m[Nest] 33896  - [39m10/05/2026, 5:19:03 pm [32m    LOG[39m [38;5;3m[NestFactory] [39m[32mStarting Nest application...[39m
2026-05-10 17:19:11: [32m[Nest] 24012  - [39m10/05/2026, 5:19:11 pm [32m    LOG[39m [38;5;3m[NestFactory] [39m[32mStarting Nest application...[39m
2026-05-10 17:19:19: [32m[Nest] 5572  - [39m10/05/2026, 5:19:19 pm [32m    LOG[39m [38;5;3m[NestFactory] [39m[32mStarting Nest application...[39m
2026-05-10 17:19:26: [32m[Nest] 26704  - [39m10/05/2026, 5:19:26 pm [32m    LOG[39m [38;5;3m[NestFactory] [39m[32mStarting Nest application...[39m
2026-05-10 17:19:35: [32m[Nest] 25860  - [39m10/05/2026, 5:19:34 pm [32m    LOG[39m [38;5;3m[NestFactory] [39m[32mStarting Nest application...[39m
2026-05-10 17:19:44: [32m[Nest] 22288  - [39m10/05/2026, 5:19:44 pm [32m    LOG[39m [38;5;3m[NestFactory] [39m[32mStarting Nest application...[39m
2026-05-10 17:19:57: [32m[Nest] 12884  - [39m10/05/2026, 5:19:57 pm [32m    LOG[39m [38;5;3m[NestFactory] [39m[32mStarting Nest application...[39m
2026-05-10 17:20:07: [32m[Nest] 6040  - [39m10/05/2026, 5:20:07 pm [32m    LOG[39m [38;5;3m[NestFactory] [39m[32mStarting Nest application...[39m
2026-05-10 17:20:15: [32m[Nest] 11276  - [39m10/05/2026, 5:20:15 pm [32m    LOG[39m [38;5;3m[NestFactory] [39m[32mStarting Nest application...[39m
2026-05-10 17:20:22: [32m[Nest] 15276  - [39m10/05/2026, 5:20:22 pm [32m    LOG[39m [38;5;3m[NestFactory] [39m[32mStarting Nest application...[39m
2026-05-10 17:20:27: [32m[Nest] 25148  - [39m10/05/2026, 5:20:27 pm [32m    LOG[39m [38;5;3m[NestFactory] [39m[32mStarting Nest application...[39m
2026-05-10 17:20:33: [32m[Nest] 32888  - [39m10/05/2026, 5:20:33 pm [32m    LOG[39m [38;5;3m[NestFactory] [39m[32mStarting Nest application...[39m
2026-05-10 17:20:43: [32m[Nest] 14976  - [39m10/05/2026, 5:20:43 pm [32m    LOG[39m [38;5;3m[NestFactory] [39m[32mStarting Nest application...[39m
2026-05-10 17:20:55: [32m[Nest] 26748  - [39m10/05/2026, 5:20:55 pm [32m    LOG[39m [38;5;3m[NestFactory] [39m[32mStarting Nest application...[39m
2026-05-10 17:21:07: [32m[Nest] 33536  - [39m10/05/2026, 5:21:07 pm [32m    LOG[39m [38;5;3m[NestFactory] [39m[32mStarting Nest application...[39m
2026-05-10 17:21:14: [32m[Nest] 30212  - [39m10/05/2026, 5:21:14 pm [32m    LOG[39m [38;5;3m[NestFactory] [39m[32mStarting Nest application...[39m
2026-05-10 17:21:22: [32m[Nest] 30460  - [39m10/05/2026, 5:21:22 pm [32m    LOG[39m [38;5;3m[NestFactory] [39m[32mStarting Nest application...[39m
2026-05-10 17:21:30: [32m[Nest] 31784  - [39m10/05/2026, 5:21:30 pm [32m    LOG[39m [38;5;3m[NestFactory] [39m[32mStarting Nest application...[39m
2026-05-10 17:21:37: [32m[Nest] 28404  - [39m10/05/2026, 5:21:37 pm [32m    LOG[39m [38;5;3m[NestFactory] [39m[32mStarting Nest application...[39m
2026-05-10 17:21:44: [32m[Nest] 27084  - [39m10/05/2026, 5:21:44 pm [32m    LOG[39m [38;5;3m[NestFactory] [39m[32mStarting Nest application...[39m
2026-05-10 17:21:51: [32m[Nest] 18720  - [39m10/05/2026, 5:21:51 pm [32m    LOG[39m [38;5;3m[NestFactory] [39m[32mStarting Nest application...[39m
2026-05-10 17:21:58: [32m[Nest] 8292  - [39m10/05/2026, 5:21:58 pm [32m    LOG[39m [38;5;3m[NestFactory] [39m[32mStarting Nest application...[39m
2026-05-10 17:22:04: [32m[Nest] 11184  - [39m10/05/2026, 5:22:04 pm [32m    LOG[39m [38;5;3m[NestFactory] [39m[32mStarting Nest application...[39m
2026-05-10 17:22:09: [32m[Nest] 9464  - [39m10/05/2026, 5:22:09 pm [32m    LOG[39m [38;5;3m[NestFactory] [39m[32mStarting Nest application...[39m
2026-05-10 17:22:15: [32m[Nest] 26492  - [39m10/05/2026, 5:22:15 pm [32m    LOG[39m [38;5;3m[NestFactory] [39m[32mStarting Nest application...[39m
2026-05-10 17:22:25: [32m[Nest] 18448  - [39m10/05/2026, 5:22:25 pm [32m    LOG[39m [38;5;3m[NestFactory] [39m[32mStarting Nest application...[39m
2026-05-10 17:22:31: [32m[Nest] 23436  - [39m10/05/2026, 5:22:31 pm [32m    LOG[39m [38;5;3m[NestFactory] [39m[32mStarting Nest application...[39m
2026-05-10 17:22:38: [32m[Nest] 29336  - [39m10/05/2026, 5:22:38 pm [32m    LOG[39m [38;5;3m[NestFactory] [39m[32mStarting Nest application...[39m
2026-05-10 17:22:44: [32m[Nest] 5124  - [39m10/05/2026, 5:22:44 pm [32m    LOG[39m [38;5;3m[NestFactory] [39m[32mStarting Nest application...[39m
2026-05-10 17:22:51: [32m[Nest] 17496  - [39m10/05/2026, 5:22:51 pm [32m    LOG[39m [38;5;3m[NestFactory] [39m[32mStarting Nest application...[39m
2026-05-10 17:22:57: [32m[Nest] 15512  - [39m10/05/2026, 5:22:57 pm [32m    LOG[39m [38;5;3m[NestFactory] [39m[32mStarting Nest application...[39m
2026-05-10 17:23:02: [32m[Nest] 30996  - [39m10/05/2026, 5:23:02 pm [32m    LOG[39m [38;5;3m[NestFactory] [39m[32mStarting Nest application...[39m
2026-05-10 17:23:08: [32m[Nest] 31900  - [39m10/05/2026, 5:23:08 pm [32m    LOG[39m [38;5;3m[NestFactory] [39m[32mStarting Nest application...[39m
2026-05-10 17:23:14: [32m[Nest] 19252  - [39m10/05/2026, 5:23:14 pm [32m    LOG[39m [38;5;3m[NestFactory] [39m[32mStarting Nest application...[39m
2026-05-10 17:23:21: [32m[Nest] 33288  - [39m10/05/2026, 5:23:21 pm [32m    LOG[39m [38;5;3m[NestFactory] [39m[32mStarting Nest application...[39m
2026-05-10 17:23:27: [32m[Nest] 31948  - [39m10/05/2026, 5:23:27 pm [32m    LOG[39m [38;5;3m[NestFactory] [39m[32mStarting Nest application...[39m
2026-05-10 17:23:32: [32m[Nest] 18976  - [39m10/05/2026, 5:23:32 pm [32m    LOG[39m [38;5;3m[NestFactory] [39m[32mStarting Nest application...[39m
2026-05-10 17:23:36: [32m[Nest] 10468  - [39m10/05/2026, 5:23:36 pm [32m    LOG[39m [38;5;3m[NestFactory] [39m[32mStarting Nest application...[39m
2026-05-10 17:23:42: [32m[Nest] 9260  - [39m10/05/2026, 5:23:42 pm [32m    LOG[39m [38;5;3m[NestFactory] [39m[32mStarting Nest application...[39m
2026-05-10 17:23:48: [32m[Nest] 31220  - [39m10/05/2026, 5:23:48 pm [32m    LOG[39m [38;5;3m[NestFactory] [39m[32mStarting Nest application...[39m
2026-05-10 17:23:56: [32m[Nest] 28428  - [39m10/05/2026, 5:23:56 pm [32m    LOG[39m [38;5;3m[NestFactory] [39m[32mStarting Nest application...[39m
2026-05-10 17:24:00: [32m[Nest] 17232  - [39m10/05/2026, 5:24:00 pm [32m    LOG[39m [38;5;3m[NestFactory] [39m[32mStarting Nest application...[39m
2026-05-10 17:24:04: [32m[Nest] 28092  - [39m10/05/2026, 5:24:04 pm [32m    LOG[39m [38;5;3m[NestFactory] [39m[32mStarting Nest application...[39m
2026-05-10 17:24:10: [32m[Nest] 32524  - [39m10/05/2026, 5:24:10 pm [32m    LOG[39m [38;5;3m[NestFactory] [39m[32mStarting Nest application...[39m
2026-05-10 17:24:13: [32m[Nest] 18540  - [39m10/05/2026, 5:24:13 pm [32m    LOG[39m [38;5;3m[NestFactory] [39m[32mStarting Nest application...[39m
2026-05-10 17:24:17: [32m[Nest] 27592  - [39m10/05/2026, 5:24:17 pm [32m    LOG[39m [38;5;3m[NestFactory] [39m[32mStarting Nest application...[39m
2026-05-10 17:24:22: [32m[Nest] 23648  - [39m10/05/2026, 5:24:22 pm [32m    LOG[39m [38;5;3m[NestFactory] [39m[32mStarting Nest application...[39m
2026-05-10 17:24:26: [32m[Nest] 21864  - [39m10/05/2026, 5:24:26 pm [32m    LOG[39m [38;5;3m[NestFactory] [39m[32mStarting Nest application...[39m
2026-05-10 17:24:29: [32m[Nest] 25268  - [39m10/05/2026, 5:24:29 pm [32m    LOG[39m [38;5;3m[NestFactory] [39m[32mStarting Nest application...[39m
2026-05-10 17:24:32: [32m[Nest] 31220  - [39m10/05/2026, 5:24:32 pm [32m    LOG[39m [38;5;3m[NestFactory] [39m[32mStarting Nest application...[39m
2026-05-10 17:24:34: [32m[Nest] 30472  - [39m10/05/2026, 5:24:34 pm [32m    LOG[39m [38;5;3m[NestFactory] [39m[32mStarting Nest application...[39m
2026-05-10 17:24:37: [32m[Nest] 33348  - [39m10/05/2026, 5:24:37 pm [32m    LOG[39m [38;5;3m[NestFactory] [39m[32mStarting Nest application...[39m
2026-05-10 17:24:39: [32m[Nest] 20376  - [39m10/05/2026, 5:24:39 pm [32m    LOG[39m [38;5;3m[NestFactory] [39m[32mStarting Nest application...[39m
2026-05-10 17:24:42: [32m[Nest] 20736  - [39m10/05/2026, 5:24:42 pm [32m    LOG[39m [38;5;3m[NestFactory] [39m[32mStarting Nest application...[39m
2026-05-10 17:24:44: [32m[Nest] 26940  - [39m10/05/2026, 5:24:44 pm [32m    LOG[39m [38;5;3m[NestFactory] [39m[32mStarting Nest application...[39m
2026-05-10 17:24:47: [32m[Nest] 18376  - [39m10/05/2026, 5:24:47 pm [32m    LOG[39m [38;5;3m[NestFactory] [39m[32mStarting Nest application...[39m
2026-05-10 17:24:50: [32m[Nest] 31416  - [39m10/05/2026, 5:24:50 pm [32m    LOG[39m [38;5;3m[NestFactory] [39m[32mStarting Nest application...[39m
2026-05-10 17:24:53: [32m[Nest] 27112  - [39m10/05/2026, 5:24:53 pm [32m    LOG[39m [38;5;3m[NestFactory] [39m[32mStarting Nest application...[39m
2026-05-10 17:24:56: [32m[Nest] 25696  - [39m10/05/2026, 5:24:56 pm [32m    LOG[39m [38;5;3m[NestFactory] [39m[32mStarting Nest application...[39m
2026-05-10 17:24:58: [32m[Nest] 9096  - [39m10/05/2026, 5:24:58 pm [32m    LOG[39m [38;5;3m[NestFactory] [39m[32mStarting Nest application...[39m
2026-05-10 17:25:01: [32m[Nest] 4148  - [39m10/05/2026, 5:25:01 pm [32m    LOG[39m [38;5;3m[NestFactory] [39m[32mStarting Nest application...[39m
2026-05-10 17:25:03: [32m[Nest] 24912  - [39m10/05/2026, 5:25:03 pm [32m    LOG[39m [38;5;3m[NestFactory] [39m[32mStarting Nest application...[39m
2026-05-10 17:25:05: [32m[Nest] 6816  - [39m10/05/2026, 5:25:05 pm [32m    LOG[39m [38;5;3m[NestFactory] [39m[32mStarting Nest application...[39m
2026-05-10 17:25:07: [32m[Nest] 30828  - [39m10/05/2026, 5:25:07 pm [32m    LOG[39m [38;5;3m[NestFactory] [39m[32mStarting Nest application...[39m
2026-05-10 17:25:10: [32m[Nest] 12968  - [39m10/05/2026, 5:25:10 pm [32m    LOG[39m [38;5;3m[NestFactory] [39m[32mStarting Nest application...[39m
2026-05-10 17:25:12: [32m[Nest] 3312  - [39m10/05/2026, 5:25:12 pm [32m    LOG[39m [38;5;3m[NestFactory] [39m[32mStarting Nest application...[39m
2026-05-10 17:25:15: [32m[Nest] 33660  - [39m10/05/2026, 5:25:15 pm [32m    LOG[39m [38;5;3m[NestFactory] [39m[32mStarting Nest application...[39m
2026-05-10 17:25:18: [32m[Nest] 30080  - [39m10/05/2026, 5:25:18 pm [32m    LOG[39m [38;5;3m[NestFactory] [39m[32mStarting Nest application...[39m
2026-05-10 17:25:21: [32m[Nest] 33832  - [39m10/05/2026, 5:25:21 pm [32m    LOG[39m [38;5;3m[NestFactory] [39m[32mStarting Nest application...[39m
2026-05-10 17:25:24: [32m[Nest] 21832  - [39m10/05/2026, 5:25:24 pm [32m    LOG[39m [38;5;3m[NestFactory] [39m[32mStarting Nest application...[39m
2026-05-10 17:25:28: [32m[Nest] 3128  - [39m10/05/2026, 5:25:28 pm [32m    LOG[39m [38;5;3m[NestFactory] [39m[32mStarting Nest application...[39m
2026-05-10 17:25:33: [32m[Nest] 19636  - [39m10/05/2026, 5:25:33 pm [32m    LOG[39m [38;5;3m[NestFactory] [39m[32mStarting Nest application...[39m
2026-05-10 17:25:36: [32m[Nest] 19620  - [39m10/05/2026, 5:25:36 pm [32m    LOG[39m [38;5;3m[NestFactory] [39m[32mStarting Nest application...[39m
2026-05-10 17:25:38: [32m[Nest] 27800  - [39m10/05/2026, 5:25:38 pm [32m    LOG[39m [38;5;3m[NestFactory] [39m[32mStarting Nest application...[39m
2026-05-10 17:25:41: [32m[Nest] 8852  - [39m10/05/2026, 5:25:41 pm [32m    LOG[39m [38;5;3m[NestFactory] [39m[32mStarting Nest application...[39m
2026-05-10 17:25:43: [32m[Nest] 23356  - [39m10/05/2026, 5:25:43 pm [32m    LOG[39m [38;5;3m[NestFactory] [39m[32mStarting Nest application...[39m
2026-05-10 17:25:46: [32m[Nest] 10964  - [39m10/05/2026, 5:25:46 pm [32m    LOG[39m [38;5;3m[NestFactory] [39m[32mStarting Nest application...[39m
2026-05-10 17:25:48: [32m[Nest] 21796  - [39m10/05/2026, 5:25:48 pm [32m    LOG[39m [38;5;3m[NestFactory] [39m[32mStarting Nest application...[39m
2026-05-10 17:25:50: [32m[Nest] 34728  - [39m10/05/2026, 5:25:50 pm [32m    LOG[39m [38;5;3m[NestFactory] [39m[32mStarting Nest application...[39m
2026-05-10 17:25:53: [32m[Nest] 26492  - [39m10/05/2026, 5:25:53 pm [32m    LOG[39m [38;5;3m[NestFactory] [39m[32mStarting Nest application...[39m
2026-05-10 17:25:55: [32m[Nest] 26600  - [39m10/05/2026, 5:25:55 pm [32m    LOG[39m [38;5;3m[NestFactory] [39m[32mStarting Nest application...[39m
2026-05-10 17:25:57: [32m[Nest] 20728  - [39m10/05/2026, 5:25:57 pm [32m    LOG[39m [38;5;3m[NestFactory] [39m[32mStarting Nest application...[39m
2026-05-10 17:25:59: [32m[Nest] 30432  - [39m10/05/2026, 5:25:59 pm [32m    LOG[39m [38;5;3m[NestFactory] [39m[32mStarting Nest application...[39m
2026-05-10 17:26:01: [32m[Nest] 19532  - [39m10/05/2026, 5:26:01 pm [32m    LOG[39m [38;5;3m[NestFactory] [39m[32mStarting Nest application...[39m
2026-05-10 17:26:03: [32m[Nest] 11576  - [39m10/05/2026, 5:26:03 pm [32m    LOG[39m [38;5;3m[NestFactory] [39m[32mStarting Nest application...[39m
2026-05-10 17:26:05: [32m[Nest] 33564  - [39m10/05/2026, 5:26:05 pm [32m    LOG[39m [38;5;3m[NestFactory] [39m[32mStarting Nest application...[39m
2026-05-10 17:26:07: [32m[Nest] 13652  - [39m10/05/2026, 5:26:07 pm [32m    LOG[39m [38;5;3m[NestFactory] [39m[32mStarting Nest application...[39m
2026-05-10 17:26:09: [32m[Nest] 25240  - [39m10/05/2026, 5:26:09 pm [32m    LOG[39m [38;5;3m[NestFactory] [39m[32mStarting Nest application...[39m
2026-05-10 17:26:11: [32m[Nest] 24436  - [39m10/05/2026, 5:26:11 pm [32m    LOG[39m [38;5;3m[NestFactory] [39m[32mStarting Nest application...[39m
2026-05-10 17:26:13: [32m[Nest] 30244  - [39m10/05/2026, 5:26:13 pm [32m    LOG[39m [38;5;3m[NestFactory] [39m[32mStarting Nest application...[39m
2026-05-10 17:26:15: [32m[Nest] 7520  - [39m10/05/2026, 5:26:15 pm [32m    LOG[39m [38;5;3m[NestFactory] [39m[32mStarting Nest application...[39m
2026-05-10 17:26:18: [32m[Nest] 23936  - [39m10/05/2026, 5:26:18 pm [32m    LOG[39m [38;5;3m[NestFactory] [39m[32mStarting Nest application...[39m
2026-05-10 17:26:20: [32m[Nest] 12892  - [39m10/05/2026, 5:26:20 pm [32m    LOG[39m [38;5;3m[NestFactory] [39m[32mStarting Nest application...[39m
2026-05-10 17:26:22: [32m[Nest] 18208  - [39m10/05/2026, 5:26:22 pm [32m    LOG[39m [38;5;3m[NestFactory] [39m[32mStarting Nest application...[39m
2026-05-10 17:26:24: [32m[Nest] 33392  - [39m10/05/2026, 5:26:24 pm [32m    LOG[39m [38;5;3m[NestFactory] [39m[32mStarting Nest application...[39m
2026-05-10 17:26:26: [32m[Nest] 8852  - [39m10/05/2026, 5:26:26 pm [32m    LOG[39m [38;5;3m[NestFactory] [39m[32mStarting Nest application...[39m
2026-05-10 17:26:28: [32m[Nest] 14884  - [39m10/05/2026, 5:26:28 pm [32m    LOG[39m [38;5;3m[NestFactory] [39m[32mStarting Nest application...[39m
2026-05-10 17:26:30: [32m[Nest] 32256  - [39m10/05/2026, 5:26:30 pm [32m    LOG[39m [38;5;3m[NestFactory] [39m[32mStarting Nest application...[39m
2026-05-10 17:26:32: [32m[Nest] 23620  - [39m10/05/2026, 5:26:32 pm [32m    LOG[39m [38;5;3m[NestFactory] [39m[32mStarting Nest application...[39m
2026-05-10 17:26:34: [32m[Nest] 24200  - [39m10/05/2026, 5:26:34 pm [32m    LOG[39m [38;5;3m[NestFactory] [39m[32mStarting Nest application...[39m
2026-05-10 17:26:36: [32m[Nest] 31128  - [39m10/05/2026, 5:26:36 pm [32m    LOG[39m [38;5;3m[NestFactory] [39m[32mStarting Nest application...[39m
2026-05-10 17:26:38: [32m[Nest] 34184  - [39m10/05/2026, 5:26:38 pm [32m    LOG[39m [38;5;3m[NestFactory] [39m[32mStarting Nest application...[39m
2026-05-10 17:26:40: [32m[Nest] 23324  - [39m10/05/2026, 5:26:40 pm [32m    LOG[39m [38;5;3m[NestFactory] [39m[32mStarting Nest application...[39m
2026-05-10 17:26:42: [32m[Nest] 27408  - [39m10/05/2026, 5:26:42 pm [32m    LOG[39m [38;5;3m[NestFactory] [39m[32mStarting Nest application...[39m
2026-05-10 17:26:44: [32m[Nest] 23312  - [39m10/05/2026, 5:26:44 pm [32m    LOG[39m [38;5;3m[NestFactory] [39m[32mStarting Nest application...[39m
2026-05-10 17:26:46: [32m[Nest] 31336  - [39m10/05/2026, 5:26:46 pm [32m    LOG[39m [38;5;3m[NestFactory] [39m[32mStarting Nest application...[39m
2026-05-10 17:26:48: [32m[Nest] 10556  - [39m10/05/2026, 5:26:48 pm [32m    LOG[39m [38;5;3m[NestFactory] [39m[32mStarting Nest application...[39m
2026-05-10 17:26:50: [32m[Nest] 25476  - [39m10/05/2026, 5:26:50 pm [32m    LOG[39m [38;5;3m[NestFactory] [39m[32mStarting Nest application...[39m
2026-05-10 17:26:52: [32m[Nest] 18372  - [39m10/05/2026, 5:26:52 pm [32m    LOG[39m [38;5;3m[NestFactory] [39m[32mStarting Nest application...[39m
2026-05-10 17:26:55: [32m[Nest] 2816  - [39m10/05/2026, 5:26:55 pm [32m    LOG[39m [38;5;3m[NestFactory] [39m[32mStarting Nest application...[39m
2026-05-10 17:26:57: [32m[Nest] 5216  - [39m10/05/2026, 5:26:57 pm [32m    LOG[39m [38;5;3m[NestFactory] [39m[32mStarting Nest application...[39m
2026-05-10 17:26:59: [32m[Nest] 28252  - [39m10/05/2026, 5:26:59 pm [32m    LOG[39m [38;5;3m[NestFactory] [39m[32mStarting Nest application...[39m
2026-05-10 17:27:01: [32m[Nest] 18776  - [39m10/05/2026, 5:27:01 pm [32m    LOG[39m [38;5;3m[NestFactory] [39m[32mStarting Nest application...[39m
2026-05-10 17:27:03: [32m[Nest] 30444  - [39m10/05/2026, 5:27:03 pm [32m    LOG[39m [38;5;3m[NestFactory] [39m[32mStarting Nest application...[39m
2026-05-10 17:27:05: [32m[Nest] 33028  - [39m10/05/2026, 5:27:05 pm [32m    LOG[39m [38;5;3m[NestFactory] [39m[32mStarting Nest application...[39m
2026-05-10 17:27:07: [32m[Nest] 10400  - [39m10/05/2026, 5:27:07 pm [32m    LOG[39m [38;5;3m[NestFactory] [39m[32mStarting Nest application...[39m
2026-05-10 17:27:09: [32m[Nest] 12612  - [39m10/05/2026, 5:27:09 pm [32m    LOG[39m [38;5;3m[NestFactory] [39m[32mStarting Nest application...[39m
2026-05-10 17:27:11: [32m[Nest] 32320  - [39m10/05/2026, 5:27:11 pm [32m    LOG[39m [38;5;3m[NestFactory] [39m[32mStarting Nest application...[39m
2026-05-10 17:27:14: [32m[Nest] 18980  - [39m10/05/2026, 5:27:14 pm [32m    LOG[39m [38;5;3m[NestFactory] [39m[32mStarting Nest application...[39m
2026-05-10 17:27:16: [32m[Nest] 30448  - [39m10/05/2026, 5:27:16 pm [32m    LOG[39m [38;5;3m[NestFactory] [39m[32mStarting Nest application...[39m
2026-05-10 17:27:19: [32m[Nest] 23620  - [39m10/05/2026, 5:27:19 pm [32m    LOG[39m [38;5;3m[NestFactory] [39m[32mStarting Nest application...[39m
2026-05-10 17:27:21: [32m[Nest] 16456  - [39m10/05/2026, 5:27:21 pm [32m    LOG[39m [38;5;3m[NestFactory] [39m[32mStarting Nest application...[39m
2026-05-10 17:27:23: [32m[Nest] 33592  - [39m10/05/2026, 5:27:23 pm [32m    LOG[39m [38;5;3m[NestFactory] [39m[32mStarting Nest application...[39m
2026-05-10 17:27:26: [32m[Nest] 9708  - [39m10/05/2026, 5:27:25 pm [32m    LOG[39m [38;5;3m[NestFactory] [39m[32mStarting Nest application...[39m
2026-05-10 17:27:28: [32m[Nest] 22636  - [39m10/05/2026, 5:27:28 pm [32m    LOG[39m [38;5;3m[NestFactory] [39m[32mStarting Nest application...[39m
2026-05-10 17:27:30: [32m[Nest] 15552  - [39m10/05/2026, 5:27:30 pm [32m    LOG[39m [38;5;3m[NestFactory] [39m[32mStarting Nest application...[39m
2026-05-10 17:27:32: [32m[Nest] 13008  - [39m10/05/2026, 5:27:32 pm [32m    LOG[39m [38;5;3m[NestFactory] [39m[32mStarting Nest application...[39m
2026-05-10 17:27:34: [32m[Nest] 23852  - [39m10/05/2026, 5:27:34 pm [32m    LOG[39m [38;5;3m[NestFactory] [39m[32mStarting Nest application...[39m
2026-05-10 17:27:35: [32m[Nest] 1840  - [39m10/05/2026, 5:27:35 pm [32m    LOG[39m [38;5;3m[NestFactory] [39m[32mStarting Nest application...[39m
2026-05-10 17:27:37: [32m[Nest] 24360  - [39m10/05/2026, 5:27:37 pm [32m    LOG[39m [38;5;3m[NestFactory] [39m[32mStarting Nest application...[39m
2026-05-10 17:27:39: [32m[Nest] 23940  - [39m10/05/2026, 5:27:39 pm [32m    LOG[39m [38;5;3m[NestFactory] [39m[32mStarting Nest application...[39m
2026-05-10 17:27:41: [32m[Nest] 5216  - [39m10/05/2026, 5:27:41 pm [32m    LOG[39m [38;5;3m[NestFactory] [39m[32mStarting Nest application...[39m
2026-05-10 17:27:43: [32m[Nest] 24884  - [39m10/05/2026, 5:27:43 pm [32m    LOG[39m [38;5;3m[NestFactory] [39m[32mStarting Nest application...[39m
2026-05-10 17:27:45: [32m[Nest] 948  - [39m10/05/2026, 5:27:45 pm [32m    LOG[39m [38;5;3m[NestFactory] [39m[32mStarting Nest application...[39m
2026-05-10 17:27:47: [32m[Nest] 34660  - [39m10/05/2026, 5:27:47 pm [32m    LOG[39m [38;5;3m[NestFactory] [39m[32mStarting Nest application...[39m
2026-05-10 17:27:49: [32m[Nest] 19636  - [39m10/05/2026, 5:27:49 pm [32m    LOG[39m [38;5;3m[NestFactory] [39m[32mStarting Nest application...[39m
2026-05-10 17:27:51: [32m[Nest] 26892  - [39m10/05/2026, 5:27:51 pm [32m    LOG[39m [38;5;3m[NestFactory] [39m[32mStarting Nest application...[39m
2026-05-10 17:27:53: [32m[Nest] 31024  - [39m10/05/2026, 5:27:53 pm [32m    LOG[39m [38;5;3m[NestFactory] [39m[32mStarting Nest application...[39m
2026-05-10 17:27:55: [32m[Nest] 20472  - [39m10/05/2026, 5:27:55 pm [32m    LOG[39m [38;5;3m[NestFactory] [39m[32mStarting Nest application...[39m
2026-05-10 17:27:57: [32m[Nest] 3732  - [39m10/05/2026, 5:27:57 pm [32m    LOG[39m [38;5;3m[NestFactory] [39m[32mStarting Nest application...[39m
2026-05-10 17:27:59: [32m[Nest] 18720  - [39m10/05/2026, 5:27:59 pm [32m    LOG[39m [38;5;3m[NestFactory] [39m[32mStarting Nest application...[39m
2026-05-10 17:28:01: [32m[Nest] 21336  - [39m10/05/2026, 5:28:01 pm [32m    LOG[39m [38;5;3m[NestFactory] [39m[32mStarting Nest application...[39m
2026-05-10 17:28:03: [32m[Nest] 21712  - [39m10/05/2026, 5:28:03 pm [32m    LOG[39m [38;5;3m[NestFactory] [39m[32mStarting Nest application...[39m
2026-05-10 17:28:06: [32m[Nest] 34448  - [39m10/05/2026, 5:28:06 pm [32m    LOG[39m [38;5;3m[NestFactory] [39m[32mStarting Nest application...[39m
2026-05-10 17:28:08: [32m[Nest] 22904  - [39m10/05/2026, 5:28:08 pm [32m    LOG[39m [38;5;3m[NestFactory] [39m[32mStarting Nest application...[39m
2026-05-10 17:28:09: [32m[Nest] 26896  - [39m10/05/2026, 5:28:09 pm [32m    LOG[39m [38;5;3m[NestFactory] [39m[32mStarting Nest application...[39m
2026-05-10 17:28:12: [32m[Nest] 8348  - [39m10/05/2026, 5:28:12 pm [32m    LOG[39m [38;5;3m[NestFactory] [39m[32mStarting Nest application...[39m
2026-05-10 17:28:14: [32m[Nest] 28916  - [39m10/05/2026, 5:28:14 pm [32m    LOG[39m [38;5;3m[NestFactory] [39m[32mStarting Nest application...[39m
2026-05-10 17:28:15: [32m[Nest] 25708  - [39m10/05/2026, 5:28:15 pm [32m    LOG[39m [38;5;3m[NestFactory] [39m[32mStarting Nest application...[39m
2026-05-10 17:28:17: [32m[Nest] 12868  - [39m10/05/2026, 5:28:17 pm [32m    LOG[39m [38;5;3m[NestFactory] [39m[32mStarting Nest application...[39m
2026-05-10 17:28:19: [32m[Nest] 24360  - [39m10/05/2026, 5:28:19 pm [32m    LOG[39m [38;5;3m[NestFactory] [39m[32mStarting Nest application...[39m
2026-05-10 17:28:21: [32m[Nest] 28828  - [39m10/05/2026, 5:28:21 pm [32m    LOG[39m [38;5;3m[NestFactory] [39m[32mStarting Nest application...[39m
2026-05-10 17:28:23: [32m[Nest] 31084  - [39m10/05/2026, 5:28:23 pm [32m    LOG[39m [38;5;3m[NestFactory] [39m[32mStarting Nest application...[39m
2026-05-10 17:28:25: [32m[Nest] 948  - [39m10/05/2026, 5:28:25 pm [32m    LOG[39m [38;5;3m[NestFactory] [39m[32mStarting Nest application...[39m
2026-05-10 17:28:28: [32m[Nest] 25656  - [39m10/05/2026, 5:28:28 pm [32m    LOG[39m [38;5;3m[NestFactory] [39m[32mStarting Nest application...[39m
2026-05-10 17:28:30: [32m[Nest] 16536  - [39m10/05/2026, 5:28:30 pm [32m    LOG[39m [38;5;3m[NestFactory] [39m[32mStarting Nest application...[39m
2026-05-10 17:28:31: [32m[Nest] 31456  - [39m10/05/2026, 5:28:31 pm [32m    LOG[39m [38;5;3m[NestFactory] [39m[32mStarting Nest application...[39m
2026-05-10 17:28:33: [32m[Nest] 21864  - [39m10/05/2026, 5:28:33 pm [32m    LOG[39m [38;5;3m[NestFactory] [39m[32mStarting Nest application...[39m
2026-05-10 17:28:36: [32m[Nest] 28060  - [39m10/05/2026, 5:28:36 pm [32m    LOG[39m [38;5;3m[NestFactory] [39m[32mStarting Nest application...[39m
2026-05-10 17:28:38: [32m[Nest] 29660  - [39m10/05/2026, 5:28:38 pm [32m    LOG[39m [38;5;3m[NestFactory] [39m[32mStarting Nest application...[39m
2026-05-10 17:28:40: [32m[Nest] 29900  - [39m10/05/2026, 5:28:40 pm [32m    LOG[39m [38;5;3m[NestFactory] [39m[32mStarting Nest application...[39m
2026-05-10 17:28:42: [32m[Nest] 31332  - [39m10/05/2026, 5:28:42 pm [32m    LOG[39m [38;5;3m[NestFactory] [39m[32mStarting Nest application...[39m
2026-05-10 17:28:44: [32m[Nest] 31132  - [39m10/05/2026, 5:28:44 pm [32m    LOG[39m [38;5;3m[NestFactory] [39m[32mStarting Nest application...[39m
2026-05-10 17:28:46: [32m[Nest] 21172  - [39m10/05/2026, 5:28:46 pm [32m    LOG[39m [38;5;3m[NestFactory] [39m[32mStarting Nest application...[39m
2026-05-10 17:28:48: [32m[Nest] 6636  - [39m10/05/2026, 5:28:48 pm [32m    LOG[39m [38;5;3m[NestFactory] [39m[32mStarting Nest application...[39m
2026-05-10 17:28:50: [32m[Nest] 8348  - [39m10/05/2026, 5:28:50 pm [32m    LOG[39m [38;5;3m[NestFactory] [39m[32mStarting Nest application...[39m
2026-05-10 17:28:52: [32m[Nest] 15272  - [39m10/05/2026, 5:28:52 pm [32m    LOG[39m [38;5;3m[NestFactory] [39m[32mStarting Nest application...[39m
2026-05-10 17:28:54: [32m[Nest] 4964  - [39m10/05/2026, 5:28:54 pm [32m    LOG[39m [38;5;3m[NestFactory] [39m[32mStarting Nest application...[39m
2026-05-10 17:28:56: [32m[Nest] 32280  - [39m10/05/2026, 5:28:56 pm [32m    LOG[39m [38;5;3m[NestFactory] [39m[32mStarting Nest application...[39m
2026-05-10 17:28:58: [32m[Nest] 20744  - [39m10/05/2026, 5:28:58 pm [32m    LOG[39m [38;5;3m[NestFactory] [39m[32mStarting Nest application...[39m
2026-05-10 17:29:00: [32m[Nest] 34736  - [39m10/05/2026, 5:29:00 pm [32m    LOG[39m [38;5;3m[NestFactory] [39m[32mStarting Nest application...[39m
2026-05-10 17:29:02: [32m[Nest] 24368  - [39m10/05/2026, 5:29:02 pm [32m    LOG[39m [38;5;3m[NestFactory] [39m[32mStarting Nest application...[39m
2026-05-10 17:29:04: [32m[Nest] 20776  - [39m10/05/2026, 5:29:04 pm [32m    LOG[39m [38;5;3m[NestFactory] [39m[32mStarting Nest application...[39m
2026-05-10 17:29:06: [32m[Nest] 22032  - [39m10/05/2026, 5:29:06 pm [32m    LOG[39m [38;5;3m[NestFactory] [39m[32mStarting Nest application...[39m
2026-05-10 17:29:08: [32m[Nest] 25764  - [39m10/05/2026, 5:29:08 pm [32m    LOG[39m [38;5;3m[NestFactory] [39m[32mStarting Nest application...[39m
2026-05-10 17:29:10: [32m[Nest] 32036  - [39m10/05/2026, 5:29:10 pm [32m    LOG[39m [38;5;3m[NestFactory] [39m[32mStarting Nest application...[39m
2026-05-10 17:29:12: [32m[Nest] 26484  - [39m10/05/2026, 5:29:12 pm [32m    LOG[39m [38;5;3m[NestFactory] [39m[32mStarting Nest application...[39m
2026-05-10 17:29:14: [32m[Nest] 18192  - [39m10/05/2026, 5:29:14 pm [32m    LOG[39m [38;5;3m[NestFactory] [39m[32mStarting Nest application...[39m
2026-05-10 17:29:16: [32m[Nest] 22760  - [39m10/05/2026, 5:29:16 pm [32m    LOG[39m [38;5;3m[NestFactory] [39m[32mStarting Nest application...[39m
2026-05-10 17:29:18: [32m[Nest] 25996  - [39m10/05/2026, 5:29:18 pm [32m    LOG[39m [38;5;3m[NestFactory] [39m[32mStarting Nest application...[39m
2026-05-10 17:29:20: [32m[Nest] 26832  - [39m10/05/2026, 5:29:20 pm [32m    LOG[39m [38;5;3m[NestFactory] [39m[32mStarting Nest application...[39m
2026-05-10 17:29:23: [32m[Nest] 23576  - [39m10/05/2026, 5:29:23 pm [32m    LOG[39m [38;5;3m[NestFactory] [39m[32mStarting Nest application...[39m
2026-05-10 17:29:25: [32m[Nest] 29584  - [39m10/05/2026, 5:29:25 pm [32m    LOG[39m [38;5;3m[NestFactory] [39m[32mStarting Nest application...[39m
2026-05-10 17:29:27: [32m[Nest] 25472  - [39m10/05/2026, 5:29:27 pm [32m    LOG[39m [38;5;3m[NestFactory] [39m[32mStarting Nest application...[39m
2026-05-10 17:29:29: [32m[Nest] 22368  - [39m10/05/2026, 5:29:29 pm [32m    LOG[39m [38;5;3m[NestFactory] [39m[32mStarting Nest application...[39m
2026-05-10 17:29:31: [32m[Nest] 22000  - [39m10/05/2026, 5:29:31 pm [32m    LOG[39m [38;5;3m[NestFactory] [39m[32mStarting Nest application...[39m
2026-05-10 17:29:33: [32m[Nest] 2704  - [39m10/05/2026, 5:29:33 pm [32m    LOG[39m [38;5;3m[NestFactory] [39m[32mStarting Nest application...[39m
2026-05-10 17:29:35: [32m[Nest] 21580  - [39m10/05/2026, 5:29:35 pm [32m    LOG[39m [38;5;3m[NestFactory] [39m[32mStarting Nest application...[39m
2026-05-10 17:29:37: [32m[Nest] 11048  - [39m10/05/2026, 5:29:37 pm [32m    LOG[39m [38;5;3m[NestFactory] [39m[32mStarting Nest application...[39m
2026-05-10 17:29:39: [32m[Nest] 6116  - [39m10/05/2026, 5:29:39 pm [32m    LOG[39m [38;5;3m[NestFactory] [39m[32mStarting Nest application...[39m
2026-05-10 17:29:41: [32m[Nest] 16736  - [39m10/05/2026, 5:29:41 pm [32m    LOG[39m [38;5;3m[NestFactory] [39m[32mStarting Nest application...[39m
2026-05-10 17:29:43: [32m[Nest] 32724  - [39m10/05/2026, 5:29:43 pm [32m    LOG[39m [38;5;3m[NestFactory] [39m[32mStarting Nest application...[39m
2026-05-10 17:29:45: [32m[Nest] 33984  - [39m10/05/2026, 5:29:45 pm [32m    LOG[39m [38;5;3m[NestFactory] [39m[32mStarting Nest application...[39m
2026-05-10 17:29:47: [32m[Nest] 23928  - [39m10/05/2026, 5:29:47 pm [32m    LOG[39m [38;5;3m[NestFactory] [39m[32mStarting Nest application...[39m
2026-05-10 17:29:49: [32m[Nest] 21064  - [39m10/05/2026, 5:29:49 pm [32m    LOG[39m [38;5;3m[NestFactory] [39m[32mStarting Nest application...[39m
2026-05-10 17:29:51: [32m[Nest] 30696  - [39m10/05/2026, 5:29:51 pm [32m    LOG[39m [38;5;3m[NestFactory] [39m[32mStarting Nest application...[39m
2026-05-10 17:29:53: [32m[Nest] 31664  - [39m10/05/2026, 5:29:53 pm [32m    LOG[39m [38;5;3m[NestFactory] [39m[32mStarting Nest application...[39m
2026-05-10 17:29:55: [32m[Nest] 27524  - [39m10/05/2026, 5:29:55 pm [32m    LOG[39m [38;5;3m[NestFactory] [39m[32mStarting Nest application...[39m
2026-05-10 17:29:57: [32m[Nest] 20184  - [39m10/05/2026, 5:29:57 pm [32m    LOG[39m [38;5;3m[NestFactory] [39m[32mStarting Nest application...[39m
2026-05-10 17:29:59: [32m[Nest] 19964  - [39m10/05/2026, 5:29:59 pm [32m    LOG[39m [38;5;3m[NestFactory] [39m[32mStarting Nest application...[39m
2026-05-10 17:30:01: [32m[Nest] 33204  - [39m10/05/2026, 5:30:01 pm [32m    LOG[39m [38;5;3m[NestFactory] [39m[32mStarting Nest application...[39m
2026-05-10 17:30:03: [32m[Nest] 25932  - [39m10/05/2026, 5:30:03 pm [32m    LOG[39m [38;5;3m[NestFactory] [39m[32mStarting Nest application...[39m
2026-05-10 17:30:05: [32m[Nest] 23356  - [39m10/05/2026, 5:30:05 pm [32m    LOG[39m [38;5;3m[NestFactory] [39m[32mStarting Nest application...[39m
2026-05-10 17:30:07: [32m[Nest] 25704  - [39m10/05/2026, 5:30:07 pm [32m    LOG[39m [38;5;3m[NestFactory] [39m[32mStarting Nest application...[39m
2026-05-10 17:30:09: [32m[Nest] 26804  - [39m10/05/2026, 5:30:09 pm [32m    LOG[39m [38;5;3m[NestFactory] [39m[32mStarting Nest application...[39m
2026-05-10 17:30:11: [32m[Nest] 3480  - [39m10/05/2026, 5:30:11 pm [32m    LOG[39m [38;5;3m[NestFactory] [39m[32mStarting Nest application...[39m
2026-05-10 17:30:13: [32m[Nest] 30600  - [39m10/05/2026, 5:30:13 pm [32m    LOG[39m [38;5;3m[NestFactory] [39m[32mStarting Nest application...[39m
2026-05-10 17:30:15: [32m[Nest] 4308  - [39m10/05/2026, 5:30:15 pm [32m    LOG[39m [38;5;3m[NestFactory] [39m[32mStarting Nest application...[39m
2026-05-10 17:30:17: [32m[Nest] 2232  - [39m10/05/2026, 5:30:17 pm [32m    LOG[39m [38;5;3m[NestFactory] [39m[32mStarting Nest application...[39m
2026-05-10 17:30:19: [32m[Nest] 22044  - [39m10/05/2026, 5:30:19 pm [32m    LOG[39m [38;5;3m[NestFactory] [39m[32mStarting Nest application...[39m
2026-05-10 17:30:21: [32m[Nest] 13484  - [39m10/05/2026, 5:30:21 pm [32m    LOG[39m [38;5;3m[NestFactory] [39m[32mStarting Nest application...[39m
2026-05-10 17:30:23: [32m[Nest] 15728  - [39m10/05/2026, 5:30:23 pm [32m    LOG[39m [38;5;3m[NestFactory] [39m[32mStarting Nest application...[39m
2026-05-10 17:30:25: [32m[Nest] 28284  - [39m10/05/2026, 5:30:25 pm [32m    LOG[39m [38;5;3m[NestFactory] [39m[32mStarting Nest application...[39m
2026-05-10 17:30:27: [32m[Nest] 24228  - [39m10/05/2026, 5:30:27 pm [32m    LOG[39m [38;5;3m[NestFactory] [39m[32mStarting Nest application...[39m
2026-05-10 17:30:29: [32m[Nest] 25072  - [39m10/05/2026, 5:30:29 pm [32m    LOG[39m [38;5;3m[NestFactory] [39m[32mStarting Nest application...[39m
2026-05-10 17:30:31: [32m[Nest] 18112  - [39m10/05/2026, 5:30:31 pm [32m    LOG[39m [38;5;3m[NestFactory] [39m[32mStarting Nest application...[39m
2026-05-10 17:30:33: [32m[Nest] 24368  - [39m10/05/2026, 5:30:33 pm [32m    LOG[39m [38;5;3m[NestFactory] [39m[32mStarting Nest application...[39m
2026-05-10 17:30:35: [32m[Nest] 15608  - [39m10/05/2026, 5:30:35 pm [32m    LOG[39m [38;5;3m[NestFactory] [39m[32mStarting Nest application...[39m
2026-05-10 17:30:37: [32m[Nest] 3104  - [39m10/05/2026, 5:30:37 pm [32m    LOG[39m [38;5;3m[NestFactory] [39m[32mStarting Nest application...[39m
2026-05-10 17:30:39: [32m[Nest] 18976  - [39m10/05/2026, 5:30:39 pm [32m    LOG[39m [38;5;3m[NestFactory] [39m[32mStarting Nest application...[39m
2026-05-10 17:30:41: [32m[Nest] 20420  - [39m10/05/2026, 5:30:41 pm [32m    LOG[39m [38;5;3m[NestFactory] [39m[32mStarting Nest application...[39m
2026-05-10 17:30:43: [32m[Nest] 30208  - [39m10/05/2026, 5:30:43 pm [32m    LOG[39m [38;5;3m[NestFactory] [39m[32mStarting Nest application...[39m
2026-05-10 17:30:45: [32m[Nest] 27288  - [39m10/05/2026, 5:30:45 pm [32m    LOG[39m [38;5;3m[NestFactory] [39m[32mStarting Nest application...[39m
2026-05-10 17:30:47: [32m[Nest] 32868  - [39m10/05/2026, 5:30:47 pm [32m    LOG[39m [38;5;3m[NestFactory] [39m[32mStarting Nest application...[39m
2026-05-10 17:30:49: [32m[Nest] 27712  - [39m10/05/2026, 5:30:49 pm [32m    LOG[39m [38;5;3m[NestFactory] [39m[32mStarting Nest application...[39m
2026-05-10 17:30:51: [32m[Nest] 14684  - [39m10/05/2026, 5:30:51 pm [32m    LOG[39m [38;5;3m[NestFactory] [39m[32mStarting Nest application...[39m
2026-05-10 17:30:53: [32m[Nest] 28864  - [39m10/05/2026, 5:30:53 pm [32m    LOG[39m [38;5;3m[NestFactory] [39m[32mStarting Nest application...[39m
2026-05-10 17:30:55: [32m[Nest] 22488  - [39m10/05/2026, 5:30:55 pm [32m    LOG[39m [38;5;3m[NestFactory] [39m[32mStarting Nest application...[39m
2026-05-10 17:30:57: [32m[Nest] 29980  - [39m10/05/2026, 5:30:57 pm [32m    LOG[39m [38;5;3m[NestFactory] [39m[32mStarting Nest application...[39m
2026-05-10 17:30:59: [32m[Nest] 26156  - [39m10/05/2026, 5:30:59 pm [32m    LOG[39m [38;5;3m[NestFactory] [39m[32mStarting Nest application...[39m
2026-05-10 17:31:01: [32m[Nest] 21832  - [39m10/05/2026, 5:31:01 pm [32m    LOG[39m [38;5;3m[NestFactory] [39m[32mStarting Nest application...[39m
2026-05-10 17:31:03: [32m[Nest] 23436  - [39m10/05/2026, 5:31:03 pm [32m    LOG[39m [38;5;3m[NestFactory] [39m[32mStarting Nest application...[39m
2026-05-10 17:31:05: [32m[Nest] 12124  - [39m10/05/2026, 5:31:05 pm [32m    LOG[39m [38;5;3m[NestFactory] [39m[32mStarting Nest application...[39m
2026-05-10 17:31:07: [32m[Nest] 25880  - [39m10/05/2026, 5:31:07 pm [32m    LOG[39m [38;5;3m[NestFactory] [39m[32mStarting Nest application...[39m
2026-05-10 17:31:08: [32m[Nest] 30656  - [39m10/05/2026, 5:31:08 pm [32m    LOG[39m [38;5;3m[NestFactory] [39m[32mStarting Nest application...[39m
2026-05-10 17:31:10: [32m[Nest] 12932  - [39m10/05/2026, 5:31:10 pm [32m    LOG[39m [38;5;3m[NestFactory] [39m[32mStarting Nest application...[39m
2026-05-10 17:31:12: [32m[Nest] 21828  - [39m10/05/2026, 5:31:12 pm [32m    LOG[39m [38;5;3m[NestFactory] [39m[32mStarting Nest application...[39m
2026-05-10 17:31:14: [32m[Nest] 32188  - [39m10/05/2026, 5:31:14 pm [32m    LOG[39m [38;5;3m[NestFactory] [39m[32mStarting Nest application...[39m
2026-05-10 17:31:16: [32m[Nest] 24996  - [39m10/05/2026, 5:31:16 pm [32m    LOG[39m [38;5;3m[NestFactory] [39m[32mStarting Nest application...[39m
2026-05-10 17:31:18: [32m[Nest] 31236  - [39m10/05/2026, 5:31:18 pm [32m    LOG[39m [38;5;3m[NestFactory] [39m[32mStarting Nest application...[39m
2026-05-10 17:31:20: [32m[Nest] 24012  - [39m10/05/2026, 5:31:20 pm [32m    LOG[39m [38;5;3m[NestFactory] [39m[32mStarting Nest application...[39m
2026-05-10 17:31:22: [32m[Nest] 13920  - [39m10/05/2026, 5:31:22 pm [32m    LOG[39m [38;5;3m[NestFactory] [39m[32mStarting Nest application...[39m
2026-05-10 17:31:24: [32m[Nest] 27040  - [39m10/05/2026, 5:31:24 pm [32m    LOG[39m [38;5;3m[NestFactory] [39m[32mStarting Nest application...[39m
2026-05-10 17:31:26: [32m[Nest] 26396  - [39m10/05/2026, 5:31:26 pm [32m    LOG[39m [38;5;3m[NestFactory] [39m[32mStarting Nest application...[39m
2026-05-10 17:31:28: [32m[Nest] 29128  - [39m10/05/2026, 5:31:28 pm [32m    LOG[39m [38;5;3m[NestFactory] [39m[32mStarting Nest application...[39m
2026-05-10 17:31:30: [32m[Nest] 33500  - [39m10/05/2026, 5:31:30 pm [32m    LOG[39m [38;5;3m[NestFactory] [39m[32mStarting Nest application...[39m
2026-05-10 17:31:32: [32m[Nest] 26896  - [39m10/05/2026, 5:31:32 pm [32m    LOG[39m [38;5;3m[NestFactory] [39m[32mStarting Nest application...[39m
2026-05-10 17:31:34: [32m[Nest] 12844  - [39m10/05/2026, 5:31:34 pm [32m    LOG[39m [38;5;3m[NestFactory] [39m[32mStarting Nest application...[39m
2026-05-10 17:31:36: [32m[Nest] 33768  - [39m10/05/2026, 5:31:36 pm [32m    LOG[39m [38;5;3m[NestFactory] [39m[32mStarting Nest application...[39m
2026-05-10 17:31:38: [32m[Nest] 25540  - [39m10/05/2026, 5:31:38 pm [32m    LOG[39m [38;5;3m[NestFactory] [39m[32mStarting Nest application...[39m
2026-05-10 17:31:40: [32m[Nest] 22000  - [39m10/05/2026, 5:31:40 pm [32m    LOG[39m [38;5;3m[NestFactory] [39m[32mStarting Nest application...[39m
2026-05-10 17:31:43: [32m[Nest] 31072  - [39m10/05/2026, 5:31:43 pm [32m    LOG[39m [38;5;3m[NestFactory] [39m[32mStarting Nest application...[39m
2026-05-10 17:31:46: [32m[Nest] 33444  - [39m10/05/2026, 5:31:46 pm [32m    LOG[39m [38;5;3m[NestFactory] [39m[32mStarting Nest application...[39m
2026-05-10 17:31:49: [32m[Nest] 25096  - [39m10/05/2026, 5:31:49 pm [32m    LOG[39m [38;5;3m[NestFactory] [39m[32mStarting Nest application...[39m
2026-05-10 17:31:51: [32m[Nest] 21608  - [39m10/05/2026, 5:31:51 pm [32m    LOG[39m [38;5;3m[NestFactory] [39m[32mStarting Nest application...[39m
2026-05-10 17:31:54: [32m[Nest] 27060  - [39m10/05/2026, 5:31:54 pm [32m    LOG[39m [38;5;3m[NestFactory] [39m[32mStarting Nest application...[39m
2026-05-10 17:31:58: [32m[Nest] 26164  - [39m10/05/2026, 5:31:58 pm [32m    LOG[39m [38;5;3m[NestFactory] [39m[32mStarting Nest application...[39m
2026-05-10 17:32:01: [32m[Nest] 31992  - [39m10/05/2026, 5:32:01 pm [32m    LOG[39m [38;5;3m[NestFactory] [39m[32mStarting Nest application...[39m
2026-05-10 17:32:04: [32m[Nest] 32164  - [39m10/05/2026, 5:32:04 pm [32m    LOG[39m [38;5;3m[NestFactory] [39m[32mStarting Nest application...[39m
2026-05-10 17:32:07: [32m[Nest] 2524  - [39m10/05/2026, 5:32:07 pm [32m    LOG[39m [38;5;3m[NestFactory] [39m[32mStarting Nest application...[39m
2026-05-10 17:32:09: [32m[Nest] 30208  - [39m10/05/2026, 5:32:09 pm [32m    LOG[39m [38;5;3m[NestFactory] [39m[32mStarting Nest application...[39m
2026-05-10 17:32:11: [32m[Nest] 6316  - [39m10/05/2026, 5:32:11 pm [32m    LOG[39m [38;5;3m[NestFactory] [39m[32mStarting Nest application...[39m
2026-05-10 17:32:13: [32m[Nest] 12644  - [39m10/05/2026, 5:32:13 pm [32m    LOG[39m [38;5;3m[NestFactory] [39m[32mStarting Nest application...[39m
2026-05-10 17:32:15: [32m[Nest] 14760  - [39m10/05/2026, 5:32:15 pm [32m    LOG[39m [38;5;3m[NestFactory] [39m[32mStarting Nest application...[39m
2026-05-10 17:32:17: [32m[Nest] 11168  - [39m10/05/2026, 5:32:17 pm [32m    LOG[39m [38;5;3m[NestFactory] [39m[32mStarting Nest application...[39m
2026-05-10 17:32:19: [32m[Nest] 19748  - [39m10/05/2026, 5:32:19 pm [32m    LOG[39m [38;5;3m[NestFactory] [39m[32mStarting Nest application...[39m
2026-05-10 17:32:22: [32m[Nest] 29968  - [39m10/05/2026, 5:32:22 pm [32m    LOG[39m [38;5;3m[NestFactory] [39m[32mStarting Nest application...[39m
2026-05-10 17:32:25: [32m[Nest] 30256  - [39m10/05/2026, 5:32:25 pm [32m    LOG[39m [38;5;3m[NestFactory] [39m[32mStarting Nest application...[39m
2026-05-10 17:32:27: [32m[Nest] 29024  - [39m10/05/2026, 5:32:27 pm [32m    LOG[39m [38;5;3m[NestFactory] [39m[32mStarting Nest application...[39m
2026-05-10 17:32:29: [32m[Nest] 33028  - [39m10/05/2026, 5:32:29 pm [32m    LOG[39m [38;5;3m[NestFactory] [39m[32mStarting Nest application...[39m
2026-05-10 17:32:31: [32m[Nest] 30416  - [39m10/05/2026, 5:32:31 pm [32m    LOG[39m [38;5;3m[NestFactory] [39m[32mStarting Nest application...[39m
2026-05-10 17:32:33: [32m[Nest] 26832  - [39m10/05/2026, 5:32:33 pm [32m    LOG[39m [38;5;3m[NestFactory] [39m[32mStarting Nest application...[39m
2026-05-10 17:32:35: [32m[Nest] 18444  - [39m10/05/2026, 5:32:35 pm [32m    LOG[39m [38;5;3m[NestFactory] [39m[32mStarting Nest application...[39m
2026-05-10 17:32:37: [32m[Nest] 4508  - [39m10/05/2026, 5:32:37 pm [32m    LOG[39m [38;5;3m[NestFactory] [39m[32mStarting Nest application...[39m
2026-05-10 17:32:39: [32m[Nest] 28688  - [39m10/05/2026, 5:32:39 pm [32m    LOG[39m [38;5;3m[NestFactory] [39m[32mStarting Nest application...[39m
2026-05-10 17:32:40: [32m[Nest] 33140  - [39m10/05/2026, 5:32:40 pm [32m    LOG[39m [38;5;3m[NestFactory] [39m[32mStarting Nest application...[39m
2026-05-10 17:32:42: [32m[Nest] 23048  - [39m10/05/2026, 5:32:42 pm [32m    LOG[39m [38;5;3m[NestFactory] [39m[32mStarting Nest application...[39m
2026-05-10 17:32:44: [32m[Nest] 29148  - [39m10/05/2026, 5:32:44 pm [32m    LOG[39m [38;5;3m[NestFactory] [39m[32mStarting Nest application...[39m
2026-05-10 17:32:46: [32m[Nest] 18776  - [39m10/05/2026, 5:32:46 pm [32m    LOG[39m [38;5;3m[NestFactory] [39m[32mStarting Nest application...[39m
2026-05-10 17:32:48: [32m[Nest] 34656  - [39m10/05/2026, 5:32:48 pm [32m    LOG[39m [38;5;3m[NestFactory] [39m[32mStarting Nest application...[39m
2026-05-10 17:32:50: [32m[Nest] 20108  - [39m10/05/2026, 5:32:50 pm [32m    LOG[39m [38;5;3m[NestFactory] [39m[32mStarting Nest application...[39m
2026-05-10 17:32:52: [32m[Nest] 26224  - [39m10/05/2026, 5:32:52 pm [32m    LOG[39m [38;5;3m[NestFactory] [39m[32mStarting Nest application...[39m
2026-05-10 17:32:54: [32m[Nest] 31892  - [39m10/05/2026, 5:32:54 pm [32m    LOG[39m [38;5;3m[NestFactory] [39m[32mStarting Nest application...[39m
2026-05-10 17:32:56: [32m[Nest] 18868  - [39m10/05/2026, 5:32:56 pm [32m    LOG[39m [38;5;3m[NestFactory] [39m[32mStarting Nest application...[39m
2026-05-10 17:32:58: [32m[Nest] 26804  - [39m10/05/2026, 5:32:58 pm [32m    LOG[39m [38;5;3m[NestFactory] [39m[32mStarting Nest application...[39m
2026-05-10 17:32:59: [32m[Nest] 17276  - [39m10/05/2026, 5:32:59 pm [32m    LOG[39m [38;5;3m[NestFactory] [39m[32mStarting Nest application...[39m
2026-05-10 17:33:01: [32m[Nest] 20124  - [39m10/05/2026, 5:33:01 pm [32m    LOG[39m [38;5;3m[NestFactory] [39m[32mStarting Nest application...[39m
2026-05-10 17:33:03: [32m[Nest] 6440  - [39m10/05/2026, 5:33:03 pm [32m    LOG[39m [38;5;3m[NestFactory] [39m[32mStarting Nest application...[39m
2026-05-10 17:33:05: [32m[Nest] 23112  - [39m10/05/2026, 5:33:05 pm [32m    LOG[39m [38;5;3m[NestFactory] [39m[32mStarting Nest application...[39m
2026-05-10 17:33:07: [32m[Nest] 29068  - [39m10/05/2026, 5:33:07 pm [32m    LOG[39m [38;5;3m[NestFactory] [39m[32mStarting Nest application...[39m
2026-05-10 17:33:09: [32m[Nest] 12736  - [39m10/05/2026, 5:33:09 pm [32m    LOG[39m [38;5;3m[NestFactory] [39m[32mStarting Nest application...[39m
2026-05-10 17:33:11: [32m[Nest] 26492  - [39m10/05/2026, 5:33:11 pm [32m    LOG[39m [38;5;3m[NestFactory] [39m[32mStarting Nest application...[39m
2026-05-10 17:33:13: [32m[Nest] 20972  - [39m10/05/2026, 5:33:13 pm [32m    LOG[39m [38;5;3m[NestFactory] [39m[32mStarting Nest application...[39m
2026-05-10 17:33:15: [32m[Nest] 31016  - [39m10/05/2026, 5:33:15 pm [32m    LOG[39m [38;5;3m[NestFactory] [39m[32mStarting Nest application...[39m
2026-05-10 17:33:17: [32m[Nest] 33280  - [39m10/05/2026, 5:33:17 pm [32m    LOG[39m [38;5;3m[NestFactory] [39m[32mStarting Nest application...[39m
2026-05-10 17:33:19: [32m[Nest] 19280  - [39m10/05/2026, 5:33:19 pm [32m    LOG[39m [38;5;3m[NestFactory] [39m[32mStarting Nest application...[39m
2026-05-10 17:33:21: [32m[Nest] 25592  - [39m10/05/2026, 5:33:21 pm [32m    LOG[39m [38;5;3m[NestFactory] [39m[32mStarting Nest application...[39m
2026-05-10 17:33:23: [32m[Nest] 33228  - [39m10/05/2026, 5:33:23 pm [32m    LOG[39m [38;5;3m[NestFactory] [39m[32mStarting Nest application...[39m
2026-05-10 17:33:25: [32m[Nest] 24872  - [39m10/05/2026, 5:33:25 pm [32m    LOG[39m [38;5;3m[NestFactory] [39m[32mStarting Nest application...[39m
2026-05-10 17:33:27: [32m[Nest] 29300  - [39m10/05/2026, 5:33:27 pm [32m    LOG[39m [38;5;3m[NestFactory] [39m[32mStarting Nest application...[39m
2026-05-10 17:33:29: [32m[Nest] 27836  - [39m10/05/2026, 5:33:29 pm [32m    LOG[39m [38;5;3m[NestFactory] [39m[32mStarting Nest application...[39m
2026-05-10 17:33:30: [32m[Nest] 11132  - [39m10/05/2026, 5:33:30 pm [32m    LOG[39m [38;5;3m[NestFactory] [39m[32mStarting Nest application...[39m
2026-05-10 17:33:32: [32m[Nest] 13300  - [39m10/05/2026, 5:33:32 pm [32m    LOG[39m [38;5;3m[NestFactory] [39m[32mStarting Nest application...[39m
2026-05-10 17:33:34: [32m[Nest] 30116  - [39m10/05/2026, 5:33:34 pm [32m    LOG[39m [38;5;3m[NestFactory] [39m[32mStarting Nest application...[39m
2026-05-10 17:33:36: [32m[Nest] 21648  - [39m10/05/2026, 5:33:36 pm [32m    LOG[39m [38;5;3m[NestFactory] [39m[32mStarting Nest application...[39m
2026-05-10 17:33:38: [32m[Nest] 22568  - [39m10/05/2026, 5:33:38 pm [32m    LOG[39m [38;5;3m[NestFactory] [39m[32mStarting Nest application...[39m
2026-05-10 17:33:40: [32m[Nest] 13408  - [39m10/05/2026, 5:33:40 pm [32m    LOG[39m [38;5;3m[NestFactory] [39m[32mStarting Nest application...[39m
2026-05-10 17:33:42: [32m[Nest] 22948  - [39m10/05/2026, 5:33:42 pm [32m    LOG[39m [38;5;3m[NestFactory] [39m[32mStarting Nest application...[39m
2026-05-10 17:33:43: [32m[Nest] 30536  - [39m10/05/2026, 5:33:43 pm [32m    LOG[39m [38;5;3m[NestFactory] [39m[32mStarting Nest application...[39m
2026-05-10 17:33:45: [32m[Nest] 30012  - [39m10/05/2026, 5:33:45 pm [32m    LOG[39m [38;5;3m[NestFactory] [39m[32mStarting Nest application...[39m
2026-05-10 17:33:47: [32m[Nest] 19584  - [39m10/05/2026, 5:33:47 pm [32m    LOG[39m [38;5;3m[NestFactory] [39m[32mStarting Nest application...[39m
2026-05-10 17:33:49: [32m[Nest] 33036  - [39m10/05/2026, 5:33:49 pm [32m    LOG[39m [38;5;3m[NestFactory] [39m[32mStarting Nest application...[39m
2026-05-10 17:33:51: [32m[Nest] 30092  - [39m10/05/2026, 5:33:51 pm [32m    LOG[39m [38;5;3m[NestFactory] [39m[32mStarting Nest application...[39m
2026-05-10 17:33:53: [32m[Nest] 4912  - [39m10/05/2026, 5:33:53 pm [32m    LOG[39m [38;5;3m[NestFactory] [39m[32mStarting Nest application...[39m
2026-05-10 17:33:55: [32m[Nest] 30576  - [39m10/05/2026, 5:33:55 pm [32m    LOG[39m [38;5;3m[NestFactory] [39m[32mStarting Nest application...[39m
2026-05-10 17:33:57: [32m[Nest] 19648  - [39m10/05/2026, 5:33:57 pm [32m    LOG[39m [38;5;3m[NestFactory] [39m[32mStarting Nest application...[39m
2026-05-10 17:33:59: [32m[Nest] 8572  - [39m10/05/2026, 5:33:59 pm [32m    LOG[39m [38;5;3m[NestFactory] [39m[32mStarting Nest application...[39m
2026-05-10 17:34:01: [32m[Nest] 34628  - [39m10/05/2026, 5:34:01 pm [32m    LOG[39m [38;5;3m[NestFactory] [39m[32mStarting Nest application...[39m
2026-05-10 17:34:03: [32m[Nest] 20916  - [39m10/05/2026, 5:34:03 pm [32m    LOG[39m [38;5;3m[NestFactory] [39m[32mStarting Nest application...[39m
2026-05-10 17:34:05: [32m[Nest] 5552  - [39m10/05/2026, 5:34:05 pm [32m    LOG[39m [38;5;3m[NestFactory] [39m[32mStarting Nest application...[39m
2026-05-10 17:34:07: [32m[Nest] 32124  - [39m10/05/2026, 5:34:07 pm [32m    LOG[39m [38;5;3m[NestFactory] [39m[32mStarting Nest application...[39m
2026-05-10 17:34:09: [32m[Nest] 20184  - [39m10/05/2026, 5:34:09 pm [32m    LOG[39m [38;5;3m[NestFactory] [39m[32mStarting Nest application...[39m
2026-05-10 17:34:10: [32m[Nest] 20084  - [39m10/05/2026, 5:34:10 pm [32m    LOG[39m [38;5;3m[NestFactory] [39m[32mStarting Nest application...[39m
2026-05-10 17:34:12: [32m[Nest] 7024  - [39m10/05/2026, 5:34:12 pm [32m    LOG[39m [38;5;3m[NestFactory] [39m[32mStarting Nest application...[39m
2026-05-10 17:34:14: [32m[Nest] 18776  - [39m10/05/2026, 5:34:14 pm [32m    LOG[39m [38;5;3m[NestFactory] [39m[32mStarting Nest application...[39m
2026-05-10 17:34:16: [32m[Nest] 31692  - [39m10/05/2026, 5:34:16 pm [32m    LOG[39m [38;5;3m[NestFactory] [39m[32mStarting Nest application...[39m
2026-05-10 17:34:18: [32m[Nest] 13300  - [39m10/05/2026, 5:34:18 pm [32m    LOG[39m [38;5;3m[NestFactory] [39m[32mStarting Nest application...[39m
2026-05-10 17:34:20: [32m[Nest] 19532  - [39m10/05/2026, 5:34:20 pm [32m    LOG[39m [38;5;3m[NestFactory] [39m[32mStarting Nest application...[39m
2026-05-10 17:34:22: [32m[Nest] 30104  - [39m10/05/2026, 5:34:22 pm [32m    LOG[39m [38;5;3m[NestFactory] [39m[32mStarting Nest application...[39m
2026-05-10 17:34:24: [32m[Nest] 34232  - [39m10/05/2026, 5:34:24 pm [32m    LOG[39m [38;5;3m[NestFactory] [39m[32mStarting Nest application...[39m
2026-05-10 17:34:26: [32m[Nest] 34172  - [39m10/05/2026, 5:34:26 pm [32m    LOG[39m [38;5;3m[NestFactory] [39m[32mStarting Nest application...[39m
2026-05-10 17:34:28: [32m[Nest] 16224  - [39m10/05/2026, 5:34:28 pm [32m    LOG[39m [38;5;3m[NestFactory] [39m[32mStarting Nest application...[39m
2026-05-10 17:34:30: [32m[Nest] 21736  - [39m10/05/2026, 5:34:30 pm [32m    LOG[39m [38;5;3m[NestFactory] [39m[32mStarting Nest application...[39m
2026-05-10 17:34:32: [32m[Nest] 24480  - [39m10/05/2026, 5:34:32 pm [32m    LOG[39m [38;5;3m[NestFactory] [39m[32mStarting Nest application...[39m
2026-05-10 17:34:34: [32m[Nest] 24436  - [39m10/05/2026, 5:34:34 pm [32m    LOG[39m [38;5;3m[NestFactory] [39m[32mStarting Nest application...[39m
2026-05-10 17:34:36: [32m[Nest] 29720  - [39m10/05/2026, 5:34:36 pm [32m    LOG[39m [38;5;3m[NestFactory] [39m[32mStarting Nest application...[39m
2026-05-10 17:34:38: [32m[Nest] 29584  - [39m10/05/2026, 5:34:38 pm [32m    LOG[39m [38;5;3m[NestFactory] [39m[32mStarting Nest application...[39m
2026-05-10 17:34:39: [32m[Nest] 3600  - [39m10/05/2026, 5:34:39 pm [32m    LOG[39m [38;5;3m[NestFactory] [39m[32mStarting Nest application...[39m
2026-05-10 17:34:41: [32m[Nest] 26136  - [39m10/05/2026, 5:34:41 pm [32m    LOG[39m [38;5;3m[NestFactory] [39m[32mStarting Nest application...[39m
2026-05-10 17:34:43: [32m[Nest] 23268  - [39m10/05/2026, 5:34:43 pm [32m    LOG[39m [38;5;3m[NestFactory] [39m[32mStarting Nest application...[39m
2026-05-10 17:34:45: [32m[Nest] 30752  - [39m10/05/2026, 5:34:45 pm [32m    LOG[39m [38;5;3m[NestFactory] [39m[32mStarting Nest application...[39m
2026-05-10 17:34:47: [32m[Nest] 24408  - [39m10/05/2026, 5:34:47 pm [32m    LOG[39m [38;5;3m[NestFactory] [39m[32mStarting Nest application...[39m
2026-05-10 17:34:49: [32m[Nest] 8572  - [39m10/05/2026, 5:34:49 pm [32m    LOG[39m [38;5;3m[NestFactory] [39m[32mStarting Nest application...[39m
2026-05-10 17:34:51: [32m[Nest] 21832  - [39m10/05/2026, 5:34:51 pm [32m    LOG[39m [38;5;3m[NestFactory] [39m[32mStarting Nest application...[39m
2026-05-10 17:34:53: [32m[Nest] 10488  - [39m10/05/2026, 5:34:53 pm [32m    LOG[39m [38;5;3m[NestFactory] [39m[32mStarting Nest application...[39m
2026-05-10 17:34:55: [32m[Nest] 27036  - [39m10/05/2026, 5:34:55 pm [32m    LOG[39m [38;5;3m[NestFactory] [39m[32mStarting Nest application...[39m
2026-05-10 17:34:57: [32m[Nest] 20776  - [39m10/05/2026, 5:34:57 pm [32m    LOG[39m [38;5;3m[NestFactory] [39m[32mStarting Nest application...[39m
2026-05-10 17:34:59: [32m[Nest] 31904  - [39m10/05/2026, 5:34:59 pm [32m    LOG[39m [38;5;3m[NestFactory] [39m[32mStarting Nest application...[39m
2026-05-10 17:35:01: [32m[Nest] 31256  - [39m10/05/2026, 5:35:01 pm [32m    LOG[39m [38;5;3m[NestFactory] [39m[32mStarting Nest application...[39m
2026-05-10 17:35:02: [32m[Nest] 29660  - [39m10/05/2026, 5:35:02 pm [32m    LOG[39m [38;5;3m[NestFactory] [39m[32mStarting Nest application...[39m
2026-05-10 17:35:04: [32m[Nest] 20692  - [39m10/05/2026, 5:35:04 pm [32m    LOG[39m [38;5;3m[NestFactory] [39m[32mStarting Nest application...[39m
2026-05-10 17:35:06: [32m[Nest] 25660  - [39m10/05/2026, 5:35:06 pm [32m    LOG[39m [38;5;3m[NestFactory] [39m[32mStarting Nest application...[39m
2026-05-10 17:35:08: [32m[Nest] 27328  - [39m10/05/2026, 5:35:08 pm [32m    LOG[39m [38;5;3m[NestFactory] [39m[32mStarting Nest application...[39m
2026-05-10 17:35:10: [32m[Nest] 18868  - [39m10/05/2026, 5:35:10 pm [32m    LOG[39m [38;5;3m[NestFactory] [39m[32mStarting Nest application...[39m
2026-05-10 17:35:12: [32m[Nest] 22908  - [39m10/05/2026, 5:35:12 pm [32m    LOG[39m [38;5;3m[NestFactory] [39m[32mStarting Nest application...[39m
2026-05-10 17:35:14: [32m[Nest] 20256  - [39m10/05/2026, 5:35:14 pm [32m    LOG[39m [38;5;3m[NestFactory] [39m[32mStarting Nest application...[39m
2026-05-10 17:35:16: [32m[Nest] 24560  - [39m10/05/2026, 5:35:16 pm [32m    LOG[39m [38;5;3m[NestFactory] [39m[32mStarting Nest application...[39m
2026-05-10 17:35:19: [32m[Nest] 2652  - [39m10/05/2026, 5:35:19 pm [32m    LOG[39m [38;5;3m[NestFactory] [39m[32mStarting Nest application...[39m
2026-05-10 17:35:21: [32m[Nest] 33032  - [39m10/05/2026, 5:35:21 pm [32m    LOG[39m [38;5;3m[NestFactory] [39m[32mStarting Nest application...[39m
2026-05-10 17:35:23: [32m[Nest] 14832  - [39m10/05/2026, 5:35:23 pm [32m    LOG[39m [38;5;3m[NestFactory] [39m[32mStarting Nest application...[39m
2026-05-10 17:35:25: [32m[Nest] 11344  - [39m10/05/2026, 5:35:25 pm [32m    LOG[39m [38;5;3m[NestFactory] [39m[32mStarting Nest application...[39m
2026-05-10 17:35:27: [32m[Nest] 26388  - [39m10/05/2026, 5:35:27 pm [32m    LOG[39m [38;5;3m[NestFactory] [39m[32mStarting Nest application...[39m
2026-05-10 17:35:30: [32m[Nest] 8580  - [39m10/05/2026, 5:35:30 pm [32m    LOG[39m [38;5;3m[NestFactory] [39m[32mStarting Nest application...[39m
2026-05-10 17:35:32: [32m[Nest] 33796  - [39m10/05/2026, 5:35:32 pm [32m    LOG[39m [38;5;3m[NestFactory] [39m[32mStarting Nest application...[39m
2026-05-10 17:35:34: [32m[Nest] 3480  - [39m10/05/2026, 5:35:34 pm [32m    LOG[39m [38;5;3m[NestFactory] [39m[32mStarting Nest application...[39m
2026-05-10 17:35:36: [32m[Nest] 1496  - [39m10/05/2026, 5:35:36 pm [32m    LOG[39m [38;5;3m[NestFactory] [39m[32mStarting Nest application...[39m
2026-05-10 17:35:38: [32m[Nest] 7520  - [39m10/05/2026, 5:35:38 pm [32m    LOG[39m [38;5;3m[NestFactory] [39m[32mStarting Nest application...[39m
2026-05-10 17:35:40: [32m[Nest] 25400  - [39m10/05/2026, 5:35:40 pm [32m    LOG[39m [38;5;3m[NestFactory] [39m[32mStarting Nest application...[39m
2026-05-10 17:35:42: [32m[Nest] 32084  - [39m10/05/2026, 5:35:42 pm [32m    LOG[39m [38;5;3m[NestFactory] [39m[32mStarting Nest application...[39m
2026-05-10 17:35:44: [32m[Nest] 31092  - [39m10/05/2026, 5:35:44 pm [32m    LOG[39m [38;5;3m[NestFactory] [39m[32mStarting Nest application...[39m
2026-05-10 17:35:46: [32m[Nest] 27800  - [39m10/05/2026, 5:35:46 pm [32m    LOG[39m [38;5;3m[NestFactory] [39m[32mStarting Nest application...[39m
2026-05-10 17:35:48: [32m[Nest] 17856  - [39m10/05/2026, 5:35:48 pm [32m    LOG[39m [38;5;3m[NestFactory] [39m[32mStarting Nest application...[39m
2026-05-10 17:35:50: [32m[Nest] 32140  - [39m10/05/2026, 5:35:50 pm [32m    LOG[39m [38;5;3m[NestFactory] [39m[32mStarting Nest application...[39m
2026-05-10 17:35:52: [32m[Nest] 34672  - [39m10/05/2026, 5:35:52 pm [32m    LOG[39m [38;5;3m[NestFactory] [39m[32mStarting Nest application...[39m
2026-05-10 17:35:54: [32m[Nest] 31960  - [39m10/05/2026, 5:35:54 pm [32m    LOG[39m [38;5;3m[NestFactory] [39m[32mStarting Nest application...[39m
2026-05-10 17:35:56: [32m[Nest] 33196  - [39m10/05/2026, 5:35:56 pm [32m    LOG[39m [38;5;3m[NestFactory] [39m[32mStarting Nest application...[39m
2026-05-10 17:35:58: [32m[Nest] 18272  - [39m10/05/2026, 5:35:58 pm [32m    LOG[39m [38;5;3m[NestFactory] [39m[32mStarting Nest application...[39m
2026-05-10 17:36:01: [32m[Nest] 3260  - [39m10/05/2026, 5:36:01 pm [32m    LOG[39m [38;5;3m[NestFactory] [39m[32mStarting Nest application...[39m
2026-05-10 17:36:03: [32m[Nest] 19868  - [39m10/05/2026, 5:36:03 pm [32m    LOG[39m [38;5;3m[NestFactory] [39m[32mStarting Nest application...[39m
2026-05-10 17:36:05: [32m[Nest] 25880  - [39m10/05/2026, 5:36:05 pm [32m    LOG[39m [38;5;3m[NestFactory] [39m[32mStarting Nest application...[39m
2026-05-10 17:36:07: [32m[Nest] 31640  - [39m10/05/2026, 5:36:07 pm [32m    LOG[39m [38;5;3m[NestFactory] [39m[32mStarting Nest application...[39m
2026-05-10 17:36:10: [32m[Nest] 4088  - [39m10/05/2026, 5:36:10 pm [32m    LOG[39m [38;5;3m[NestFactory] [39m[32mStarting Nest application...[39m
2026-05-10 17:36:12: [32m[Nest] 34292  - [39m10/05/2026, 5:36:12 pm [32m    LOG[39m [38;5;3m[NestFactory] [39m[32mStarting Nest application...[39m
2026-05-10 17:36:14: [32m[Nest] 25772  - [39m10/05/2026, 5:36:14 pm [32m    LOG[39m [38;5;3m[NestFactory] [39m[32mStarting Nest application...[39m
2026-05-10 17:36:17: [32m[Nest] 20972  - [39m10/05/2026, 5:36:17 pm [32m    LOG[39m [38;5;3m[NestFactory] [39m[32mStarting Nest application...[39m
2026-05-10 17:36:19: [32m[Nest] 30932  - [39m10/05/2026, 5:36:19 pm [32m    LOG[39m [38;5;3m[NestFactory] [39m[32mStarting Nest application...[39m
2026-05-10 17:36:23: [32m[Nest] 18980  - [39m10/05/2026, 5:36:23 pm [32m    LOG[39m [38;5;3m[NestFactory] [39m[32mStarting Nest application...[39m
2026-05-10 17:36:25: [32m[Nest] 27112  - [39m10/05/2026, 5:36:25 pm [32m    LOG[39m [38;5;3m[NestFactory] [39m[32mStarting Nest application...[39m
2026-05-10 17:36:27: [32m[Nest] 26060  - [39m10/05/2026, 5:36:27 pm [32m    LOG[39m [38;5;3m[NestFactory] [39m[32mStarting Nest application...[39m
2026-05-10 17:36:29: [32m[Nest] 3224  - [39m10/05/2026, 5:36:29 pm [32m    LOG[39m [38;5;3m[NestFactory] [39m[32mStarting Nest application...[39m
2026-05-10 17:36:31: [32m[Nest] 31796  - [39m10/05/2026, 5:36:31 pm [32m    LOG[39m [38;5;3m[NestFactory] [39m[32mStarting Nest application...[39m
2026-05-10 17:36:33: [32m[Nest] 31328  - [39m10/05/2026, 5:36:33 pm [32m    LOG[39m [38;5;3m[NestFactory] [39m[32mStarting Nest application...[39m
2026-05-10 17:36:35: [32m[Nest] 23620  - [39m10/05/2026, 5:36:35 pm [32m    LOG[39m [38;5;3m[NestFactory] [39m[32mStarting Nest application...[39m
2026-05-10 17:36:36: [32m[Nest] 26104  - [39m10/05/2026, 5:36:36 pm [32m    LOG[39m [38;5;3m[NestFactory] [39m[32mStarting Nest application...[39m
2026-05-10 17:36:38: [32m[Nest] 3464  - [39m10/05/2026, 5:36:38 pm [32m    LOG[39m [38;5;3m[NestFactory] [39m[32mStarting Nest application...[39m
2026-05-10 17:36:40: [32m[Nest] 26340  - [39m10/05/2026, 5:36:40 pm [32m    LOG[39m [38;5;3m[NestFactory] [39m[32mStarting Nest application...[39m
2026-05-10 17:36:42: [32m[Nest] 25568  - [39m10/05/2026, 5:36:42 pm [32m    LOG[39m [38;5;3m[NestFactory] [39m[32mStarting Nest application...[39m
2026-05-10 17:36:44: [32m[Nest] 28924  - [39m10/05/2026, 5:36:44 pm [32m    LOG[39m [38;5;3m[NestFactory] [39m[32mStarting Nest application...[39m
2026-05-10 17:36:46: [32m[Nest] 8124  - [39m10/05/2026, 5:36:46 pm [32m    LOG[39m [38;5;3m[NestFactory] [39m[32mStarting Nest application...[39m
2026-05-10 17:36:48: [32m[Nest] 34496  - [39m10/05/2026, 5:36:48 pm [32m    LOG[39m [38;5;3m[NestFactory] [39m[32mStarting Nest application...[39m
2026-05-10 17:36:50: [32m[Nest] 2616  - [39m10/05/2026, 5:36:50 pm [32m    LOG[39m [38;5;3m[NestFactory] [39m[32mStarting Nest application...[39m
2026-05-10 17:36:52: [32m[Nest] 31584  - [39m10/05/2026, 5:36:52 pm [32m    LOG[39m [38;5;3m[NestFactory] [39m[32mStarting Nest application...[39m
2026-05-10 17:36:53: [32m[Nest] 3896  - [39m10/05/2026, 5:36:53 pm [32m    LOG[39m [38;5;3m[NestFactory] [39m[32mStarting Nest application...[39m
2026-05-10 17:36:56: [32m[Nest] 2920  - [39m10/05/2026, 5:36:56 pm [32m    LOG[39m [38;5;3m[NestFactory] [39m[32mStarting Nest application...[39m
2026-05-10 17:36:57: [32m[Nest] 32888  - [39m10/05/2026, 5:36:57 pm [32m    LOG[39m [38;5;3m[NestFactory] [39m[32mStarting Nest application...[39m
2026-05-10 17:36:59: [32m[Nest] 13496  - [39m10/05/2026, 5:36:59 pm [32m    LOG[39m [38;5;3m[NestFactory] [39m[32mStarting Nest application...[39m
2026-05-10 17:37:01: [32m[Nest] 34544  - [39m10/05/2026, 5:37:01 pm [32m    LOG[39m [38;5;3m[NestFactory] [39m[32mStarting Nest application...[39m
2026-05-10 17:37:03: [32m[Nest] 33644  - [39m10/05/2026, 5:37:03 pm [32m    LOG[39m [38;5;3m[NestFactory] [39m[32mStarting Nest application...[39m
2026-05-10 17:37:05: [32m[Nest] 17496  - [39m10/05/2026, 5:37:05 pm [32m    LOG[39m [38;5;3m[NestFactory] [39m[32mStarting Nest application...[39m
2026-05-10 17:37:07: [32m[Nest] 25628  - [39m10/05/2026, 5:37:07 pm [32m    LOG[39m [38;5;3m[NestFactory] [39m[32mStarting Nest application...[39m
2026-05-10 17:37:09: [32m[Nest] 18704  - [39m10/05/2026, 5:37:09 pm [32m    LOG[39m [38;5;3m[NestFactory] [39m[32mStarting Nest application...[39m
2026-05-10 17:37:11: [32m[Nest] 19328  - [39m10/05/2026, 5:37:11 pm [32m    LOG[39m [38;5;3m[NestFactory] [39m[32mStarting Nest application...[39m
2026-05-10 17:37:12: [32m[Nest] 25660  - [39m10/05/2026, 5:37:12 pm [32m    LOG[39m [38;5;3m[NestFactory] [39m[32mStarting Nest application...[39m
2026-05-10 17:37:14: [32m[Nest] 31328  - [39m10/05/2026, 5:37:14 pm [32m    LOG[39m [38;5;3m[NestFactory] [39m[32mStarting Nest application...[39m
2026-05-10 17:37:16: [32m[Nest] 5552  - [39m10/05/2026, 5:37:16 pm [32m    LOG[39m [38;5;3m[NestFactory] [39m[32mStarting Nest application...[39m
2026-05-10 17:37:18: [32m[Nest] 34808  - [39m10/05/2026, 5:37:18 pm [32m    LOG[39m [38;5;3m[NestFactory] [39m[32mStarting Nest application...[39m
2026-05-10 17:37:20: [32m[Nest] 20256  - [39m10/05/2026, 5:37:20 pm [32m    LOG[39m [38;5;3m[NestFactory] [39m[32mStarting Nest application...[39m
2026-05-10 17:37:22: [32m[Nest] 29908  - [39m10/05/2026, 5:37:22 pm [32m    LOG[39m [38;5;3m[NestFactory] [39m[32mStarting Nest application...[39m
2026-05-10 17:37:24: [32m[Nest] 28924  - [39m10/05/2026, 5:37:24 pm [32m    LOG[39m [38;5;3m[NestFactory] [39m[32mStarting Nest application...[39m
2026-05-10 17:37:26: [32m[Nest] 10916  - [39m10/05/2026, 5:37:26 pm [32m    LOG[39m [38;5;3m[NestFactory] [39m[32mStarting Nest application...[39m
2026-05-10 17:37:28: [32m[Nest] 34200  - [39m10/05/2026, 5:37:28 pm [32m    LOG[39m [38;5;3m[NestFactory] [39m[32mStarting Nest application...[39m
2026-05-10 17:37:30: [32m[Nest] 20332  - [39m10/05/2026, 5:37:30 pm [32m    LOG[39m [38;5;3m[NestFactory] [39m[32mStarting Nest application...[39m
2026-05-10 17:37:32: [32m[Nest] 14920  - [39m10/05/2026, 5:37:32 pm [32m    LOG[39m [38;5;3m[NestFactory] [39m[32mStarting Nest application...[39m
2026-05-10 17:37:34: [32m[Nest] 32188  - [39m10/05/2026, 5:37:34 pm [32m    LOG[39m [38;5;3m[NestFactory] [39m[32mStarting Nest application...[39m
2026-05-10 17:37:36: [32m[Nest] 33028  - [39m10/05/2026, 5:37:36 pm [32m    LOG[39m [38;5;3m[NestFactory] [39m[32mStarting Nest application...[39m
2026-05-10 17:37:38: [32m[Nest] 34352  - [39m10/05/2026, 5:37:38 pm [32m    LOG[39m [38;5;3m[NestFactory] [39m[32mStarting Nest application...[39m
2026-05-10 17:37:40: [32m[Nest] 22396  - [39m10/05/2026, 5:37:40 pm [32m    LOG[39m [38;5;3m[NestFactory] [39m[32mStarting Nest application...[39m
2026-05-10 17:37:42: [32m[Nest] 9576  - [39m10/05/2026, 5:37:42 pm [32m    LOG[39m [38;5;3m[NestFactory] [39m[32mStarting Nest application...[39m
2026-05-10 17:37:44: [32m[Nest] 32240  - [39m10/05/2026, 5:37:44 pm [32m    LOG[39m [38;5;3m[NestFactory] [39m[32mStarting Nest application...[39m
2026-05-10 17:37:45: [32m[Nest] 25780  - [39m10/05/2026, 5:37:45 pm [32m    LOG[39m [38;5;3m[NestFactory] [39m[32mStarting Nest application...[39m
2026-05-10 17:37:47: [32m[Nest] 9324  - [39m10/05/2026, 5:37:47 pm [32m    LOG[39m [38;5;3m[NestFactory] [39m[32mStarting Nest application...[39m
2026-05-10 17:37:49: [32m[Nest] 25932  - [39m10/05/2026, 5:37:49 pm [32m    LOG[39m [38;5;3m[NestFactory] [39m[32mStarting Nest application...[39m
2026-05-10 17:37:51: [32m[Nest] 18704  - [39m10/05/2026, 5:37:51 pm [32m    LOG[39m [38;5;3m[NestFactory] [39m[32mStarting Nest application...[39m
2026-05-10 17:37:53: [32m[Nest] 3224  - [39m10/05/2026, 5:37:53 pm [32m    LOG[39m [38;5;3m[NestFactory] [39m[32mStarting Nest application...[39m
2026-05-10 17:37:55: [32m[Nest] 1252  - [39m10/05/2026, 5:37:55 pm [32m    LOG[39m [38;5;3m[NestFactory] [39m[32mStarting Nest application...[39m
2026-05-10 17:37:57: [32m[Nest] 34672  - [39m10/05/2026, 5:37:57 pm [32m    LOG[39m [38;5;3m[NestFactory] [39m[32mStarting Nest application...[39m
2026-05-10 17:37:59: [32m[Nest] 20452  - [39m10/05/2026, 5:37:59 pm [32m    LOG[39m [38;5;3m[NestFactory] [39m[32mStarting Nest application...[39m
2026-05-10 17:38:01: [32m[Nest] 10528  - [39m10/05/2026, 5:38:01 pm [32m    LOG[39m [38;5;3m[NestFactory] [39m[32mStarting Nest application...[39m
2026-05-10 17:38:02: [32m[Nest] 34152  - [39m10/05/2026, 5:38:02 pm [32m    LOG[39m [38;5;3m[NestFactory] [39m[32mStarting Nest application...[39m
2026-05-10 17:38:04: [32m[Nest] 23576  - [39m10/05/2026, 5:38:04 pm [32m    LOG[39m [38;5;3m[NestFactory] [39m[32mStarting Nest application...[39m
2026-05-10 17:38:06: [32m[Nest] 14844  - [39m10/05/2026, 5:38:06 pm [32m    LOG[39m [38;5;3m[NestFactory] [39m[32mStarting Nest application...[39m
2026-05-10 17:38:08: [32m[Nest] 30364  - [39m10/05/2026, 5:38:08 pm [32m    LOG[39m [38;5;3m[NestFactory] [39m[32mStarting Nest application...[39m
2026-05-10 17:38:10: [32m[Nest] 33860  - [39m10/05/2026, 5:38:10 pm [32m    LOG[39m [38;5;3m[NestFactory] [39m[32mStarting Nest application...[39m
2026-05-10 17:38:12: [32m[Nest] 13652  - [39m10/05/2026, 5:38:12 pm [32m    LOG[39m [38;5;3m[NestFactory] [39m[32mStarting Nest application...[39m
2026-05-10 17:38:14: [32m[Nest] 26832  - [39m10/05/2026, 5:38:14 pm [32m    LOG[39m [38;5;3m[NestFactory] [39m[32mStarting Nest application...[39m
2026-05-10 17:38:16: [32m[Nest] 24560  - [39m10/05/2026, 5:38:16 pm [32m    LOG[39m [38;5;3m[NestFactory] [39m[32mStarting Nest application...[39m
2026-05-10 17:38:18: [32m[Nest] 18184  - [39m10/05/2026, 5:38:18 pm [32m    LOG[39m [38;5;3m[NestFactory] [39m[32mStarting Nest application...[39m
2026-05-10 17:38:20: [32m[Nest] 22996  - [39m10/05/2026, 5:38:20 pm [32m    LOG[39m [38;5;3m[NestFactory] [39m[32mStarting Nest application...[39m
2026-05-10 17:38:21: [32m[Nest] 8112  - [39m10/05/2026, 5:38:21 pm [32m    LOG[39m [38;5;3m[NestFactory] [39m[32mStarting Nest application...[39m
2026-05-10 17:38:23: [32m[Nest] 31408  - [39m10/05/2026, 5:38:23 pm [32m    LOG[39m [38;5;3m[NestFactory] [39m[32mStarting Nest application...[39m
2026-05-10 17:38:25: [32m[Nest] 30412  - [39m10/05/2026, 5:38:25 pm [32m    LOG[39m [38;5;3m[NestFactory] [39m[32mStarting Nest application...[39m
2026-05-10 17:38:27: [32m[Nest] 30932  - [39m10/05/2026, 5:38:27 pm [32m    LOG[39m [38;5;3m[NestFactory] [39m[32mStarting Nest application...[39m
2026-05-10 17:38:29: [32m[Nest] 27800  - [39m10/05/2026, 5:38:29 pm [32m    LOG[39m [38;5;3m[NestFactory] [39m[32mStarting Nest application...[39m
2026-05-10 17:38:31: [32m[Nest] 5384  - [39m10/05/2026, 5:38:31 pm [32m    LOG[39m [38;5;3m[NestFactory] [39m[32mStarting Nest application...[39m
2026-05-10 17:38:33: [32m[Nest] 17900  - [39m10/05/2026, 5:38:33 pm [32m    LOG[39m [38;5;3m[NestFactory] [39m[32mStarting Nest application...[39m
2026-05-10 17:38:35: [32m[Nest] 33524  - [39m10/05/2026, 5:38:35 pm [32m    LOG[39m [38;5;3m[NestFactory] [39m[32mStarting Nest application...[39m
2026-05-10 17:38:36: [32m[Nest] 3128  - [39m10/05/2026, 5:38:36 pm [32m    LOG[39m [38;5;3m[NestFactory] [39m[32mStarting Nest application...[39m
2026-05-10 17:38:38: [32m[Nest] 17608  - [39m10/05/2026, 5:38:38 pm [32m    LOG[39m [38;5;3m[NestFactory] [39m[32mStarting Nest application...[39m
2026-05-10 17:38:40: [32m[Nest] 3224  - [39m10/05/2026, 5:38:40 pm [32m    LOG[39m [38;5;3m[NestFactory] [39m[32mStarting Nest application...[39m
2026-05-10 17:38:43: [32m[Nest] 24052  - [39m10/05/2026, 5:38:43 pm [32m    LOG[39m [38;5;3m[NestFactory] [39m[32mStarting Nest application...[39m
2026-05-10 17:38:45: [32m[Nest] 25204  - [39m10/05/2026, 5:38:45 pm [32m    LOG[39m [38;5;3m[NestFactory] [39m[32mStarting Nest application...[39m
2026-05-10 17:38:47: [32m[Nest] 28180  - [39m10/05/2026, 5:38:47 pm [32m    LOG[39m [38;5;3m[NestFactory] [39m[32mStarting Nest application...[39m
2026-05-10 17:38:49: [32m[Nest] 34596  - [39m10/05/2026, 5:38:49 pm [32m    LOG[39m [38;5;3m[NestFactory] [39m[32mStarting Nest application...[39m
2026-05-10 17:38:51: [32m[Nest] 2728  - [39m10/05/2026, 5:38:51 pm [32m    LOG[39m [38;5;3m[NestFactory] [39m[32mStarting Nest application...[39m
2026-05-10 17:38:53: [32m[Nest] 360  - [39m10/05/2026, 5:38:53 pm [32m    LOG[39m [38;5;3m[NestFactory] [39m[32mStarting Nest application...[39m
2026-05-10 17:38:55: [32m[Nest] 19532  - [39m10/05/2026, 5:38:55 pm [32m    LOG[39m [38;5;3m[NestFactory] [39m[32mStarting Nest application...[39m
2026-05-10 17:38:57: [32m[Nest] 256  - [39m10/05/2026, 5:38:57 pm [32m    LOG[39m [38;5;3m[NestFactory] [39m[32mStarting Nest application...[39m
2026-05-10 17:38:59: [32m[Nest] 25992  - [39m10/05/2026, 5:38:59 pm [32m    LOG[39m [38;5;3m[NestFactory] [39m[32mStarting Nest application...[39m
2026-05-10 17:39:00: [32m[Nest] 21828  - [39m10/05/2026, 5:39:00 pm [32m    LOG[39m [38;5;3m[NestFactory] [39m[32mStarting Nest application...[39m
2026-05-10 17:39:02: [32m[Nest] 30752  - [39m10/05/2026, 5:39:02 pm [32m    LOG[39m [38;5;3m[NestFactory] [39m[32mStarting Nest application...[39m
2026-05-10 17:39:04: [32m[Nest] 22996  - [39m10/05/2026, 5:39:04 pm [32m    LOG[39m [38;5;3m[NestFactory] [39m[32mStarting Nest application...[39m
2026-05-10 17:39:06: [32m[Nest] 24284  - [39m10/05/2026, 5:39:06 pm [32m    LOG[39m [38;5;3m[NestFactory] [39m[32mStarting Nest application...[39m
2026-05-10 17:39:08: [32m[Nest] 23896  - [39m10/05/2026, 5:39:08 pm [32m    LOG[39m [38;5;3m[NestFactory] [39m[32mStarting Nest application...[39m
2026-05-10 17:39:10: [32m[Nest] 30412  - [39m10/05/2026, 5:39:10 pm [32m    LOG[39m [38;5;3m[NestFactory] [39m[32mStarting Nest application...[39m
2026-05-10 17:39:12: [32m[Nest] 30556  - [39m10/05/2026, 5:39:12 pm [32m    LOG[39m [38;5;3m[NestFactory] [39m[32mStarting Nest application...[39m
2026-05-10 17:39:13: [32m[Nest] 9684  - [39m10/05/2026, 5:39:13 pm [32m    LOG[39m [38;5;3m[NestFactory] [39m[32mStarting Nest application...[39m
2026-05-10 17:39:15: [32m[Nest] 18192  - [39m10/05/2026, 5:39:15 pm [32m    LOG[39m [38;5;3m[NestFactory] [39m[32mStarting Nest application...[39m
2026-05-10 17:39:17: [32m[Nest] 26136  - [39m10/05/2026, 5:39:17 pm [32m    LOG[39m [38;5;3m[NestFactory] [39m[32mStarting Nest application...[39m
2026-05-10 17:39:19: [32m[Nest] 23312  - [39m10/05/2026, 5:39:19 pm [32m    LOG[39m [38;5;3m[NestFactory] [39m[32mStarting Nest application...[39m
2026-05-10 17:39:21: [32m[Nest] 29016  - [39m10/05/2026, 5:39:21 pm [32m    LOG[39m [38;5;3m[NestFactory] [39m[32mStarting Nest application...[39m
2026-05-10 17:39:23: [32m[Nest] 25176  - [39m10/05/2026, 5:39:23 pm [32m    LOG[39m [38;5;3m[NestFactory] [39m[32mStarting Nest application...[39m
2026-05-10 17:39:25: [32m[Nest] 30680  - [39m10/05/2026, 5:39:25 pm [32m    LOG[39m [38;5;3m[NestFactory] [39m[32mStarting Nest application...[39m
2026-05-10 17:39:28: [32m[Nest] 12644  - [39m10/05/2026, 5:39:28 pm [32m    LOG[39m [38;5;3m[NestFactory] [39m[32mStarting Nest application...[39m
2026-05-10 17:39:30: [32m[Nest] 30308  - [39m10/05/2026, 5:39:30 pm [32m    LOG[39m [38;5;3m[NestFactory] [39m[32mStarting Nest application...[39m
2026-05-10 17:39:34: [32m[Nest] 25708  - [39m10/05/2026, 5:39:34 pm [32m    LOG[39m [38;5;3m[NestFactory] [39m[32mStarting Nest application...[39m
2026-05-10 17:39:37: [32m[Nest] 29552  - [39m10/05/2026, 5:39:37 pm [32m    LOG[39m [38;5;3m[NestFactory] [39m[32mStarting Nest application...[39m
2026-05-10 17:39:40: [32m[Nest] 18920  - [39m10/05/2026, 5:39:40 pm [32m    LOG[39m [38;5;3m[NestFactory] [39m[32mStarting Nest application...[39m
2026-05-10 17:39:42: [32m[Nest] 18384  - [39m10/05/2026, 5:39:42 pm [32m    LOG[39m [38;5;3m[NestFactory] [39m[32mStarting Nest application...[39m
2026-05-10 17:39:44: [32m[Nest] 29480  - [39m10/05/2026, 5:39:44 pm [32m    LOG[39m [38;5;3m[NestFactory] [39m[32mStarting Nest application...[39m
2026-05-10 17:39:46: [32m[Nest] 31324  - [39m10/05/2026, 5:39:46 pm [32m    LOG[39m [38;5;3m[NestFactory] [39m[32mStarting Nest application...[39m
2026-05-10 17:39:49: [32m[Nest] 15600  - [39m10/05/2026, 5:39:49 pm [32m    LOG[39m [38;5;3m[NestFactory] [39m[32mStarting Nest application...[39m
2026-05-10 17:39:51: [32m[Nest] 25404  - [39m10/05/2026, 5:39:51 pm [32m    LOG[39m [38;5;3m[NestFactory] [39m[32mStarting Nest application...[39m
2026-05-10 17:39:53: [32m[Nest] 26524  - [39m10/05/2026, 5:39:53 pm [32m    LOG[39m [38;5;3m[NestFactory] [39m[32mStarting Nest application...[39m
2026-05-10 17:39:55: [32m[Nest] 31320  - [39m10/05/2026, 5:39:55 pm [32m    LOG[39m [38;5;3m[NestFactory] [39m[32mStarting Nest application...[39m
2026-05-10 17:39:58: [32m[Nest] 1352  - [39m10/05/2026, 5:39:58 pm [32m    LOG[39m [38;5;3m[NestFactory] [39m[32mStarting Nest application...[39m
2026-05-10 17:40:00: [32m[Nest] 20484  - [39m10/05/2026, 5:40:00 pm [32m    LOG[39m [38;5;3m[NestFactory] [39m[32mStarting Nest application...[39m
2026-05-10 17:40:02: [32m[Nest] 22060  - [39m10/05/2026, 5:40:02 pm [32m    LOG[39m [38;5;3m[NestFactory] [39m[32mStarting Nest application...[39m
2026-05-10 17:40:04: [32m[Nest] 25072  - [39m10/05/2026, 5:40:04 pm [32m    LOG[39m [38;5;3m[NestFactory] [39m[32mStarting Nest application...[39m
2026-05-10 17:40:06: [32m[Nest] 23264  - [39m10/05/2026, 5:40:06 pm [32m    LOG[39m [38;5;3m[NestFactory] [39m[32mStarting Nest application...[39m
2026-05-10 17:40:08: [32m[Nest] 5864  - [39m10/05/2026, 5:40:08 pm [32m    LOG[39m [38;5;3m[NestFactory] [39m[32mStarting Nest application...[39m
2026-05-10 17:40:10: [32m[Nest] 11324  - [39m10/05/2026, 5:40:10 pm [32m    LOG[39m [38;5;3m[NestFactory] [39m[32mStarting Nest application...[39m
2026-05-10 17:40:12: [32m[Nest] 21532  - [39m10/05/2026, 5:40:12 pm [32m    LOG[39m [38;5;3m[NestFactory] [39m[32mStarting Nest application...[39m
2026-05-10 17:40:14: [32m[Nest] 32736  - [39m10/05/2026, 5:40:14 pm [32m    LOG[39m [38;5;3m[NestFactory] [39m[32mStarting Nest application...[39m
2026-05-10 17:40:16: [32m[Nest] 22800  - [39m10/05/2026, 5:40:16 pm [32m    LOG[39m [38;5;3m[NestFactory] [39m[32mStarting Nest application...[39m
2026-05-10 17:40:18: [32m[Nest] 15832  - [39m10/05/2026, 5:40:18 pm [32m    LOG[39m [38;5;3m[NestFactory] [39m[32mStarting Nest application...[39m
2026-05-10 17:40:21: [32m[Nest] 13008  - [39m10/05/2026, 5:40:21 pm [32m    LOG[39m [38;5;3m[NestFactory] [39m[32mStarting Nest application...[39m
2026-05-10 17:40:24: [32m[Nest] 34628  - [39m10/05/2026, 5:40:24 pm [32m    LOG[39m [38;5;3m[NestFactory] [39m[32mStarting Nest application...[39m
2026-05-10 17:40:27: [32m[Nest] 23148  - [39m10/05/2026, 5:40:27 pm [32m    LOG[39m [38;5;3m[NestFactory] [39m[32mStarting Nest application...[39m
2026-05-10 17:40:30: [32m[Nest] 33852  - [39m10/05/2026, 5:40:30 pm [32m    LOG[39m [38;5;3m[NestFactory] [39m[32mStarting Nest application...[39m
2026-05-10 17:40:32: [32m[Nest] 7024  - [39m10/05/2026, 5:40:32 pm [32m    LOG[39m [38;5;3m[NestFactory] [39m[32mStarting Nest application...[39m
2026-05-10 17:40:35: [32m[Nest] 3216  - [39m10/05/2026, 5:40:35 pm [32m    LOG[39m [38;5;3m[NestFactory] [39m[32mStarting Nest application...[39m
2026-05-10 17:40:38: [32m[Nest] 3844  - [39m10/05/2026, 5:40:38 pm [32m    LOG[39m [38;5;3m[NestFactory] [39m[32mStarting Nest application...[39m
2026-05-10 17:40:41: [32m[Nest] 32844  - [39m10/05/2026, 5:40:41 pm [32m    LOG[39m [38;5;3m[NestFactory] [39m[32mStarting Nest application...[39m
2026-05-10 17:40:43: [32m[Nest] 4280  - [39m10/05/2026, 5:40:43 pm [32m    LOG[39m [38;5;3m[NestFactory] [39m[32mStarting Nest application...[39m
2026-05-10 17:40:45: [32m[Nest] 32488  - [39m10/05/2026, 5:40:45 pm [32m    LOG[39m [38;5;3m[NestFactory] [39m[32mStarting Nest application...[39m
2026-05-10 17:40:47: [32m[Nest] 15552  - [39m10/05/2026, 5:40:47 pm [32m    LOG[39m [38;5;3m[NestFactory] [39m[32mStarting Nest application...[39m
2026-05-10 17:40:49: [32m[Nest] 12736  - [39m10/05/2026, 5:40:49 pm [32m    LOG[39m [38;5;3m[NestFactory] [39m[32mStarting Nest application...[39m
2026-05-10 17:40:52: [32m[Nest] 21532  - [39m10/05/2026, 5:40:52 pm [32m    LOG[39m [38;5;3m[NestFactory] [39m[32mStarting Nest application...[39m
2026-05-10 17:40:55: [32m[Nest] 25708  - [39m10/05/2026, 5:40:55 pm [32m    LOG[39m [38;5;3m[NestFactory] [39m[32mStarting Nest application...[39m
2026-05-10 17:40:57: [32m[Nest] 34560  - [39m10/05/2026, 5:40:57 pm [32m    LOG[39m [38;5;3m[NestFactory] [39m[32mStarting Nest application...[39m
2026-05-10 17:40:59: [32m[Nest] 25728  - [39m10/05/2026, 5:40:59 pm [32m    LOG[39m [38;5;3m[NestFactory] [39m[32mStarting Nest application...[39m
2026-05-10 17:41:01: [32m[Nest] 13352  - [39m10/05/2026, 5:41:01 pm [32m    LOG[39m [38;5;3m[NestFactory] [39m[32mStarting Nest application...[39m
2026-05-10 17:41:03: [32m[Nest] 31660  - [39m10/05/2026, 5:41:03 pm [32m    LOG[39m [38;5;3m[NestFactory] [39m[32mStarting Nest application...[39m
2026-05-10 17:41:05: [32m[Nest] 24480  - [39m10/05/2026, 5:41:05 pm [32m    LOG[39m [38;5;3m[NestFactory] [39m[32mStarting Nest application...[39m
2026-05-10 17:41:07: [32m[Nest] 12124  - [39m10/05/2026, 5:41:07 pm [32m    LOG[39m [38;5;3m[NestFactory] [39m[32mStarting Nest application...[39m
2026-05-10 17:41:09: [32m[Nest] 26396  - [39m10/05/2026, 5:41:09 pm [32m    LOG[39m [38;5;3m[NestFactory] [39m[32mStarting Nest application...[39m
2026-05-10 17:41:11: [32m[Nest] 22904  - [39m10/05/2026, 5:41:11 pm [32m    LOG[39m [38;5;3m[NestFactory] [39m[32mStarting Nest application...[39m
2026-05-10 17:41:13: [32m[Nest] 20748  - [39m10/05/2026, 5:41:13 pm [32m    LOG[39m [38;5;3m[NestFactory] [39m[32mStarting Nest application...[39m
2026-05-10 17:41:15: [32m[Nest] 10084  - [39m10/05/2026, 5:41:15 pm [32m    LOG[39m [38;5;3m[NestFactory] [39m[32mStarting Nest application...[39m
2026-05-10 17:41:17: [32m[Nest] 22920  - [39m10/05/2026, 5:41:17 pm [32m    LOG[39m [38;5;3m[NestFactory] [39m[32mStarting Nest application...[39m
2026-05-10 17:41:19: [32m[Nest] 16720  - [39m10/05/2026, 5:41:19 pm [32m    LOG[39m [38;5;3m[NestFactory] [39m[32mStarting Nest application...[39m
2026-05-10 17:41:21: [32m[Nest] 9188  - [39m10/05/2026, 5:41:21 pm [32m    LOG[39m [38;5;3m[NestFactory] [39m[32mStarting Nest application...[39m
2026-05-10 17:41:23: [32m[Nest] 704  - [39m10/05/2026, 5:41:23 pm [32m    LOG[39m [38;5;3m[NestFactory] [39m[32mStarting Nest application...[39m
2026-05-10 17:41:25: [32m[Nest] 24408  - [39m10/05/2026, 5:41:25 pm [32m    LOG[39m [38;5;3m[NestFactory] [39m[32mStarting Nest application...[39m
2026-05-10 17:41:27: [32m[Nest] 27392  - [39m10/05/2026, 5:41:27 pm [32m    LOG[39m [38;5;3m[NestFactory] [39m[32mStarting Nest application...[39m
2026-05-10 17:41:29: [32m[Nest] 12884  - [39m10/05/2026, 5:41:29 pm [32m    LOG[39m [38;5;3m[NestFactory] [39m[32mStarting Nest application...[39m
2026-05-10 17:41:31: [32m[Nest] 10516  - [39m10/05/2026, 5:41:31 pm [32m    LOG[39m [38;5;3m[NestFactory] [39m[32mStarting Nest application...[39m
2026-05-10 17:41:33: [32m[Nest] 33984  - [39m10/05/2026, 5:41:33 pm [32m    LOG[39m [38;5;3m[NestFactory] [39m[32mStarting Nest application...[39m
2026-05-10 17:41:34: [32m[Nest] 21368  - [39m10/05/2026, 5:41:34 pm [32m    LOG[39m [38;5;3m[NestFactory] [39m[32mStarting Nest application...[39m
2026-05-10 17:41:36: [32m[Nest] 30564  - [39m10/05/2026, 5:41:36 pm [32m    LOG[39m [38;5;3m[NestFactory] [39m[32mStarting Nest application...[39m
2026-05-10 17:41:38: [32m[Nest] 20332  - [39m10/05/2026, 5:41:38 pm [32m    LOG[39m [38;5;3m[NestFactory] [39m[32mStarting Nest application...[39m
2026-05-10 17:41:40: [32m[Nest] 21432  - [39m10/05/2026, 5:41:40 pm [32m    LOG[39m [38;5;3m[NestFactory] [39m[32mStarting Nest application...[39m
2026-05-10 17:41:42: [32m[Nest] 17828  - [39m10/05/2026, 5:41:42 pm [32m    LOG[39m [38;5;3m[NestFactory] [39m[32mStarting Nest application...[39m
2026-05-10 17:41:44: [32m[Nest] 18860  - [39m10/05/2026, 5:41:44 pm [32m    LOG[39m [38;5;3m[NestFactory] [39m[32mStarting Nest application...[39m
2026-05-10 17:41:46: [32m[Nest] 32356  - [39m10/05/2026, 5:41:46 pm [32m    LOG[39m [38;5;3m[NestFactory] [39m[32mStarting Nest application...[39m
2026-05-10 17:41:48: [32m[Nest] 34200  - [39m10/05/2026, 5:41:48 pm [32m    LOG[39m [38;5;3m[NestFactory] [39m[32mStarting Nest application...[39m
2026-05-10 17:41:49: [32m[Nest] 29192  - [39m10/05/2026, 5:41:49 pm [32m    LOG[39m [38;5;3m[NestFactory] [39m[32mStarting Nest application...[39m
2026-05-10 17:41:51: [32m[Nest] 25232  - [39m10/05/2026, 5:41:51 pm [32m    LOG[39m [38;5;3m[NestFactory] [39m[32mStarting Nest application...[39m
2026-05-10 17:41:53: [32m[Nest] 32320  - [39m10/05/2026, 5:41:53 pm [32m    LOG[39m [38;5;3m[NestFactory] [39m[32mStarting Nest application...[39m
2026-05-10 17:41:55: [32m[Nest] 29072  - [39m10/05/2026, 5:41:55 pm [32m    LOG[39m [38;5;3m[NestFactory] [39m[32mStarting Nest application...[39m
2026-05-10 17:41:57: [32m[Nest] 14832  - [39m10/05/2026, 5:41:57 pm [32m    LOG[39m [38;5;3m[NestFactory] [39m[32mStarting Nest application...[39m
2026-05-10 17:41:59: [32m[Nest] 21828  - [39m10/05/2026, 5:41:59 pm [32m    LOG[39m [38;5;3m[NestFactory] [39m[32mStarting Nest application...[39m
2026-05-10 17:42:01: [32m[Nest] 25804  - [39m10/05/2026, 5:42:01 pm [32m    LOG[39m [38;5;3m[NestFactory] [39m[32mStarting Nest application...[39m
2026-05-10 17:42:03: [32m[Nest] 17524  - [39m10/05/2026, 5:42:03 pm [32m    LOG[39m [38;5;3m[NestFactory] [39m[32mStarting Nest application...[39m
2026-05-10 17:42:05: [32m[Nest] 31992  - [39m10/05/2026, 5:42:05 pm [32m    LOG[39m [38;5;3m[NestFactory] [39m[32mStarting Nest application...[39m
2026-05-10 17:42:06: [32m[Nest] 25480  - [39m10/05/2026, 5:42:06 pm [32m    LOG[39m [38;5;3m[NestFactory] [39m[32mStarting Nest application...[39m
2026-05-10 17:42:08: [32m[Nest] 25704  - [39m10/05/2026, 5:42:08 pm [32m    LOG[39m [38;5;3m[NestFactory] [39m[32mStarting Nest application...[39m
2026-05-10 17:42:10: [32m[Nest] 33368  - [39m10/05/2026, 5:42:10 pm [32m    LOG[39m [38;5;3m[NestFactory] [39m[32mStarting Nest application...[39m
2026-05-10 17:42:12: [32m[Nest] 10076  - [39m10/05/2026, 5:42:12 pm [32m    LOG[39m [38;5;3m[NestFactory] [39m[32mStarting Nest application...[39m
2026-05-10 17:42:14: [32m[Nest] 34496  - [39m10/05/2026, 5:42:14 pm [32m    LOG[39m [38;5;3m[NestFactory] [39m[32mStarting Nest application...[39m
2026-05-10 17:42:16: [32m[Nest] 7032  - [39m10/05/2026, 5:42:16 pm [32m    LOG[39m [38;5;3m[NestFactory] [39m[32mStarting Nest application...[39m
2026-05-10 17:42:18: [32m[Nest] 20776  - [39m10/05/2026, 5:42:18 pm [32m    LOG[39m [38;5;3m[NestFactory] [39m[32mStarting Nest application...[39m
2026-05-10 17:42:20: [32m[Nest] 32032  - [39m10/05/2026, 5:42:20 pm [32m    LOG[39m [38;5;3m[NestFactory] [39m[32mStarting Nest application...[39m
2026-05-10 17:42:22: [32m[Nest] 9236  - [39m10/05/2026, 5:42:22 pm [32m    LOG[39m [38;5;3m[NestFactory] [39m[32mStarting Nest application...[39m
2026-05-10 17:42:24: [32m[Nest] 11412  - [39m10/05/2026, 5:42:24 pm [32m    LOG[39m [38;5;3m[NestFactory] [39m[32mStarting Nest application...[39m
2026-05-10 17:42:26: [32m[Nest] 18444  - [39m10/05/2026, 5:42:26 pm [32m    LOG[39m [38;5;3m[NestFactory] [39m[32mStarting Nest application...[39m
2026-05-10 17:42:28: [32m[Nest] 25672  - [39m10/05/2026, 5:42:28 pm [32m    LOG[39m [38;5;3m[NestFactory] [39m[32mStarting Nest application...[39m
2026-05-10 17:42:30: [32m[Nest] 29480  - [39m10/05/2026, 5:42:30 pm [32m    LOG[39m [38;5;3m[NestFactory] [39m[32mStarting Nest application...[39m
2026-05-10 17:42:33: [32m[Nest] 34200  - [39m10/05/2026, 5:42:33 pm [32m    LOG[39m [38;5;3m[NestFactory] [39m[32mStarting Nest application...[39m
2026-05-10 17:42:35: [32m[Nest] 12892  - [39m10/05/2026, 5:42:35 pm [32m    LOG[39m [38;5;3m[NestFactory] [39m[32mStarting Nest application...[39m
2026-05-10 17:42:38: [32m[Nest] 20512  - [39m10/05/2026, 5:42:38 pm [32m    LOG[39m [38;5;3m[NestFactory] [39m[32mStarting Nest application...[39m
2026-05-10 17:42:40: [32m[Nest] 34700  - [39m10/05/2026, 5:42:40 pm [32m    LOG[39m [38;5;3m[NestFactory] [39m[32mStarting Nest application...[39m
2026-05-10 17:42:42: [32m[Nest] 30908  - [39m10/05/2026, 5:42:42 pm [32m    LOG[39m [38;5;3m[NestFactory] [39m[32mStarting Nest application...[39m
2026-05-10 17:42:44: [32m[Nest] 32428  - [39m10/05/2026, 5:42:44 pm [32m    LOG[39m [38;5;3m[NestFactory] [39m[32mStarting Nest application...[39m
2026-05-10 17:42:46: [32m[Nest] 10736  - [39m10/05/2026, 5:42:46 pm [32m    LOG[39m [38;5;3m[NestFactory] [39m[32mStarting Nest application...[39m
2026-05-10 17:42:48: [32m[Nest] 11800  - [39m10/05/2026, 5:42:48 pm [32m    LOG[39m [38;5;3m[NestFactory] [39m[32mStarting Nest application...[39m
2026-05-10 17:42:50: [32m[Nest] 8208  - [39m10/05/2026, 5:42:50 pm [32m    LOG[39m [38;5;3m[NestFactory] [39m[32mStarting Nest application...[39m
2026-05-10 17:42:52: [32m[Nest] 5224  - [39m10/05/2026, 5:42:52 pm [32m    LOG[39m [38;5;3m[NestFactory] [39m[32mStarting Nest application...[39m
2026-05-10 17:42:54: [32m[Nest] 20484  - [39m10/05/2026, 5:42:54 pm [32m    LOG[39m [38;5;3m[NestFactory] [39m[32mStarting Nest application...[39m
2026-05-10 17:42:56: [32m[Nest] 25780  - [39m10/05/2026, 5:42:56 pm [32m    LOG[39m [38;5;3m[NestFactory] [39m[32mStarting Nest application...[39m
2026-05-10 17:42:58: [32m[Nest] 27528  - [39m10/05/2026, 5:42:58 pm [32m    LOG[39m [38;5;3m[NestFactory] [39m[32mStarting Nest application...[39m
2026-05-10 17:43:00: [32m[Nest] 24540  - [39m10/05/2026, 5:43:00 pm [32m    LOG[39m [38;5;3m[NestFactory] [39m[32mStarting Nest application...[39m
2026-05-10 17:43:02: [32m[Nest] 3260  - [39m10/05/2026, 5:43:02 pm [32m    LOG[39m [38;5;3m[NestFactory] [39m[32mStarting Nest application...[39m
2026-05-10 17:43:04: [32m[Nest] 33068  - [39m10/05/2026, 5:43:04 pm [32m    LOG[39m [38;5;3m[NestFactory] [39m[32mStarting Nest application...[39m
2026-05-10 17:43:06: [32m[Nest] 8376  - [39m10/05/2026, 5:43:06 pm [32m    LOG[39m [38;5;3m[NestFactory] [39m[32mStarting Nest application...[39m
2026-05-10 17:43:08: [32m[Nest] 26164  - [39m10/05/2026, 5:43:08 pm [32m    LOG[39m [38;5;3m[NestFactory] [39m[32mStarting Nest application...[39m
2026-05-10 17:43:10: [32m[Nest] 28164  - [39m10/05/2026, 5:43:10 pm [32m    LOG[39m [38;5;3m[NestFactory] [39m[32mStarting Nest application...[39m
2026-05-10 17:43:12: [32m[Nest] 8580  - [39m10/05/2026, 5:43:12 pm [32m    LOG[39m [38;5;3m[NestFactory] [39m[32mStarting Nest application...[39m
2026-05-10 17:43:14: [32m[Nest] 14348  - [39m10/05/2026, 5:43:14 pm [32m    LOG[39m [38;5;3m[NestFactory] [39m[32mStarting Nest application...[39m
2026-05-10 17:43:16: [32m[Nest] 28952  - [39m10/05/2026, 5:43:16 pm [32m    LOG[39m [38;5;3m[NestFactory] [39m[32mStarting Nest application...[39m
2026-05-10 17:43:17: [32m[Nest] 30572  - [39m10/05/2026, 5:43:17 pm [32m    LOG[39m [38;5;3m[NestFactory] [39m[32mStarting Nest application...[39m
2026-05-10 17:43:19: [32m[Nest] 24804  - [39m10/05/2026, 5:43:19 pm [32m    LOG[39m [38;5;3m[NestFactory] [39m[32mStarting Nest application...[39m
2026-05-10 17:43:21: [32m[Nest] 30628  - [39m10/05/2026, 5:43:21 pm [32m    LOG[39m [38;5;3m[NestFactory] [39m[32mStarting Nest application...[39m
2026-05-10 17:43:23: [32m[Nest] 13564  - [39m10/05/2026, 5:43:23 pm [32m    LOG[39m [38;5;3m[NestFactory] [39m[32mStarting Nest application...[39m
2026-05-10 17:43:25: [32m[Nest] 3016  - [39m10/05/2026, 5:43:25 pm [32m    LOG[39m [38;5;3m[NestFactory] [39m[32mStarting Nest application...[39m
2026-05-10 17:43:27: [32m[Nest] 9188  - [39m10/05/2026, 5:43:27 pm [32m    LOG[39m [38;5;3m[NestFactory] [39m[32mStarting Nest application...[39m
2026-05-10 17:43:29: [32m[Nest] 2068  - [39m10/05/2026, 5:43:29 pm [32m    LOG[39m [38;5;3m[NestFactory] [39m[32mStarting Nest application...[39m
2026-05-10 17:43:31: [32m[Nest] 26892  - [39m10/05/2026, 5:43:31 pm [32m    LOG[39m [38;5;3m[NestFactory] [39m[32mStarting Nest application...[39m
2026-05-10 17:43:33: [32m[Nest] 18404  - [39m10/05/2026, 5:43:33 pm [32m    LOG[39m [38;5;3m[NestFactory] [39m[32mStarting Nest application...[39m
2026-05-10 17:43:35: [32m[Nest] 22812  - [39m10/05/2026, 5:43:35 pm [32m    LOG[39m [38;5;3m[NestFactory] [39m[32mStarting Nest application...[39m
2026-05-10 17:43:36: [32m[Nest] 12884  - [39m10/05/2026, 5:43:36 pm [32m    LOG[39m [38;5;3m[NestFactory] [39m[32mStarting Nest application...[39m
2026-05-10 17:43:38: [32m[Nest] 10516  - [39m10/05/2026, 5:43:38 pm [32m    LOG[39m [38;5;3m[NestFactory] [39m[32mStarting Nest application...[39m
2026-05-10 17:43:40: [32m[Nest] 28020  - [39m10/05/2026, 5:43:40 pm [32m    LOG[39m [38;5;3m[NestFactory] [39m[32mStarting Nest application...[39m
2026-05-10 17:43:42: [32m[Nest] 27084  - [39m10/05/2026, 5:43:42 pm [32m    LOG[39m [38;5;3m[NestFactory] [39m[32mStarting Nest application...[39m
2026-05-10 17:43:44: [32m[Nest] 4796  - [39m10/05/2026, 5:43:44 pm [32m    LOG[39m [38;5;3m[NestFactory] [39m[32mStarting Nest application...[39m
2026-05-10 17:43:46: [32m[Nest] 20332  - [39m10/05/2026, 5:43:46 pm [32m    LOG[39m [38;5;3m[NestFactory] [39m[32mStarting Nest application...[39m
2026-05-10 17:43:49: [32m[Nest] 29564  - [39m10/05/2026, 5:43:49 pm [32m    LOG[39m [38;5;3m[NestFactory] [39m[32mStarting Nest application...[39m
2026-05-10 17:43:51: [32m[Nest] 35720  - [39m10/05/2026, 5:43:51 pm [32m    LOG[39m [38;5;3m[NestFactory] [39m[32mStarting Nest application...[39m
2026-05-10 17:43:53: [32m[Nest] 9708  - [39m10/05/2026, 5:43:53 pm [32m    LOG[39m [38;5;3m[NestFactory] [39m[32mStarting Nest application...[39m
2026-05-10 17:43:55: [32m[Nest] 29616  - [39m10/05/2026, 5:43:55 pm [32m    LOG[39m [38;5;3m[NestFactory] [39m[32mStarting Nest application...[39m
2026-05-10 17:43:57: [32m[Nest] 35536  - [39m10/05/2026, 5:43:57 pm [32m    LOG[39m [38;5;3m[NestFactory] [39m[32mStarting Nest application...[39m
2026-05-10 17:43:59: [32m[Nest] 35704  - [39m10/05/2026, 5:43:59 pm [32m    LOG[39m [38;5;3m[NestFactory] [39m[32mStarting Nest application...[39m
2026-05-10 17:44:01: [32m[Nest] 22636  - [39m10/05/2026, 5:44:01 pm [32m    LOG[39m [38;5;3m[NestFactory] [39m[32mStarting Nest application...[39m
2026-05-10 17:44:03: [32m[Nest] 12880  - [39m10/05/2026, 5:44:03 pm [32m    LOG[39m [38;5;3m[NestFactory] [39m[32mStarting Nest application...[39m
2026-05-10 17:44:06: [32m[Nest] 35832  - [39m10/05/2026, 5:44:06 pm [32m    LOG[39m [38;5;3m[NestFactory] [39m[32mStarting Nest application...[39m
2026-05-10 17:44:08: [32m[Nest] 35820  - [39m10/05/2026, 5:44:08 pm [32m    LOG[39m [38;5;3m[NestFactory] [39m[32mStarting Nest application...[39m
2026-05-10 17:44:10: [32m[Nest] 29788  - [39m10/05/2026, 5:44:10 pm [32m    LOG[39m [38;5;3m[NestFactory] [39m[32mStarting Nest application...[39m
2026-05-10 17:44:13: [32m[Nest] 35144  - [39m10/05/2026, 5:44:13 pm [32m    LOG[39m [38;5;3m[NestFactory] [39m[32mStarting Nest application...[39m
2026-05-10 17:44:15: [32m[Nest] 23084  - [39m10/05/2026, 5:44:15 pm [32m    LOG[39m [38;5;3m[NestFactory] [39m[32mStarting Nest application...[39m
2026-05-10 17:44:17: [32m[Nest] 24436  - [39m10/05/2026, 5:44:17 pm [32m    LOG[39m [38;5;3m[NestFactory] [39m[32mStarting Nest application...[39m
2026-05-10 17:44:19: [32m[Nest] 35752  - [39m10/05/2026, 5:44:19 pm [32m    LOG[39m [38;5;3m[NestFactory] [39m[32mStarting Nest application...[39m
2026-05-10 17:44:21: [32m[Nest] 25420  - [39m10/05/2026, 5:44:21 pm [32m    LOG[39m [38;5;3m[NestFactory] [39m[32mStarting Nest application...[39m
2026-05-10 17:44:22: [32m[Nest] 35112  - [39m10/05/2026, 5:44:22 pm [32m    LOG[39m [38;5;3m[NestFactory] [39m[32mStarting Nest application...[39m
2026-05-10 17:44:24: [32m[Nest] 35804  - [39m10/05/2026, 5:44:24 pm [32m    LOG[39m [38;5;3m[NestFactory] [39m[32mStarting Nest application...[39m
2026-05-10 17:44:26: [32m[Nest] 34320  - [39m10/05/2026, 5:44:26 pm [32m    LOG[39m [38;5;3m[NestFactory] [39m[32mStarting Nest application...[39m
2026-05-10 17:44:28: [32m[Nest] 35556  - [39m10/05/2026, 5:44:28 pm [32m    LOG[39m [38;5;3m[NestFactory] [39m[32mStarting Nest application...[39m
2026-05-10 17:44:30: [32m[Nest] 19816  - [39m10/05/2026, 5:44:30 pm [32m    LOG[39m [38;5;3m[NestFactory] [39m[32mStarting Nest application...[39m
2026-05-10 17:44:32: [32m[Nest] 24284  - [39m10/05/2026, 5:44:32 pm [32m    LOG[39m [38;5;3m[NestFactory] [39m[32mStarting Nest application...[39m
2026-05-10 17:44:34: [32m[Nest] 33020  - [39m10/05/2026, 5:44:34 pm [32m    LOG[39m [38;5;3m[NestFactory] [39m[32mStarting Nest application...[39m
2026-05-10 17:44:36: [32m[Nest] 14328  - [39m10/05/2026, 5:44:36 pm [32m    LOG[39m [38;5;3m[NestFactory] [39m[32mStarting Nest application...[39m
2026-05-10 17:44:38: [32m[Nest] 31936  - [39m10/05/2026, 5:44:38 pm [32m    LOG[39m [38;5;3m[NestFactory] [39m[32mStarting Nest application...[39m
2026-05-10 17:44:40: [32m[Nest] 11640  - [39m10/05/2026, 5:44:40 pm [32m    LOG[39m [38;5;3m[NestFactory] [39m[32mStarting Nest application...[39m
2026-05-10 17:44:42: [32m[Nest] 6040  - [39m10/05/2026, 5:44:42 pm [32m    LOG[39m [38;5;3m[NestFactory] [39m[32mStarting Nest application...[39m
2026-05-10 17:44:44: [32m[Nest] 34932  - [39m10/05/2026, 5:44:44 pm [32m    LOG[39m [38;5;3m[NestFactory] [39m[32mStarting Nest application...[39m
2026-05-10 17:44:45: [32m[Nest] 23892  - [39m10/05/2026, 5:44:45 pm [32m    LOG[39m [38;5;3m[NestFactory] [39m[32mStarting Nest application...[39m
2026-05-10 17:44:47: [32m[Nest] 1352  - [39m10/05/2026, 5:44:47 pm [32m    LOG[39m [38;5;3m[NestFactory] [39m[32mStarting Nest application...[39m
2026-05-10 17:44:49: [32m[Nest] 27388  - [39m10/05/2026, 5:44:49 pm [32m    LOG[39m [38;5;3m[NestFactory] [39m[32mStarting Nest application...[39m
2026-05-10 17:44:51: [32m[Nest] 14328  - [39m10/05/2026, 5:44:51 pm [32m    LOG[39m [38;5;3m[NestFactory] [39m[32mStarting Nest application...[39m
2026-05-10 17:44:53: [32m[Nest] 3260  - [39m10/05/2026, 5:44:53 pm [32m    LOG[39m [38;5;3m[NestFactory] [39m[32mStarting Nest application...[39m
2026-05-10 17:44:55: [32m[Nest] 30432  - [39m10/05/2026, 5:44:55 pm [32m    LOG[39m [38;5;3m[NestFactory] [39m[32mStarting Nest application...[39m
2026-05-10 17:44:57: [32m[Nest] 35340  - [39m10/05/2026, 5:44:57 pm [32m    LOG[39m [38;5;3m[NestFactory] [39m[32mStarting Nest application...[39m
2026-05-10 17:44:59: [32m[Nest] 35716  - [39m10/05/2026, 5:44:59 pm [32m    LOG[39m [38;5;3m[NestFactory] [39m[32mStarting Nest application...[39m
2026-05-10 17:45:01: [32m[Nest] 5140  - [39m10/05/2026, 5:45:01 pm [32m    LOG[39m [38;5;3m[NestFactory] [39m[32mStarting Nest application...[39m
2026-05-10 17:45:03: [32m[Nest] 35444  - [39m10/05/2026, 5:45:03 pm [32m    LOG[39m [38;5;3m[NestFactory] [39m[32mStarting Nest application...[39m
2026-05-10 17:45:05: [32m[Nest] 35360  - [39m10/05/2026, 5:45:05 pm [32m    LOG[39m [38;5;3m[NestFactory] [39m[32mStarting Nest application...[39m
2026-05-10 17:45:07: [32m[Nest] 30132  - [39m10/05/2026, 5:45:07 pm [32m    LOG[39m [38;5;3m[NestFactory] [39m[32mStarting Nest application...[39m
2026-05-10 17:45:09: [32m[Nest] 28992  - [39m10/05/2026, 5:45:09 pm [32m    LOG[39m [38;5;3m[NestFactory] [39m[32mStarting Nest application...[39m
2026-05-10 17:45:11: [32m[Nest] 25592  - [39m10/05/2026, 5:45:11 pm [32m    LOG[39m [38;5;3m[NestFactory] [39m[32mStarting Nest application...[39m
2026-05-10 17:45:12: [32m[Nest] 1252  - [39m10/05/2026, 5:45:12 pm [32m    LOG[39m [38;5;3m[NestFactory] [39m[32mStarting Nest application...[39m
2026-05-10 17:45:14: [32m[Nest] 32068  - [39m10/05/2026, 5:45:14 pm [32m    LOG[39m [38;5;3m[NestFactory] [39m[32mStarting Nest application...[39m
2026-05-10 17:45:16: [32m[Nest] 3772  - [39m10/05/2026, 5:45:16 pm [32m    LOG[39m [38;5;3m[NestFactory] [39m[32mStarting Nest application...[39m
2026-05-10 17:45:18: [32m[Nest] 24752  - [39m10/05/2026, 5:45:18 pm [32m    LOG[39m [38;5;3m[NestFactory] [39m[32mStarting Nest application...[39m
2026-05-10 17:45:20: [32m[Nest] 35336  - [39m10/05/2026, 5:45:20 pm [32m    LOG[39m [38;5;3m[NestFactory] [39m[32mStarting Nest application...[39m
2026-05-10 17:45:22: [32m[Nest] 4300  - [39m10/05/2026, 5:45:22 pm [32m    LOG[39m [38;5;3m[NestFactory] [39m[32mStarting Nest application...[39m
2026-05-10 17:45:24: [32m[Nest] 6956  - [39m10/05/2026, 5:45:24 pm [32m    LOG[39m [38;5;3m[NestFactory] [39m[32mStarting Nest application...[39m
2026-05-10 17:45:25: [32m[Nest] 31128  - [39m10/05/2026, 5:45:25 pm [32m    LOG[39m [38;5;3m[NestFactory] [39m[32mStarting Nest application...[39m
2026-05-10 17:45:27: [32m[Nest] 2524  - [39m10/05/2026, 5:45:27 pm [32m    LOG[39m [38;5;3m[NestFactory] [39m[32mStarting Nest application...[39m
2026-05-10 17:45:29: [32m[Nest] 1252  - [39m10/05/2026, 5:45:29 pm [32m    LOG[39m [38;5;3m[NestFactory] [39m[32mStarting Nest application...[39m
2026-05-10 17:45:31: [32m[Nest] 35368  - [39m10/05/2026, 5:45:31 pm [32m    LOG[39m [38;5;3m[NestFactory] [39m[32mStarting Nest application...[39m
2026-05-10 17:45:33: [32m[Nest] 17608  - [39m10/05/2026, 5:45:33 pm [32m    LOG[39m [38;5;3m[NestFactory] [39m[32mStarting Nest application...[39m
2026-05-10 17:45:36: [32m[Nest] 27084  - [39m10/05/2026, 5:45:36 pm [32m    LOG[39m [38;5;3m[NestFactory] [39m[32mStarting Nest application...[39m
2026-05-10 17:45:38: [32m[Nest] 33524  - [39m10/05/2026, 5:45:38 pm [32m    LOG[39m [38;5;3m[NestFactory] [39m[32mStarting Nest application...[39m
2026-05-10 17:45:39: [32m[Nest] 24488  - [39m10/05/2026, 5:45:39 pm [32m    LOG[39m [38;5;3m[NestFactory] [39m[32mStarting Nest application...[39m
2026-05-10 17:45:41: [32m[Nest] 27388  - [39m10/05/2026, 5:45:41 pm [32m    LOG[39m [38;5;3m[NestFactory] [39m[32mStarting Nest application...[39m
2026-05-10 17:45:43: [32m[Nest] 35796  - [39m10/05/2026, 5:45:43 pm [32m    LOG[39m [38;5;3m[NestFactory] [39m[32mStarting Nest application...[39m
2026-05-10 17:45:45: [32m[Nest] 35568  - [39m10/05/2026, 5:45:45 pm [32m    LOG[39m [38;5;3m[NestFactory] [39m[32mStarting Nest application...[39m
2026-05-10 17:45:47: [32m[Nest] 1480  - [39m10/05/2026, 5:45:47 pm [32m    LOG[39m [38;5;3m[NestFactory] [39m[32mStarting Nest application...[39m
2026-05-10 17:45:49: [32m[Nest] 35140  - [39m10/05/2026, 5:45:49 pm [32m    LOG[39m [38;5;3m[NestFactory] [39m[32mStarting Nest application...[39m
2026-05-10 17:45:51: [32m[Nest] 30668  - [39m10/05/2026, 5:45:51 pm [32m    LOG[39m [38;5;3m[NestFactory] [39m[32mStarting Nest application...[39m
2026-05-10 17:45:52: [32m[Nest] 32912  - [39m10/05/2026, 5:45:52 pm [32m    LOG[39m [38;5;3m[NestFactory] [39m[32mStarting Nest application...[39m
2026-05-10 17:45:54: [32m[Nest] 30340  - [39m10/05/2026, 5:45:54 pm [32m    LOG[39m [38;5;3m[NestFactory] [39m[32mStarting Nest application...[39m
2026-05-10 17:45:56: [32m[Nest] 34592  - [39m10/05/2026, 5:45:56 pm [32m    LOG[39m [38;5;3m[NestFactory] [39m[32mStarting Nest application...[39m
2026-05-10 17:45:58: [32m[Nest] 10188  - [39m10/05/2026, 5:45:58 pm [32m    LOG[39m [38;5;3m[NestFactory] [39m[32mStarting Nest application...[39m
2026-05-10 17:46:00: [32m[Nest] 20136  - [39m10/05/2026, 5:46:00 pm [32m    LOG[39m [38;5;3m[NestFactory] [39m[32mStarting Nest application...[39m
2026-05-10 17:46:02: [32m[Nest] 29336  - [39m10/05/2026, 5:46:02 pm [32m    LOG[39m [38;5;3m[NestFactory] [39m[32mStarting Nest application...[39m
2026-05-10 17:46:04: [32m[Nest] 21968  - [39m10/05/2026, 5:46:04 pm [32m    LOG[39m [38;5;3m[NestFactory] [39m[32mStarting Nest application...[39m
2026-05-10 17:46:06: [32m[Nest] 28796  - [39m10/05/2026, 5:46:06 pm [32m    LOG[39m [38;5;3m[NestFactory] [39m[32mStarting Nest application...[39m
2026-05-10 17:46:07: [32m[Nest] 8184  - [39m10/05/2026, 5:46:07 pm [32m    LOG[39m [38;5;3m[NestFactory] [39m[32mStarting Nest application...[39m
2026-05-10 17:46:09: [32m[Nest] 29744  - [39m10/05/2026, 5:46:09 pm [32m    LOG[39m [38;5;3m[NestFactory] [39m[32mStarting Nest application...[39m
2026-05-10 17:46:11: [32m[Nest] 32164  - [39m10/05/2026, 5:46:11 pm [32m    LOG[39m [38;5;3m[NestFactory] [39m[32mStarting Nest application...[39m
2026-05-10 17:46:13: [32m[Nest] 35164  - [39m10/05/2026, 5:46:13 pm [32m    LOG[39m [38;5;3m[NestFactory] [39m[32mStarting Nest application...[39m
2026-05-10 17:46:15: [32m[Nest] 27868  - [39m10/05/2026, 5:46:15 pm [32m    LOG[39m [38;5;3m[NestFactory] [39m[32mStarting Nest application...[39m
2026-05-10 17:46:17: [32m[Nest] 30628  - [39m10/05/2026, 5:46:17 pm [32m    LOG[39m [38;5;3m[NestFactory] [39m[32mStarting Nest application...[39m
2026-05-10 17:46:18: [32m[Nest] 23940  - [39m10/05/2026, 5:46:18 pm [32m    LOG[39m [38;5;3m[NestFactory] [39m[32mStarting Nest application...[39m
2026-05-10 17:46:20: [32m[Nest] 22704  - [39m10/05/2026, 5:46:20 pm [32m    LOG[39m [38;5;3m[NestFactory] [39m[32mStarting Nest application...[39m
2026-05-10 17:46:22: [32m[Nest] 35012  - [39m10/05/2026, 5:46:22 pm [32m    LOG[39m [38;5;3m[NestFactory] [39m[32mStarting Nest application...[39m
2026-05-10 17:46:24: [32m[Nest] 11048  - [39m10/05/2026, 5:46:24 pm [32m    LOG[39m [38;5;3m[NestFactory] [39m[32mStarting Nest application...[39m
2026-05-10 17:46:26: [32m[Nest] 5572  - [39m10/05/2026, 5:46:26 pm [32m    LOG[39m [38;5;3m[NestFactory] [39m[32mStarting Nest application...[39m
2026-05-10 17:46:28: [32m[Nest] 13428  - [39m10/05/2026, 5:46:28 pm [32m    LOG[39m [38;5;3m[NestFactory] [39m[32mStarting Nest application...[39m
2026-05-10 17:46:30: [32m[Nest] 34232  - [39m10/05/2026, 5:46:30 pm [32m    LOG[39m [38;5;3m[NestFactory] [39m[32mStarting Nest application...[39m
2026-05-10 17:46:31: [32m[Nest] 34980  - [39m10/05/2026, 5:46:31 pm [32m    LOG[39m [38;5;3m[NestFactory] [39m[32mStarting Nest application...[39m
2026-05-10 17:46:33: [32m[Nest] 35044  - [39m10/05/2026, 5:46:33 pm [32m    LOG[39m [38;5;3m[NestFactory] [39m[32mStarting Nest application...[39m
2026-05-10 17:46:35: [32m[Nest] 18404  - [39m10/05/2026, 5:46:35 pm [32m    LOG[39m [38;5;3m[NestFactory] [39m[32mStarting Nest application...[39m
2026-05-10 17:46:37: [32m[Nest] 21584  - [39m10/05/2026, 5:46:37 pm [32m    LOG[39m [38;5;3m[NestFactory] [39m[32mStarting Nest application...[39m
2026-05-10 17:46:39: [32m[Nest] 32016  - [39m10/05/2026, 5:46:39 pm [32m    LOG[39m [38;5;3m[NestFactory] [39m[32mStarting Nest application...[39m
2026-05-10 17:46:41: [32m[Nest] 35232  - [39m10/05/2026, 5:46:41 pm [32m    LOG[39m [38;5;3m[NestFactory] [39m[32mStarting Nest application...[39m
2026-05-10 17:46:43: [32m[Nest] 12984  - [39m10/05/2026, 5:46:43 pm [32m    LOG[39m [38;5;3m[NestFactory] [39m[32mStarting Nest application...[39m
2026-05-10 17:46:45: [32m[Nest] 10040  - [39m10/05/2026, 5:46:45 pm [32m    LOG[39m [38;5;3m[NestFactory] [39m[32mStarting Nest application...[39m
2026-05-10 17:46:46: [32m[Nest] 22076  - [39m10/05/2026, 5:46:46 pm [32m    LOG[39m [38;5;3m[NestFactory] [39m[32mStarting Nest application...[39m
2026-05-10 17:46:48: [32m[Nest] 7288  - [39m10/05/2026, 5:46:48 pm [32m    LOG[39m [38;5;3m[NestFactory] [39m[32mStarting Nest application...[39m
2026-05-10 17:46:50: [32m[Nest] 17824  - [39m10/05/2026, 5:46:50 pm [32m    LOG[39m [38;5;3m[NestFactory] [39m[32mStarting Nest application...[39m
2026-05-10 17:46:52: [32m[Nest] 5920  - [39m10/05/2026, 5:46:52 pm [32m    LOG[39m [38;5;3m[NestFactory] [39m[32mStarting Nest application...[39m
2026-05-10 17:46:54: [32m[Nest] 28884  - [39m10/05/2026, 5:46:54 pm [32m    LOG[39m [38;5;3m[NestFactory] [39m[32mStarting Nest application...[39m
2026-05-10 17:46:56: [32m[Nest] 33104  - [39m10/05/2026, 5:46:56 pm [32m    LOG[39m [38;5;3m[NestFactory] [39m[32mStarting Nest application...[39m
2026-05-10 17:46:57: [32m[Nest] 3844  - [39m10/05/2026, 5:46:57 pm [32m    LOG[39m [38;5;3m[NestFactory] [39m[32mStarting Nest application...[39m
2026-05-10 17:46:59: [32m[Nest] 23324  - [39m10/05/2026, 5:46:59 pm [32m    LOG[39m [38;5;3m[NestFactory] [39m[32mStarting Nest application...[39m
2026-05-10 17:47:01: [32m[Nest] 28232  - [39m10/05/2026, 5:47:01 pm [32m    LOG[39m [38;5;3m[NestFactory] [39m[32mStarting Nest application...[39m
2026-05-10 17:47:03: [32m[Nest] 23564  - [39m10/05/2026, 5:47:03 pm [32m    LOG[39m [38;5;3m[NestFactory] [39m[32mStarting Nest application...[39m
2026-05-10 17:47:05: [32m[Nest] 35184  - [39m10/05/2026, 5:47:05 pm [32m    LOG[39m [38;5;3m[NestFactory] [39m[32mStarting Nest application...[39m
2026-05-10 17:47:07: [32m[Nest] 27524  - [39m10/05/2026, 5:47:07 pm [32m    LOG[39m [38;5;3m[NestFactory] [39m[32mStarting Nest application...[39m
2026-05-10 17:47:08: [32m[Nest] 28308  - [39m10/05/2026, 5:47:08 pm [32m    LOG[39m [38;5;3m[NestFactory] [39m[32mStarting Nest application...[39m
2026-05-10 17:47:10: [32m[Nest] 31664  - [39m10/05/2026, 5:47:10 pm [32m    LOG[39m [38;5;3m[NestFactory] [39m[32mStarting Nest application...[39m
2026-05-10 17:47:12: [32m[Nest] 34800  - [39m10/05/2026, 5:47:12 pm [32m    LOG[39m [38;5;3m[NestFactory] [39m[32mStarting Nest application...[39m
2026-05-10 17:47:14: [32m[Nest] 35360  - [39m10/05/2026, 5:47:14 pm [32m    LOG[39m [38;5;3m[NestFactory] [39m[32mStarting Nest application...[39m
2026-05-10 17:47:16: [32m[Nest] 31576  - [39m10/05/2026, 5:47:16 pm [32m    LOG[39m [38;5;3m[NestFactory] [39m[32mStarting Nest application...[39m
2026-05-10 17:47:18: [32m[Nest] 35056  - [39m10/05/2026, 5:47:18 pm [32m    LOG[39m [38;5;3m[NestFactory] [39m[32mStarting Nest application...[39m
2026-05-10 17:47:20: [32m[Nest] 9324  - [39m10/05/2026, 5:47:20 pm [32m    LOG[39m [38;5;3m[NestFactory] [39m[32mStarting Nest application...[39m
2026-05-10 17:47:22: [32m[Nest] 16640  - [39m10/05/2026, 5:47:22 pm [32m    LOG[39m [38;5;3m[NestFactory] [39m[32mStarting Nest application...[39m
2026-05-10 17:47:24: [32m[Nest] 15600  - [39m10/05/2026, 5:47:24 pm [32m    LOG[39m [38;5;3m[NestFactory] [39m[32mStarting Nest application...[39m
2026-05-10 17:47:26: [32m[Nest] 15832  - [39m10/05/2026, 5:47:26 pm [32m    LOG[39m [38;5;3m[NestFactory] [39m[32mStarting Nest application...[39m
2026-05-10 17:47:27: [32m[Nest] 35240  - [39m10/05/2026, 5:47:27 pm [32m    LOG[39m [38;5;3m[NestFactory] [39m[32mStarting Nest application...[39m
2026-05-10 17:47:29: [32m[Nest] 35044  - [39m10/05/2026, 5:47:29 pm [32m    LOG[39m [38;5;3m[NestFactory] [39m[32mStarting Nest application...[39m
2026-05-10 17:47:31: [32m[Nest] 704  - [39m10/05/2026, 5:47:31 pm [32m    LOG[39m [38;5;3m[NestFactory] [39m[32mStarting Nest application...[39m
2026-05-10 17:47:33: [32m[Nest] 33032  - [39m10/05/2026, 5:47:33 pm [32m    LOG[39m [38;5;3m[NestFactory] [39m[32mStarting Nest application...[39m
2026-05-10 17:47:35: [32m[Nest] 29128  - [39m10/05/2026, 5:47:35 pm [32m    LOG[39m [38;5;3m[NestFactory] [39m[32mStarting Nest application...[39m
2026-05-10 17:47:37: [32m[Nest] 27876  - [39m10/05/2026, 5:47:37 pm [32m    LOG[39m [38;5;3m[NestFactory] [39m[32mStarting Nest application...[39m
2026-05-10 17:47:39: [32m[Nest] 31748  - [39m10/05/2026, 5:47:39 pm [32m    LOG[39m [38;5;3m[NestFactory] [39m[32mStarting Nest application...[39m
2026-05-10 17:47:40: [32m[Nest] 19436  - [39m10/05/2026, 5:47:40 pm [32m    LOG[39m [38;5;3m[NestFactory] [39m[32mStarting Nest application...[39m
2026-05-10 17:47:42: [32m[Nest] 31524  - [39m10/05/2026, 5:47:42 pm [32m    LOG[39m [38;5;3m[NestFactory] [39m[32mStarting Nest application...[39m
2026-05-10 17:47:44: [32m[Nest] 22724  - [39m10/05/2026, 5:47:44 pm [32m    LOG[39m [38;5;3m[NestFactory] [39m[32mStarting Nest application...[39m
2026-05-10 17:47:46: [32m[Nest] 35244  - [39m10/05/2026, 5:47:46 pm [32m    LOG[39m [38;5;3m[NestFactory] [39m[32mStarting Nest application...[39m
2026-05-10 17:47:48: [32m[Nest] 2652  - [39m10/05/2026, 5:47:48 pm [32m    LOG[39m [38;5;3m[NestFactory] [39m[32mStarting Nest application...[39m
2026-05-10 17:47:50: [32m[Nest] 4308  - [39m10/05/2026, 5:47:50 pm [32m    LOG[39m [38;5;3m[NestFactory] [39m[32mStarting Nest application...[39m
2026-05-10 17:47:52: [32m[Nest] 19976  - [39m10/05/2026, 5:47:52 pm [32m    LOG[39m [38;5;3m[NestFactory] [39m[32mStarting Nest application...[39m
2026-05-10 17:47:54: [32m[Nest] 15980  - [39m10/05/2026, 5:47:54 pm [32m    LOG[39m [38;5;3m[NestFactory] [39m[32mStarting Nest application...[39m
2026-05-10 17:47:55: [32m[Nest] 33592  - [39m10/05/2026, 5:47:55 pm [32m    LOG[39m [38;5;3m[NestFactory] [39m[32mStarting Nest application...[39m
2026-05-10 17:47:57: [32m[Nest] 17428  - [39m10/05/2026, 5:47:57 pm [32m    LOG[39m [38;5;3m[NestFactory] [39m[32mStarting Nest application...[39m
2026-05-10 17:47:59: [32m[Nest] 26032  - [39m10/05/2026, 5:47:59 pm [32m    LOG[39m [38;5;3m[NestFactory] [39m[32mStarting Nest application...[39m
2026-05-10 17:48:01: [32m[Nest] 25412  - [39m10/05/2026, 5:48:01 pm [32m    LOG[39m [38;5;3m[NestFactory] [39m[32mStarting Nest application...[39m
2026-05-10 17:48:03: [32m[Nest] 32036  - [39m10/05/2026, 5:48:03 pm [32m    LOG[39m [38;5;3m[NestFactory] [39m[32mStarting Nest application...[39m
2026-05-10 17:48:05: [32m[Nest] 8112  - [39m10/05/2026, 5:48:05 pm [32m    LOG[39m [38;5;3m[NestFactory] [39m[32mStarting Nest application...[39m
2026-05-10 17:48:07: [32m[Nest] 35584  - [39m10/05/2026, 5:48:07 pm [32m    LOG[39m [38;5;3m[NestFactory] [39m[32mStarting Nest application...[39m
2026-05-10 17:48:09: [32m[Nest] 35636  - [39m10/05/2026, 5:48:09 pm [32m    LOG[39m [38;5;3m[NestFactory] [39m[32mStarting Nest application...[39m
2026-05-10 17:48:11: [32m[Nest] 35040  - [39m10/05/2026, 5:48:11 pm [32m    LOG[39m [38;5;3m[NestFactory] [39m[32mStarting Nest application...[39m
2026-05-10 17:48:13: [32m[Nest] 35340  - [39m10/05/2026, 5:48:13 pm [32m    LOG[39m [38;5;3m[NestFactory] [39m[32mStarting Nest application...[39m
2026-05-10 17:48:15: [32m[Nest] 21456  - [39m10/05/2026, 5:48:15 pm [32m    LOG[39m [38;5;3m[NestFactory] [39m[32mStarting Nest application...[39m
2026-05-10 17:48:17: [32m[Nest] 21864  - [39m10/05/2026, 5:48:17 pm [32m    LOG[39m [38;5;3m[NestFactory] [39m[32mStarting Nest application...[39m
2026-05-10 17:48:19: [32m[Nest] 35416  - [39m10/05/2026, 5:48:19 pm [32m    LOG[39m [38;5;3m[NestFactory] [39m[32mStarting Nest application...[39m
2026-05-10 17:48:21: [32m[Nest] 30212  - [39m10/05/2026, 5:48:21 pm [32m    LOG[39m [38;5;3m[NestFactory] [39m[32mStarting Nest application...[39m
2026-05-10 17:48:23: [32m[Nest] 28156  - [39m10/05/2026, 5:48:23 pm [32m    LOG[39m [38;5;3m[NestFactory] [39m[32mStarting Nest application...[39m
2026-05-10 17:48:25: [32m[Nest] 35796  - [39m10/05/2026, 5:48:25 pm [32m    LOG[39m [38;5;3m[NestFactory] [39m[32mStarting Nest application...[39m
2026-05-10 17:48:26: [32m[Nest] 35728  - [39m10/05/2026, 5:48:26 pm [32m    LOG[39m [38;5;3m[NestFactory] [39m[32mStarting Nest application...[39m
2026-05-10 17:48:28: [32m[Nest] 24800  - [39m10/05/2026, 5:48:28 pm [32m    LOG[39m [38;5;3m[NestFactory] [39m[32mStarting Nest application...[39m
2026-05-10 17:48:30: [32m[Nest] 704  - [39m10/05/2026, 5:48:30 pm [32m    LOG[39m [38;5;3m[NestFactory] [39m[32mStarting Nest application...[39m
2026-05-10 17:48:32: [32m[Nest] 20776  - [39m10/05/2026, 5:48:32 pm [32m    LOG[39m [38;5;3m[NestFactory] [39m[32mStarting Nest application...[39m
2026-05-10 17:48:34: [32m[Nest] 11168  - [39m10/05/2026, 5:48:34 pm [32m    LOG[39m [38;5;3m[NestFactory] [39m[32mStarting Nest application...[39m
2026-05-10 17:48:36: [32m[Nest] 34728  - [39m10/05/2026, 5:48:36 pm [32m    LOG[39m [38;5;3m[NestFactory] [39m[32mStarting Nest application...[39m
2026-05-10 17:48:38: [32m[Nest] 33400  - [39m10/05/2026, 5:48:38 pm [32m    LOG[39m [38;5;3m[NestFactory] [39m[32mStarting Nest application...[39m
2026-05-10 17:48:40: [32m[Nest] 26736  - [39m10/05/2026, 5:48:40 pm [32m    LOG[39m [38;5;3m[NestFactory] [39m[32mStarting Nest application...[39m
2026-05-10 17:48:42: [32m[Nest] 24408  - [39m10/05/2026, 5:48:42 pm [32m    LOG[39m [38;5;3m[NestFactory] [39m[32mStarting Nest application...[39m
2026-05-10 17:48:43: [32m[Nest] 5476  - [39m10/05/2026, 5:48:43 pm [32m    LOG[39m [38;5;3m[NestFactory] [39m[32mStarting Nest application...[39m
2026-05-10 17:48:45: [32m[Nest] 26188  - [39m10/05/2026, 5:48:45 pm [32m    LOG[39m [38;5;3m[NestFactory] [39m[32mStarting Nest application...[39m
2026-05-10 17:48:47: [32m[Nest] 10188  - [39m10/05/2026, 5:48:47 pm [32m    LOG[39m [38;5;3m[NestFactory] [39m[32mStarting Nest application...[39m
2026-05-10 17:48:49: [32m[Nest] 17592  - [39m10/05/2026, 5:48:49 pm [32m    LOG[39m [38;5;3m[NestFactory] [39m[32mStarting Nest application...[39m
2026-05-10 17:48:51: [32m[Nest] 31812  - [39m10/05/2026, 5:48:51 pm [32m    LOG[39m [38;5;3m[NestFactory] [39m[32mStarting Nest application...[39m
2026-05-10 17:48:53: [32m[Nest] 11316  - [39m10/05/2026, 5:48:53 pm [32m    LOG[39m [38;5;3m[NestFactory] [39m[32mStarting Nest application...[39m
2026-05-10 17:48:55: [32m[Nest] 14016  - [39m10/05/2026, 5:48:55 pm [32m    LOG[39m [38;5;3m[NestFactory] [39m[32mStarting Nest application...[39m
2026-05-10 17:48:57: [32m[Nest] 28164  - [39m10/05/2026, 5:48:57 pm [32m    LOG[39m [38;5;3m[NestFactory] [39m[32mStarting Nest application...[39m
2026-05-10 17:48:59: [32m[Nest] 23872  - [39m10/05/2026, 5:48:59 pm [32m    LOG[39m [38;5;3m[NestFactory] [39m[32mStarting Nest application...[39m
2026-05-10 17:49:01: [32m[Nest] 29348  - [39m10/05/2026, 5:49:01 pm [32m    LOG[39m [38;5;3m[NestFactory] [39m[32mStarting Nest application...[39m
2026-05-10 17:49:03: [32m[Nest] 35332  - [39m10/05/2026, 5:49:03 pm [32m    LOG[39m [38;5;3m[NestFactory] [39m[32mStarting Nest application...[39m
2026-05-10 17:49:05: [32m[Nest] 17524  - [39m10/05/2026, 5:49:05 pm [32m    LOG[39m [38;5;3m[NestFactory] [39m[32mStarting Nest application...[39m
2026-05-10 17:49:07: [32m[Nest] 21456  - [39m10/05/2026, 5:49:07 pm [32m    LOG[39m [38;5;3m[NestFactory] [39m[32mStarting Nest application...[39m
2026-05-10 17:49:09: [32m[Nest] 14832  - [39m10/05/2026, 5:49:09 pm [32m    LOG[39m [38;5;3m[NestFactory] [39m[32mStarting Nest application...[39m
2026-05-10 17:49:11: [32m[Nest] 33348  - [39m10/05/2026, 5:49:11 pm [32m    LOG[39m [38;5;3m[NestFactory] [39m[32mStarting Nest application...[39m
2026-05-10 17:49:13: [32m[Nest] 31216  - [39m10/05/2026, 5:49:13 pm [32m    LOG[39m [38;5;3m[NestFactory] [39m[32mStarting Nest application...[39m
2026-05-10 17:49:14: [32m[Nest] 25496  - [39m10/05/2026, 5:49:14 pm [32m    LOG[39m [38;5;3m[NestFactory] [39m[32mStarting Nest application...[39m
2026-05-10 17:49:16: [32m[Nest] 22032  - [39m10/05/2026, 5:49:16 pm [32m    LOG[39m [38;5;3m[NestFactory] [39m[32mStarting Nest application...[39m
2026-05-10 17:49:18: [32m[Nest] 8124  - [39m10/05/2026, 5:49:18 pm [32m    LOG[39m [38;5;3m[NestFactory] [39m[32mStarting Nest application...[39m
2026-05-10 17:49:20: [32m[Nest] 10412  - [39m10/05/2026, 5:49:20 pm [32m    LOG[39m [38;5;3m[NestFactory] [39m[32mStarting Nest application...[39m
2026-05-10 17:49:22: [32m[Nest] 10736  - [39m10/05/2026, 5:49:22 pm [32m    LOG[39m [38;5;3m[NestFactory] [39m[32mStarting Nest application...[39m
2026-05-10 17:49:24: [32m[Nest] 11276  - [39m10/05/2026, 5:49:24 pm [32m    LOG[39m [38;5;3m[NestFactory] [39m[32mStarting Nest application...[39m
2026-05-10 17:49:26: [32m[Nest] 35296  - [39m10/05/2026, 5:49:26 pm [32m    LOG[39m [38;5;3m[NestFactory] [39m[32mStarting Nest application...[39m
2026-05-10 17:49:28: [32m[Nest] 30680  - [39m10/05/2026, 5:49:28 pm [32m    LOG[39m [38;5;3m[NestFactory] [39m[32mStarting Nest application...[39m
2026-05-10 17:49:29: [32m[Nest] 23708  - [39m10/05/2026, 5:49:29 pm [32m    LOG[39m [38;5;3m[NestFactory] [39m[32mStarting Nest application...[39m
2026-05-10 17:49:31: [32m[Nest] 12868  - [39m10/05/2026, 5:49:31 pm [32m    LOG[39m [38;5;3m[NestFactory] [39m[32mStarting Nest application...[39m
2026-05-10 17:49:33: [32m[Nest] 29048  - [39m10/05/2026, 5:49:33 pm [32m    LOG[39m [38;5;3m[NestFactory] [39m[32mStarting Nest application...[39m
2026-05-10 17:49:35: [32m[Nest] 32464  - [39m10/05/2026, 5:49:35 pm [32m    LOG[39m [38;5;3m[NestFactory] [39m[32mStarting Nest application...[39m
2026-05-10 17:49:37: [32m[Nest] 2652  - [39m10/05/2026, 5:49:37 pm [32m    LOG[39m [38;5;3m[NestFactory] [39m[32mStarting Nest application...[39m
2026-05-10 17:49:39: [32m[Nest] 19144  - [39m10/05/2026, 5:49:39 pm [32m    LOG[39m [38;5;3m[NestFactory] [39m[32mStarting Nest application...[39m
2026-05-10 17:49:41: [32m[Nest] 4148  - [39m10/05/2026, 5:49:41 pm [32m    LOG[39m [38;5;3m[NestFactory] [39m[32mStarting Nest application...[39m
2026-05-10 17:49:42: [32m[Nest] 35160  - [39m10/05/2026, 5:49:42 pm [32m    LOG[39m [38;5;3m[NestFactory] [39m[32mStarting Nest application...[39m
2026-05-10 17:49:44: [32m[Nest] 24300  - [39m10/05/2026, 5:49:44 pm [32m    LOG[39m [38;5;3m[NestFactory] [39m[32mStarting Nest application...[39m
2026-05-10 17:49:46: [32m[Nest] 26660  - [39m10/05/2026, 5:49:46 pm [32m    LOG[39m [38;5;3m[NestFactory] [39m[32mStarting Nest application...[39m
2026-05-10 17:49:48: [32m[Nest] 14016  - [39m10/05/2026, 5:49:48 pm [32m    LOG[39m [38;5;3m[NestFactory] [39m[32mStarting Nest application...[39m
2026-05-10 17:49:50: [32m[Nest] 30884  - [39m10/05/2026, 5:49:50 pm [32m    LOG[39m [38;5;3m[NestFactory] [39m[32mStarting Nest application...[39m
2026-05-10 17:49:52: [32m[Nest] 23872  - [39m10/05/2026, 5:49:52 pm [32m    LOG[39m [38;5;3m[NestFactory] [39m[32mStarting Nest application...[39m
2026-05-10 17:49:54: [32m[Nest] 9084  - [39m10/05/2026, 5:49:54 pm [32m    LOG[39m [38;5;3m[NestFactory] [39m[32mStarting Nest application...[39m
2026-05-10 17:49:55: [32m[Nest] 21432  - [39m10/05/2026, 5:49:55 pm [32m    LOG[39m [38;5;3m[NestFactory] [39m[32mStarting Nest application...[39m
2026-05-10 17:49:57: [32m[Nest] 26640  - [39m10/05/2026, 5:49:57 pm [32m    LOG[39m [38;5;3m[NestFactory] [39m[32mStarting Nest application...[39m
2026-05-10 17:49:59: [32m[Nest] 35076  - [39m10/05/2026, 5:49:59 pm [32m    LOG[39m [38;5;3m[NestFactory] [39m[32mStarting Nest application...[39m
2026-05-10 17:50:01: [32m[Nest] 22800  - [39m10/05/2026, 5:50:01 pm [32m    LOG[39m [38;5;3m[NestFactory] [39m[32mStarting Nest application...[39m
2026-05-10 17:50:03: [32m[Nest] 31796  - [39m10/05/2026, 5:50:03 pm [32m    LOG[39m [38;5;3m[NestFactory] [39m[32mStarting Nest application...[39m
2026-05-10 17:50:05: [32m[Nest] 14824  - [39m10/05/2026, 5:50:05 pm [32m    LOG[39m [38;5;3m[NestFactory] [39m[32mStarting Nest application...[39m
2026-05-10 17:50:07: [32m[Nest] 34976  - [39m10/05/2026, 5:50:07 pm [32m    LOG[39m [38;5;3m[NestFactory] [39m[32mStarting Nest application...[39m
2026-05-10 17:50:09: [32m[Nest] 34824  - [39m10/05/2026, 5:50:09 pm [32m    LOG[39m [38;5;3m[NestFactory] [39m[32mStarting Nest application...[39m
2026-05-10 17:50:10: [32m[Nest] 33028  - [39m10/05/2026, 5:50:10 pm [32m    LOG[39m [38;5;3m[NestFactory] [39m[32mStarting Nest application...[39m
2026-05-10 17:50:12: [32m[Nest] 25812  - [39m10/05/2026, 5:50:12 pm [32m    LOG[39m [38;5;3m[NestFactory] [39m[32mStarting Nest application...[39m
2026-05-10 17:50:14: [32m[Nest] 35248  - [39m10/05/2026, 5:50:14 pm [32m    LOG[39m [38;5;3m[NestFactory] [39m[32mStarting Nest application...[39m
2026-05-10 17:50:16: [32m[Nest] 35484  - [39m10/05/2026, 5:50:16 pm [32m    LOG[39m [38;5;3m[NestFactory] [39m[32mStarting Nest application...[39m
2026-05-10 17:50:18: [32m[Nest] 28004  - [39m10/05/2026, 5:50:18 pm [32m    LOG[39m [38;5;3m[NestFactory] [39m[32mStarting Nest application...[39m
2026-05-10 17:50:20: [32m[Nest] 30668  - [39m10/05/2026, 5:50:20 pm [32m    LOG[39m [38;5;3m[NestFactory] [39m[32mStarting Nest application...[39m
2026-05-10 17:50:21: [32m[Nest] 22384  - [39m10/05/2026, 5:50:21 pm [32m    LOG[39m [38;5;3m[NestFactory] [39m[32mStarting Nest application...[39m
2026-05-10 17:50:23: [32m[Nest] 9260  - [39m10/05/2026, 5:50:23 pm [32m    LOG[39m [38;5;3m[NestFactory] [39m[32mStarting Nest application...[39m
2026-05-10 17:50:25: [32m[Nest] 28176  - [39m10/05/2026, 5:50:25 pm [32m    LOG[39m [38;5;3m[NestFactory] [39m[32mStarting Nest application...[39m
2026-05-10 17:50:27: [32m[Nest] 13240  - [39m10/05/2026, 5:50:27 pm [32m    LOG[39m [38;5;3m[NestFactory] [39m[32mStarting Nest application...[39m
2026-05-10 17:50:29: [32m[Nest] 26676  - [39m10/05/2026, 5:50:29 pm [32m    LOG[39m [38;5;3m[NestFactory] [39m[32mStarting Nest application...[39m
2026-05-10 17:50:31: [32m[Nest] 18748  - [39m10/05/2026, 5:50:31 pm [32m    LOG[39m [38;5;3m[NestFactory] [39m[32mStarting Nest application...[39m
2026-05-10 17:50:33: [32m[Nest] 29688  - [39m10/05/2026, 5:50:33 pm [32m    LOG[39m [38;5;3m[NestFactory] [39m[32mStarting Nest application...[39m
2026-05-10 17:50:35: [32m[Nest] 35160  - [39m10/05/2026, 5:50:35 pm [32m    LOG[39m [38;5;3m[NestFactory] [39m[32mStarting Nest application...[39m
2026-05-10 17:50:37: [32m[Nest] 15608  - [39m10/05/2026, 5:50:37 pm [32m    LOG[39m [38;5;3m[NestFactory] [39m[32mStarting Nest application...[39m
2026-05-10 17:50:38: [32m[Nest] 1864  - [39m10/05/2026, 5:50:38 pm [32m    LOG[39m [38;5;3m[NestFactory] [39m[32mStarting Nest application...[39m
2026-05-10 17:50:40: [32m[Nest] 23808  - [39m10/05/2026, 5:50:40 pm [32m    LOG[39m [38;5;3m[NestFactory] [39m[32mStarting Nest application...[39m
2026-05-10 17:50:42: [32m[Nest] 31176  - [39m10/05/2026, 5:50:42 pm [32m    LOG[39m [38;5;3m[NestFactory] [39m[32mStarting Nest application...[39m
2026-05-10 17:50:44: [32m[Nest] 20012  - [39m10/05/2026, 5:50:44 pm [32m    LOG[39m [38;5;3m[NestFactory] [39m[32mStarting Nest application...[39m
2026-05-10 17:50:46: [32m[Nest] 31716  - [39m10/05/2026, 5:50:46 pm [32m    LOG[39m [38;5;3m[NestFactory] [39m[32mStarting Nest application...[39m
2026-05-10 17:50:48: [32m[Nest] 28248  - [39m10/05/2026, 5:50:48 pm [32m    LOG[39m [38;5;3m[NestFactory] [39m[32mStarting Nest application...[39m
2026-05-10 17:50:49: [32m[Nest] 35452  - [39m10/05/2026, 5:50:49 pm [32m    LOG[39m [38;5;3m[NestFactory] [39m[32mStarting Nest application...[39m
2026-05-10 17:50:51: [32m[Nest] 34560  - [39m10/05/2026, 5:50:51 pm [32m    LOG[39m [38;5;3m[NestFactory] [39m[32mStarting Nest application...[39m
2026-05-10 17:50:53: [32m[Nest] 21736  - [39m10/05/2026, 5:50:53 pm [32m    LOG[39m [38;5;3m[NestFactory] [39m[32mStarting Nest application...[39m
2026-05-10 17:50:55: [32m[Nest] 21328  - [39m10/05/2026, 5:50:55 pm [32m    LOG[39m [38;5;3m[NestFactory] [39m[32mStarting Nest application...[39m
2026-05-10 17:50:57: [32m[Nest] 30256  - [39m10/05/2026, 5:50:57 pm [32m    LOG[39m [38;5;3m[NestFactory] [39m[32mStarting Nest application...[39m
2026-05-10 17:50:59: [32m[Nest] 8620  - [39m10/05/2026, 5:50:59 pm [32m    LOG[39m [38;5;3m[NestFactory] [39m[32mStarting Nest application...[39m
2026-05-10 17:51:01: [32m[Nest] 27512  - [39m10/05/2026, 5:51:01 pm [32m    LOG[39m [38;5;3m[NestFactory] [39m[32mStarting Nest application...[39m
2026-05-10 17:51:03: [32m[Nest] 18776  - [39m10/05/2026, 5:51:03 pm [32m    LOG[39m [38;5;3m[NestFactory] [39m[32mStarting Nest application...[39m
2026-05-10 17:51:05: [32m[Nest] 32936  - [39m10/05/2026, 5:51:05 pm [32m    LOG[39m [38;5;3m[NestFactory] [39m[32mStarting Nest application...[39m
2026-05-10 17:51:06: [32m[Nest] 30116  - [39m10/05/2026, 5:51:06 pm [32m    LOG[39m [38;5;3m[NestFactory] [39m[32mStarting Nest application...[39m
2026-05-10 17:51:08: [32m[Nest] 28456  - [39m10/05/2026, 5:51:08 pm [32m    LOG[39m [38;5;3m[NestFactory] [39m[32mStarting Nest application...[39m
2026-05-10 17:51:10: [32m[Nest] 19976  - [39m10/05/2026, 5:51:10 pm [32m    LOG[39m [38;5;3m[NestFactory] [39m[32mStarting Nest application...[39m
2026-05-10 17:51:12: [32m[Nest] 19636  - [39m10/05/2026, 5:51:12 pm [32m    LOG[39m [38;5;3m[NestFactory] [39m[32mStarting Nest application...[39m
2026-05-10 17:51:14: [32m[Nest] 25084  - [39m10/05/2026, 5:51:14 pm [32m    LOG[39m [38;5;3m[NestFactory] [39m[32mStarting Nest application...[39m
2026-05-10 17:51:16: [32m[Nest] 32344  - [39m10/05/2026, 5:51:16 pm [32m    LOG[39m [38;5;3m[NestFactory] [39m[32mStarting Nest application...[39m
2026-05-10 17:51:17: [32m[Nest] 11184  - [39m10/05/2026, 5:51:17 pm [32m    LOG[39m [38;5;3m[NestFactory] [39m[32mStarting Nest application...[39m
2026-05-10 17:51:19: [32m[Nest] 24884  - [39m10/05/2026, 5:51:19 pm [32m    LOG[39m [38;5;3m[NestFactory] [39m[32mStarting Nest application...[39m
2026-05-10 17:51:21: [32m[Nest] 18444  - [39m10/05/2026, 5:51:21 pm [32m    LOG[39m [38;5;3m[NestFactory] [39m[32mStarting Nest application...[39m
2026-05-10 17:51:23: [32m[Nest] 34352  - [39m10/05/2026, 5:51:23 pm [32m    LOG[39m [38;5;3m[NestFactory] [39m[32mStarting Nest application...[39m
2026-05-10 17:51:25: [32m[Nest] 30896  - [39m10/05/2026, 5:51:25 pm [32m    LOG[39m [38;5;3m[NestFactory] [39m[32mStarting Nest application...[39m
2026-05-10 17:51:27: [32m[Nest] 23572  - [39m10/05/2026, 5:51:27 pm [32m    LOG[39m [38;5;3m[NestFactory] [39m[32mStarting Nest application...[39m
2026-05-10 17:51:29: [32m[Nest] 4508  - [39m10/05/2026, 5:51:29 pm [32m    LOG[39m [38;5;3m[NestFactory] [39m[32mStarting Nest application...[39m
2026-05-10 17:51:30: [32m[Nest] 31940  - [39m10/05/2026, 5:51:30 pm [32m    LOG[39m [38;5;3m[NestFactory] [39m[32mStarting Nest application...[39m
2026-05-10 17:51:32: [32m[Nest] 24300  - [39m10/05/2026, 5:51:32 pm [32m    LOG[39m [38;5;3m[NestFactory] [39m[32mStarting Nest application...[39m
2026-05-10 17:51:34: [32m[Nest] 21716  - [39m10/05/2026, 5:51:34 pm [32m    LOG[39m [38;5;3m[NestFactory] [39m[32mStarting Nest application...[39m
2026-05-10 17:51:36: [32m[Nest] 11672  - [39m10/05/2026, 5:51:36 pm [32m    LOG[39m [38;5;3m[NestFactory] [39m[32mStarting Nest application...[39m
2026-05-10 17:51:38: [32m[Nest] 35252  - [39m10/05/2026, 5:51:38 pm [32m    LOG[39m [38;5;3m[NestFactory] [39m[32mStarting Nest application...[39m
2026-05-10 17:51:40: [32m[Nest] 17428  - [39m10/05/2026, 5:51:40 pm [32m    LOG[39m [38;5;3m[NestFactory] [39m[32mStarting Nest application...[39m
2026-05-10 17:51:41: [32m[Nest] 17012  - [39m10/05/2026, 5:51:41 pm [32m    LOG[39m [38;5;3m[NestFactory] [39m[32mStarting Nest application...[39m
2026-05-10 17:51:43: [32m[Nest] 33380  - [39m10/05/2026, 5:51:43 pm [32m    LOG[39m [38;5;3m[NestFactory] [39m[32mStarting Nest application...[39m
2026-05-10 17:51:45: [32m[Nest] 26304  - [39m10/05/2026, 5:51:45 pm [32m    LOG[39m [38;5;3m[NestFactory] [39m[32mStarting Nest application...[39m
2026-05-10 17:51:47: [32m[Nest] 35596  - [39m10/05/2026, 5:51:47 pm [32m    LOG[39m [38;5;3m[NestFactory] [39m[32mStarting Nest application...[39m
2026-05-10 17:51:49: [32m[Nest] 18452  - [39m10/05/2026, 5:51:49 pm [32m    LOG[39m [38;5;3m[NestFactory] [39m[32mStarting Nest application...[39m
2026-05-10 17:51:51: [32m[Nest] 34824  - [39m10/05/2026, 5:51:51 pm [32m    LOG[39m [38;5;3m[NestFactory] [39m[32mStarting Nest application...[39m
2026-05-10 17:51:52: [32m[Nest] 14620  - [39m10/05/2026, 5:51:52 pm [32m    LOG[39m [38;5;3m[NestFactory] [39m[32mStarting Nest application...[39m
2026-05-10 17:51:54: [32m[Nest] 35264  - [39m10/05/2026, 5:51:54 pm [32m    LOG[39m [38;5;3m[NestFactory] [39m[32mStarting Nest application...[39m
2026-05-10 17:51:56: [32m[Nest] 32736  - [39m10/05/2026, 5:51:56 pm [32m    LOG[39m [38;5;3m[NestFactory] [39m[32mStarting Nest application...[39m
2026-05-10 17:51:59: [32m[Nest] 34320  - [39m10/05/2026, 5:51:59 pm [32m    LOG[39m [38;5;3m[NestFactory] [39m[32mStarting Nest application...[39m
2026-05-10 17:52:01: [32m[Nest] 31328  - [39m10/05/2026, 5:52:01 pm [32m    LOG[39m [38;5;3m[NestFactory] [39m[32mStarting Nest application...[39m
2026-05-10 17:52:03: [32m[Nest] 8232  - [39m10/05/2026, 5:52:03 pm [32m    LOG[39m [38;5;3m[NestFactory] [39m[32mStarting Nest application...[39m
2026-05-10 17:52:05: [32m[Nest] 32356  - [39m10/05/2026, 5:52:05 pm [32m    LOG[39m [38;5;3m[NestFactory] [39m[32mStarting Nest application...[39m
2026-05-10 17:52:08: [32m[Nest] 12884  - [39m10/05/2026, 5:52:08 pm [32m    LOG[39m [38;5;3m[NestFactory] [39m[32mStarting Nest application...[39m
2026-05-10 17:52:10: [32m[Nest] 25984  - [39m10/05/2026, 5:52:10 pm [32m    LOG[39m [38;5;3m[NestFactory] [39m[32mStarting Nest application...[39m
2026-05-10 17:52:12: [32m[Nest] 33016  - [39m10/05/2026, 5:52:12 pm [32m    LOG[39m [38;5;3m[NestFactory] [39m[32mStarting Nest application...[39m
2026-05-10 17:52:14: [32m[Nest] 13732  - [39m10/05/2026, 5:52:14 pm [32m    LOG[39m [38;5;3m[NestFactory] [39m[32mStarting Nest application...[39m
2026-05-10 17:52:16: [32m[Nest] 15276  - [39m10/05/2026, 5:52:16 pm [32m    LOG[39m [38;5;3m[NestFactory] [39m[32mStarting Nest application...[39m
2026-05-10 17:52:18: [32m[Nest] 31024  - [39m10/05/2026, 5:52:18 pm [32m    LOG[39m [38;5;3m[NestFactory] [39m[32mStarting Nest application...[39m
2026-05-10 17:52:20: [32m[Nest] 5916  - [39m10/05/2026, 5:52:20 pm [32m    LOG[39m [38;5;3m[NestFactory] [39m[32mStarting Nest application...[39m
2026-05-10 17:52:23: [32m[Nest] 20264  - [39m10/05/2026, 5:52:23 pm [32m    LOG[39m [38;5;3m[NestFactory] [39m[32mStarting Nest application...[39m
2026-05-10 17:52:25: [32m[Nest] 15980  - [39m10/05/2026, 5:52:25 pm [32m    LOG[39m [38;5;3m[NestFactory] [39m[32mStarting Nest application...[39m
2026-05-10 17:52:28: [32m[Nest] 2620  - [39m10/05/2026, 5:52:28 pm [32m    LOG[39m [38;5;3m[NestFactory] [39m[32mStarting Nest application...[39m
2026-05-10 17:52:30: [32m[Nest] 6888  - [39m10/05/2026, 5:52:30 pm [32m    LOG[39m [38;5;3m[NestFactory] [39m[32mStarting Nest application...[39m
2026-05-10 17:52:33: [32m[Nest] 16988  - [39m10/05/2026, 5:52:33 pm [32m    LOG[39m [38;5;3m[NestFactory] [39m[32mStarting Nest application...[39m
2026-05-10 17:52:35: [32m[Nest] 32872  - [39m10/05/2026, 5:52:35 pm [32m    LOG[39m [38;5;3m[NestFactory] [39m[32mStarting Nest application...[39m
2026-05-10 17:52:37: [32m[Nest] 33672  - [39m10/05/2026, 5:52:37 pm [32m    LOG[39m [38;5;3m[NestFactory] [39m[32mStarting Nest application...[39m
2026-05-10 17:52:39: [32m[Nest] 35192  - [39m10/05/2026, 5:52:39 pm [32m    LOG[39m [38;5;3m[NestFactory] [39m[32mStarting Nest application...[39m
2026-05-10 17:52:42: [32m[Nest] 33400  - [39m10/05/2026, 5:52:42 pm [32m    LOG[39m [38;5;3m[NestFactory] [39m[32mStarting Nest application...[39m
2026-05-10 17:52:44: [32m[Nest] 30412  - [39m10/05/2026, 5:52:44 pm [32m    LOG[39m [38;5;3m[NestFactory] [39m[32mStarting Nest application...[39m
2026-05-10 17:52:47: [32m[Nest] 18384  - [39m10/05/2026, 5:52:47 pm [32m    LOG[39m [38;5;3m[NestFactory] [39m[32mStarting Nest application...[39m
2026-05-10 17:52:50: [32m[Nest] 8572  - [39m10/05/2026, 5:52:50 pm [32m    LOG[39m [38;5;3m[NestFactory] [39m[32mStarting Nest application...[39m
2026-05-10 17:52:52: [32m[Nest] 29948  - [39m10/05/2026, 5:52:52 pm [32m    LOG[39m [38;5;3m[NestFactory] [39m[32mStarting Nest application...[39m
2026-05-10 17:52:54: [32m[Nest] 4504  - [39m10/05/2026, 5:52:54 pm [32m    LOG[39m [38;5;3m[NestFactory] [39m[32mStarting Nest application...[39m
2026-05-10 17:52:57: [32m[Nest] 32744  - [39m10/05/2026, 5:52:57 pm [32m    LOG[39m [38;5;3m[NestFactory] [39m[32mStarting Nest application...[39m
2026-05-10 17:52:59: [32m[Nest] 23268  - [39m10/05/2026, 5:52:59 pm [32m    LOG[39m [38;5;3m[NestFactory] [39m[32mStarting Nest application...[39m
2026-05-10 17:53:01: [32m[Nest] 32036  - [39m10/05/2026, 5:53:01 pm [32m    LOG[39m [38;5;3m[NestFactory] [39m[32mStarting Nest application...[39m
2026-05-10 17:53:03: [32m[Nest] 30628  - [39m10/05/2026, 5:53:03 pm [32m    LOG[39m [38;5;3m[NestFactory] [39m[32mStarting Nest application...[39m
2026-05-10 17:53:06: [32m[Nest] 5864  - [39m10/05/2026, 5:53:06 pm [32m    LOG[39m [38;5;3m[NestFactory] [39m[32mStarting Nest application...[39m
2026-05-10 17:53:08: [32m[Nest] 31936  - [39m10/05/2026, 5:53:08 pm [32m    LOG[39m [38;5;3m[NestFactory] [39m[32mStarting Nest application...[39m
2026-05-10 17:53:10: [32m[Nest] 32488  - [39m10/05/2026, 5:53:10 pm [32m    LOG[39m [38;5;3m[NestFactory] [39m[32mStarting Nest application...[39m
2026-05-10 17:53:12: [32m[Nest] 7504  - [39m10/05/2026, 5:53:12 pm [32m    LOG[39m [38;5;3m[NestFactory] [39m[32mStarting Nest application...[39m
2026-05-10 17:53:14: [32m[Nest] 17828  - [39m10/05/2026, 5:53:14 pm [32m    LOG[39m [38;5;3m[NestFactory] [39m[32mStarting Nest application...[39m
2026-05-10 17:53:16: [32m[Nest] 29660  - [39m10/05/2026, 5:53:16 pm [32m    LOG[39m [38;5;3m[NestFactory] [39m[32mStarting Nest application...[39m
2026-05-10 17:53:18: [32m[Nest] 27188  - [39m10/05/2026, 5:53:18 pm [32m    LOG[39m [38;5;3m[NestFactory] [39m[32mStarting Nest application...[39m
2026-05-10 17:53:20: [32m[Nest] 24788  - [39m10/05/2026, 5:53:20 pm [32m    LOG[39m [38;5;3m[NestFactory] [39m[32mStarting Nest application...[39m
2026-05-10 17:53:23: [32m[Nest] 13452  - [39m10/05/2026, 5:53:23 pm [32m    LOG[39m [38;5;3m[NestFactory] [39m[32mStarting Nest application...[39m
2026-05-10 17:53:25: [32m[Nest] 20692  - [39m10/05/2026, 5:53:25 pm [32m    LOG[39m [38;5;3m[NestFactory] [39m[32mStarting Nest application...[39m
2026-05-10 17:53:27: [32m[Nest] 17276  - [39m10/05/2026, 5:53:27 pm [32m    LOG[39m [38;5;3m[NestFactory] [39m[32mStarting Nest application...[39m
2026-05-10 17:53:29: [32m[Nest] 29164  - [39m10/05/2026, 5:53:29 pm [32m    LOG[39m [38;5;3m[NestFactory] [39m[32mStarting Nest application...[39m
2026-05-10 17:53:33: [32m[Nest] 32996  - [39m10/05/2026, 5:53:33 pm [32m    LOG[39m [38;5;3m[NestFactory] [39m[32mStarting Nest application...[39m
2026-05-10 17:53:35: [32m[Nest] 9576  - [39m10/05/2026, 5:53:35 pm [32m    LOG[39m [38;5;3m[NestFactory] [39m[32mStarting Nest application...[39m
2026-05-10 17:53:37: [32m[Nest] 27244  - [39m10/05/2026, 5:53:37 pm [32m    LOG[39m [38;5;3m[NestFactory] [39m[32mStarting Nest application...[39m
2026-05-10 17:53:40: [32m[Nest] 33728  - [39m10/05/2026, 5:53:40 pm [32m    LOG[39m [38;5;3m[NestFactory] [39m[32mStarting Nest application...[39m
2026-05-10 17:53:42: [32m[Nest] 34288  - [39m10/05/2026, 5:53:42 pm [32m    LOG[39m [38;5;3m[NestFactory] [39m[32mStarting Nest application...[39m
2026-05-10 17:53:44: [32m[Nest] 2988  - [39m10/05/2026, 5:53:44 pm [32m    LOG[39m [38;5;3m[NestFactory] [39m[32mStarting Nest application...[39m
2026-05-10 17:53:47: [32m[Nest] 34880  - [39m10/05/2026, 5:53:47 pm [32m    LOG[39m [38;5;3m[NestFactory] [39m[32mStarting Nest application...[39m
2026-05-10 17:53:49: [32m[Nest] 32784  - [39m10/05/2026, 5:53:49 pm [32m    LOG[39m [38;5;3m[NestFactory] [39m[32mStarting Nest application...[39m
2026-05-10 17:53:51: [32m[Nest] 32456  - [39m10/05/2026, 5:53:51 pm [32m    LOG[39m [38;5;3m[NestFactory] [39m[32mStarting Nest application...[39m
2026-05-10 17:53:53: [32m[Nest] 10752  - [39m10/05/2026, 5:53:53 pm [32m    LOG[39m [38;5;3m[NestFactory] [39m[32mStarting Nest application...[39m
2026-05-10 17:53:55: [32m[Nest] 13408  - [39m10/05/2026, 5:53:55 pm [32m    LOG[39m [38;5;3m[NestFactory] [39m[32mStarting Nest application...[39m
2026-05-10 17:53:58: [32m[Nest] 29664  - [39m10/05/2026, 5:53:58 pm [32m    LOG[39m [38;5;3m[NestFactory] [39m[32mStarting Nest application...[39m
2026-05-10 17:54:07: [32m[Nest] 35820  - [39m10/05/2026, 5:54:07 pm [32m    LOG[39m [38;5;3m[NestFactory] [39m[32mStarting Nest application...[39m
2026-05-10 17:54:17: [32m[Nest] 30296  - [39m10/05/2026, 5:54:17 pm [32m    LOG[39m [38;5;3m[NestFactory] [39m[32mStarting Nest application...[39m
2026-05-10 17:54:28: [32m[Nest] 29148  - [39m10/05/2026, 5:54:28 pm [32m    LOG[39m [38;5;3m[NestFactory] [39m[32mStarting Nest application...[39m
2026-05-10 17:54:37: [32m[Nest] 33400  - [39m10/05/2026, 5:54:37 pm [32m    LOG[39m [38;5;3m[NestFactory] [39m[32mStarting Nest application...[39m
2026-05-10 17:54:43: [32m[Nest] 34940  - [39m10/05/2026, 5:54:43 pm [32m    LOG[39m [38;5;3m[NestFactory] [39m[32mStarting Nest application...[39m
2026-05-10 17:54:49: [32m[Nest] 27512  - [39m10/05/2026, 5:54:49 pm [32m    LOG[39m [38;5;3m[NestFactory] [39m[32mStarting Nest application...[39m
2026-05-10 17:54:55: [32m[Nest] 31692  - [39m10/05/2026, 5:54:55 pm [32m    LOG[39m [38;5;3m[NestFactory] [39m[32mStarting Nest application...[39m
2026-05-10 17:55:02: [32m[Nest] 19816  - [39m10/05/2026, 5:55:02 pm [32m    LOG[39m [38;5;3m[NestFactory] [39m[32mStarting Nest application...[39m
2026-05-10 17:55:13: [32m[Nest] 18372  - [39m10/05/2026, 5:55:13 pm [32m    LOG[39m [38;5;3m[NestFactory] [39m[32mStarting Nest application...[39m
2026-05-10 17:55:23: [32m[Nest] 20184  - [39m10/05/2026, 5:55:23 pm [32m    LOG[39m [38;5;3m[NestFactory] [39m[32mStarting Nest application...[39m
2026-05-10 17:55:35: [32m[Nest] 28952  - [39m10/05/2026, 5:55:35 pm [32m    LOG[39m [38;5;3m[NestFactory] [39m[32mStarting Nest application...[39m
2026-05-10 17:55:41: [32m[Nest] 24484  - [39m10/05/2026, 5:55:41 pm [32m    LOG[39m [38;5;3m[NestFactory] [39m[32mStarting Nest application...[39m
2026-05-10 17:55:46: [32m[Nest] 32280  - [39m10/05/2026, 5:55:46 pm [32m    LOG[39m [38;5;3m[NestFactory] [39m[32mStarting Nest application...[39m
2026-05-10 17:55:50: [32m[Nest] 3128  - [39m10/05/2026, 5:55:50 pm [32m    LOG[39m [38;5;3m[NestFactory] [39m[32mStarting Nest application...[39m
2026-05-10 17:55:56: [32m[Nest] 24408  - [39m10/05/2026, 5:55:56 pm [32m    LOG[39m [38;5;3m[NestFactory] [39m[32mStarting Nest application...[39m
2026-05-10 17:56:01: [32m[Nest] 23528  - [39m10/05/2026, 5:56:01 pm [32m    LOG[39m [38;5;3m[NestFactory] [39m[32mStarting Nest application...[39m
2026-05-10 17:56:06: [32m[Nest] 21336  - [39m10/05/2026, 5:56:06 pm [32m    LOG[39m [38;5;3m[NestFactory] [39m[32mStarting Nest application...[39m
2026-05-10 17:56:11: [32m[Nest] 35784  - [39m10/05/2026, 5:56:11 pm [32m    LOG[39m [38;5;3m[NestFactory] [39m[32mStarting Nest application...[39m
2026-05-10 17:56:15: [32m[Nest] 24180  - [39m10/05/2026, 5:56:15 pm [32m    LOG[39m [38;5;3m[NestFactory] [39m[32mStarting Nest application...[39m
2026-05-10 17:56:19: [32m[Nest] 1988  - [39m10/05/2026, 5:56:19 pm [32m    LOG[39m [38;5;3m[NestFactory] [39m[32mStarting Nest application...[39m
2026-05-10 17:56:24: [32m[Nest] 33016  - [39m10/05/2026, 5:56:24 pm [32m    LOG[39m [38;5;3m[NestFactory] [39m[32mStarting Nest application...[39m
2026-05-10 17:56:28: [32m[Nest] 21748  - [39m10/05/2026, 5:56:28 pm [32m    LOG[39m [38;5;3m[NestFactory] [39m[32mStarting Nest application...[39m
2026-05-10 17:56:34: [32m[Nest] 18568  - [39m10/05/2026, 5:56:34 pm [32m    LOG[39m [38;5;3m[NestFactory] [39m[32mStarting Nest application...[39m
2026-05-10 17:56:38: [32m[Nest] 28012  - [39m10/05/2026, 5:56:38 pm [32m    LOG[39m [38;5;3m[NestFactory] [39m[32mStarting Nest application...[39m
2026-05-10 17:56:43: [32m[Nest] 27888  - [39m10/05/2026, 5:56:43 pm [32m    LOG[39m [38;5;3m[NestFactory] [39m[32mStarting Nest application...[39m
2026-05-10 17:56:48: [32m[Nest] 35708  - [39m10/05/2026, 5:56:48 pm [32m    LOG[39m [38;5;3m[NestFactory] [39m[32mStarting Nest application...[39m
2026-05-10 17:56:53: [32m[Nest] 17432  - [39m10/05/2026, 5:56:53 pm [32m    LOG[39m [38;5;3m[NestFactory] [39m[32mStarting Nest application...[39m
2026-05-10 17:56:58: [32m[Nest] 22424  - [39m10/05/2026, 5:56:58 pm [32m    LOG[39m [38;5;3m[NestFactory] [39m[32mStarting Nest application...[39m
2026-05-10 17:57:03: [32m[Nest] 26236  - [39m10/05/2026, 5:57:03 pm [32m    LOG[39m [38;5;3m[NestFactory] [39m[32mStarting Nest application...[39m
2026-05-10 17:57:08: [32m[Nest] 33184  - [39m10/05/2026, 5:57:08 pm [32m    LOG[39m [38;5;3m[NestFactory] [39m[32mStarting Nest application...[39m
2026-05-10 17:57:13: [32m[Nest] 22396  - [39m10/05/2026, 5:57:13 pm [32m    LOG[39m [38;5;3m[NestFactory] [39m[32mStarting Nest application...[39m
2026-05-10 17:57:18: [32m[Nest] 30320  - [39m10/05/2026, 5:57:18 pm [32m    LOG[39m [38;5;3m[NestFactory] [39m[32mStarting Nest application...[39m
2026-05-10 17:57:23: [32m[Nest] 13428  - [39m10/05/2026, 5:57:23 pm [32m    LOG[39m [38;5;3m[NestFactory] [39m[32mStarting Nest application...[39m
2026-05-10 17:57:27: [32m[Nest] 30648  - [39m10/05/2026, 5:57:27 pm [32m    LOG[39m [38;5;3m[NestFactory] [39m[32mStarting Nest application...[39m
2026-05-10 17:57:32: [32m[Nest] 24932  - [39m10/05/2026, 5:57:32 pm [32m    LOG[39m [38;5;3m[NestFactory] [39m[32mStarting Nest application...[39m
2026-05-10 17:57:37: [32m[Nest] 35736  - [39m10/05/2026, 5:57:37 pm [32m    LOG[39m [38;5;3m[NestFactory] [39m[32mStarting Nest application...[39m
2026-05-10 17:57:42: [32m[Nest] 22080  - [39m10/05/2026, 5:57:42 pm [32m    LOG[39m [38;5;3m[NestFactory] [39m[32mStarting Nest application...[39m
2026-05-10 17:57:46: [32m[Nest] 18448  - [39m10/05/2026, 5:57:46 pm [32m    LOG[39m [38;5;3m[NestFactory] [39m[32mStarting Nest application...[39m
2026-05-10 17:57:55: [32m[Nest] 18648  - [39m10/05/2026, 5:57:55 pm [32m    LOG[39m [38;5;3m[NestFactory] [39m[32mStarting Nest application...[39m
2026-05-10 17:58:01: [32m[Nest] 7880  - [39m10/05/2026, 5:58:01 pm [32m    LOG[39m [38;5;3m[NestFactory] [39m[32mStarting Nest application...[39m
2026-05-10 17:58:07: [32m[Nest] 32708  - [39m10/05/2026, 5:58:07 pm [32m    LOG[39m [38;5;3m[NestFactory] [39m[32mStarting Nest application...[39m
2026-05-10 17:58:13: [32m[Nest] 35044  - [39m10/05/2026, 5:58:13 pm [32m    LOG[39m [38;5;3m[NestFactory] [39m[32mStarting Nest application...[39m
2026-05-10 17:58:18: [32m[Nest] 33928  - [39m10/05/2026, 5:58:18 pm [32m    LOG[39m [38;5;3m[NestFactory] [39m[32mStarting Nest application...[39m
2026-05-10 17:58:22: [32m[Nest] 28488  - [39m10/05/2026, 5:58:22 pm [32m    LOG[39m [38;5;3m[NestFactory] [39m[32mStarting Nest application...[39m
2026-05-10 17:58:27: [32m[Nest] 35836  - [39m10/05/2026, 5:58:27 pm [32m    LOG[39m [38;5;3m[NestFactory] [39m[32mStarting Nest application...[39m
2026-05-10 17:58:31: [32m[Nest] 17828  - [39m10/05/2026, 5:58:31 pm [32m    LOG[39m [38;5;3m[NestFactory] [39m[32mStarting Nest application...[39m
2026-05-10 17:58:39: [32m[Nest] 35608  - [39m10/05/2026, 5:58:39 pm [32m    LOG[39m [38;5;3m[NestFactory] [39m[32mStarting Nest application...[39m
2026-05-10 17:58:48: [32m[Nest] 30320  - [39m10/05/2026, 5:58:48 pm [32m    LOG[39m [38;5;3m[NestFactory] [39m[32mStarting Nest application...[39m
2026-05-10 17:58:53: [32m[Nest] 28648  - [39m10/05/2026, 5:58:53 pm [32m    LOG[39m [38;5;3m[NestFactory] [39m[32mStarting Nest application...[39m
2026-05-10 17:58:57: [32m[Nest] 35192  - [39m10/05/2026, 5:58:57 pm [32m    LOG[39m [38;5;3m[NestFactory] [39m[32mStarting Nest application...[39m
2026-05-10 17:59:02: [32m[Nest] 33140  - [39m10/05/2026, 5:59:02 pm [32m    LOG[39m [38;5;3m[NestFactory] [39m[32mStarting Nest application...[39m
2026-05-10 17:59:07: [32m[Nest] 32816  - [39m10/05/2026, 5:59:07 pm [32m    LOG[39m [38;5;3m[NestFactory] [39m[32mStarting Nest application...[39m
2026-05-10 17:59:12: [32m[Nest] 30096  - [39m10/05/2026, 5:59:12 pm [32m    LOG[39m [38;5;3m[NestFactory] [39m[32mStarting Nest application...[39m
2026-05-10 17:59:17: [32m[Nest] 34912  - [39m10/05/2026, 5:59:17 pm [32m    LOG[39m [38;5;3m[NestFactory] [39m[32mStarting Nest application...[39m
2026-05-10 17:59:22: [32m[Nest] 34352  - [39m10/05/2026, 5:59:22 pm [32m    LOG[39m [38;5;3m[NestFactory] [39m[32mStarting Nest application...[39m
2026-05-10 17:59:29: [32m[Nest] 35512  - [39m10/05/2026, 5:59:29 pm [32m    LOG[39m [38;5;3m[NestFactory] [39m[32mStarting Nest application...[39m
2026-05-10 17:59:40: [32m[Nest] 19828  - [39m10/05/2026, 5:59:40 pm [32m    LOG[39m [38;5;3m[NestFactory] [39m[32mStarting Nest application...[39m
2026-05-10 17:59:48: [32m[Nest] 22840  - [39m10/05/2026, 5:59:48 pm [32m    LOG[39m [38;5;3m[NestFactory] [39m[32mStarting Nest application...[39m
2026-05-10 17:59:51: [32m[Nest] 31464  - [39m10/05/2026, 5:59:51 pm [32m    LOG[39m [38;5;3m[NestFactory] [39m[32mStarting Nest application...[39m
2026-05-10 17:59:53: [32m[Nest] 24904  - [39m10/05/2026, 5:59:53 pm [32m    LOG[39m [38;5;3m[NestFactory] [39m[32mStarting Nest application...[39m
2026-05-10 17:59:55: [32m[Nest] 27512  - [39m10/05/2026, 5:59:55 pm [32m    LOG[39m [38;5;3m[NestFactory] [39m[32mStarting Nest application...[39m
2026-05-10 17:59:57: [32m[Nest] 13408  - [39m10/05/2026, 5:59:57 pm [32m    LOG[39m [38;5;3m[NestFactory] [39m[32mStarting Nest application...[39m
2026-05-10 17:59:59: [32m[Nest] 34496  - [39m10/05/2026, 5:59:59 pm [32m    LOG[39m [38;5;3m[NestFactory] [39m[32mStarting Nest application...[39m
2026-05-10 18:00:02: [32m[Nest] 34152  - [39m10/05/2026, 6:00:02 pm [32m    LOG[39m [38;5;3m[NestFactory] [39m[32mStarting Nest application...[39m
2026-05-10 18:00:06: [32m[Nest] 21604  - [39m10/05/2026, 6:00:06 pm [32m    LOG[39m [38;5;3m[NestFactory] [39m[32mStarting Nest application...[39m
2026-05-10 18:00:12: [32m[Nest] 5872  - [39m10/05/2026, 6:00:12 pm [32m    LOG[39m [38;5;3m[NestFactory] [39m[32mStarting Nest application...[39m
2026-05-10 18:00:14: [32m[Nest] 28340  - [39m10/05/2026, 6:00:14 pm [32m    LOG[39m [38;5;3m[NestFactory] [39m[32mStarting Nest application...[39m
2026-05-10 18:00:18: [32m[Nest] 26328  - [39m10/05/2026, 6:00:18 pm [32m    LOG[39m [38;5;3m[NestFactory] [39m[32mStarting Nest application...[39m
2026-05-10 18:00:20: [32m[Nest] 6460  - [39m10/05/2026, 6:00:20 pm [32m    LOG[39m [38;5;3m[NestFactory] [39m[32mStarting Nest application...[39m
2026-05-10 18:00:22: [32m[Nest] 32372  - [39m10/05/2026, 6:00:22 pm [32m    LOG[39m [38;5;3m[NestFactory] [39m[32mStarting Nest application...[39m
2026-05-10 18:00:24: [32m[Nest] 1052  - [39m10/05/2026, 6:00:24 pm [32m    LOG[39m [38;5;3m[NestFactory] [39m[32mStarting Nest application...[39m
2026-05-10 18:00:26: [32m[Nest] 6736  - [39m10/05/2026, 6:00:26 pm [32m    LOG[39m [38;5;3m[NestFactory] [39m[32mStarting Nest application...[39m
2026-05-10 18:00:29: [32m[Nest] 29252  - [39m10/05/2026, 6:00:29 pm [32m    LOG[39m [38;5;3m[NestFactory] [39m[32mStarting Nest application...[39m
2026-05-10 18:00:31: [32m[Nest] 32184  - [39m10/05/2026, 6:00:31 pm [32m    LOG[39m [38;5;3m[NestFactory] [39m[32mStarting Nest application...[39m
2026-05-10 18:00:33: [32m[Nest] 21912  - [39m10/05/2026, 6:00:33 pm [32m    LOG[39m [38;5;3m[NestFactory] [39m[32mStarting Nest application...[39m
2026-05-10 18:00:35: [32m[Nest] 8348  - [39m10/05/2026, 6:00:35 pm [32m    LOG[39m [38;5;3m[NestFactory] [39m[32mStarting Nest application...[39m
2026-05-10 18:00:37: [32m[Nest] 28828  - [39m10/05/2026, 6:00:37 pm [32m    LOG[39m [38;5;3m[NestFactory] [39m[32mStarting Nest application...[39m
2026-05-10 18:00:40: [32m[Nest] 23892  - [39m10/05/2026, 6:00:40 pm [32m    LOG[39m [38;5;3m[NestFactory] [39m[32mStarting Nest application...[39m
2026-05-10 18:00:42: [32m[Nest] 23768  - [39m10/05/2026, 6:00:42 pm [32m    LOG[39m [38;5;3m[NestFactory] [39m[32mStarting Nest application...[39m
2026-05-10 18:00:44: [32m[Nest] 23876  - [39m10/05/2026, 6:00:44 pm [32m    LOG[39m [38;5;3m[NestFactory] [39m[32mStarting Nest application...[39m
2026-05-10 18:00:46: [32m[Nest] 20452  - [39m10/05/2026, 6:00:46 pm [32m    LOG[39m [38;5;3m[NestFactory] [39m[32mStarting Nest application...[39m
2026-05-10 18:00:47: [32m[Nest] 31868  - [39m10/05/2026, 6:00:47 pm [32m    LOG[39m [38;5;3m[NestFactory] [39m[32mStarting Nest application...[39m
2026-05-10 18:00:49: [32m[Nest] 35408  - [39m10/05/2026, 6:00:49 pm [32m    LOG[39m [38;5;3m[NestFactory] [39m[32mStarting Nest application...[39m
2026-05-10 18:00:51: [32m[Nest] 2684  - [39m10/05/2026, 6:00:51 pm [32m    LOG[39m [38;5;3m[NestFactory] [39m[32mStarting Nest application...[39m
2026-05-10 18:00:53: [32m[Nest] 18160  - [39m10/05/2026, 6:00:53 pm [32m    LOG[39m [38;5;3m[NestFactory] [39m[32mStarting Nest application...[39m
2026-05-10 18:00:55: [32m[Nest] 23760  - [39m10/05/2026, 6:00:55 pm [32m    LOG[39m [38;5;3m[NestFactory] [39m[32mStarting Nest application...[39m
2026-05-10 18:00:57: [32m[Nest] 32780  - [39m10/05/2026, 6:00:57 pm [32m    LOG[39m [38;5;3m[NestFactory] [39m[32mStarting Nest application...[39m
2026-05-10 18:00:59: [32m[Nest] 33712  - [39m10/05/2026, 6:00:59 pm [32m    LOG[39m [38;5;3m[NestFactory] [39m[32mStarting Nest application...[39m
2026-05-10 18:01:00: [32m[Nest] 12640  - [39m10/05/2026, 6:01:00 pm [32m    LOG[39m [38;5;3m[NestFactory] [39m[32mStarting Nest application...[39m
2026-05-10 18:01:02: [32m[Nest] 14180  - [39m10/05/2026, 6:01:02 pm [32m    LOG[39m [38;5;3m[NestFactory] [39m[32mStarting Nest application...[39m
2026-05-10 18:01:04: [32m[Nest] 28528  - [39m10/05/2026, 6:01:04 pm [32m    LOG[39m [38;5;3m[NestFactory] [39m[32mStarting Nest application...[39m
2026-05-10 18:01:06: [32m[Nest] 19768  - [39m10/05/2026, 6:01:06 pm [32m    LOG[39m [38;5;3m[NestFactory] [39m[32mStarting Nest application...[39m
2026-05-10 18:01:08: [32m[Nest] 17908  - [39m10/05/2026, 6:01:08 pm [32m    LOG[39m [38;5;3m[NestFactory] [39m[32mStarting Nest application...[39m
2026-05-10 18:01:10: [32m[Nest] 26876  - [39m10/05/2026, 6:01:10 pm [32m    LOG[39m [38;5;3m[NestFactory] [39m[32mStarting Nest application...[39m
2026-05-10 18:01:12: [32m[Nest] 28768  - [39m10/05/2026, 6:01:12 pm [32m    LOG[39m [38;5;3m[NestFactory] [39m[32mStarting Nest application...[39m
2026-05-10 18:01:14: [32m[Nest] 5012  - [39m10/05/2026, 6:01:14 pm [32m    LOG[39m [38;5;3m[NestFactory] [39m[32mStarting Nest application...[39m
2026-05-10 18:01:16: [32m[Nest] 27452  - [39m10/05/2026, 6:01:16 pm [32m    LOG[39m [38;5;3m[NestFactory] [39m[32mStarting Nest application...[39m
2026-05-10 18:01:18: [32m[Nest] 26764  - [39m10/05/2026, 6:01:18 pm [32m    LOG[39m [38;5;3m[NestFactory] [39m[32mStarting Nest application...[39m
2026-05-10 18:01:19: [32m[Nest] 6604  - [39m10/05/2026, 6:01:19 pm [32m    LOG[39m [38;5;3m[NestFactory] [39m[32mStarting Nest application...[39m
2026-05-10 18:01:21: [32m[Nest] 2596  - [39m10/05/2026, 6:01:21 pm [32m    LOG[39m [38;5;3m[NestFactory] [39m[32mStarting Nest application...[39m
2026-05-10 18:01:23: [32m[Nest] 960  - [39m10/05/2026, 6:01:23 pm [32m    LOG[39m [38;5;3m[NestFactory] [39m[32mStarting Nest application...[39m
2026-05-10 18:01:25: [32m[Nest] 33928  - [39m10/05/2026, 6:01:25 pm [32m    LOG[39m [38;5;3m[NestFactory] [39m[32mStarting Nest application...[39m
2026-05-10 18:01:26: [32m[Nest] 34848  - [39m10/05/2026, 6:01:26 pm [32m    LOG[39m [38;5;3m[NestFactory] [39m[32mStarting Nest application...[39m
2026-05-10 18:01:28: [32m[Nest] 33768  - [39m10/05/2026, 6:01:28 pm [32m    LOG[39m [38;5;3m[NestFactory] [39m[32mStarting Nest application...[39m
2026-05-10 18:01:30: [32m[Nest] 31064  - [39m10/05/2026, 6:01:30 pm [32m    LOG[39m [38;5;3m[NestFactory] [39m[32mStarting Nest application...[39m
2026-05-10 18:01:32: [32m[Nest] 31812  - [39m10/05/2026, 6:01:32 pm [32m    LOG[39m [38;5;3m[NestFactory] [39m[32mStarting Nest application...[39m
2026-05-10 18:01:34: [32m[Nest] 11132  - [39m10/05/2026, 6:01:34 pm [32m    LOG[39m [38;5;3m[NestFactory] [39m[32mStarting Nest application...[39m
2026-05-10 18:01:37: [32m[Nest] 1988  - [39m10/05/2026, 6:01:37 pm [32m    LOG[39m [38;5;3m[NestFactory] [39m[32mStarting Nest application...[39m
2026-05-10 18:01:41: [32m[Nest] 31036  - [39m10/05/2026, 6:01:41 pm [32m    LOG[39m [38;5;3m[NestFactory] [39m[32mStarting Nest application...[39m
2026-05-10 18:01:50: [32m[Nest] 24652  - [39m10/05/2026, 6:01:50 pm [32m    LOG[39m [38;5;3m[NestFactory] [39m[32mStarting Nest application...[39m
2026-05-10 18:01:58: [32m[Nest] 25096  - [39m10/05/2026, 6:01:58 pm [32m    LOG[39m [38;5;3m[NestFactory] [39m[32mStarting Nest application...[39m
2026-05-10 18:02:02: [32m[Nest] 18716  - [39m10/05/2026, 6:02:02 pm [32m    LOG[39m [38;5;3m[NestFactory] [39m[32mStarting Nest application...[39m
2026-05-10 18:02:05: [32m[Nest] 30256  - [39m10/05/2026, 6:02:05 pm [32m    LOG[39m [38;5;3m[NestFactory] [39m[32mStarting Nest application...[39m
2026-05-10 18:02:08: [32m[Nest] 3424  - [39m10/05/2026, 6:02:08 pm [32m    LOG[39m [38;5;3m[NestFactory] [39m[32mStarting Nest application...[39m
2026-05-10 18:02:11: [32m[Nest] 30416  - [39m10/05/2026, 6:02:11 pm [32m    LOG[39m [38;5;3m[NestFactory] [39m[32mStarting Nest application...[39m
2026-05-10 18:02:13: [32m[Nest] 18568  - [39m10/05/2026, 6:02:13 pm [32m    LOG[39m [38;5;3m[NestFactory] [39m[32mStarting Nest application...[39m
2026-05-10 18:02:15: [32m[Nest] 29448  - [39m10/05/2026, 6:02:15 pm [32m    LOG[39m [38;5;3m[NestFactory] [39m[32mStarting Nest application...[39m
2026-05-10 18:02:17: [32m[Nest] 33360  - [39m10/05/2026, 6:02:17 pm [32m    LOG[39m [38;5;3m[NestFactory] [39m[32mStarting Nest application...[39m
2026-05-10 18:02:20: [32m[Nest] 33128  - [39m10/05/2026, 6:02:20 pm [32m    LOG[39m [38;5;3m[NestFactory] [39m[32mStarting Nest application...[39m
2026-05-10 18:02:22: [32m[Nest] 30976  - [39m10/05/2026, 6:02:22 pm [32m    LOG[39m [38;5;3m[NestFactory] [39m[32mStarting Nest application...[39m
2026-05-10 18:02:24: [32m[Nest] 20980  - [39m10/05/2026, 6:02:24 pm [32m    LOG[39m [38;5;3m[NestFactory] [39m[32mStarting Nest application...[39m
2026-05-10 18:02:27: [32m[Nest] 19592  - [39m10/05/2026, 6:02:27 pm [32m    LOG[39m [38;5;3m[NestFactory] [39m[32mStarting Nest application...[39m
2026-05-10 18:02:30: [32m[Nest] 29180  - [39m10/05/2026, 6:02:30 pm [32m    LOG[39m [38;5;3m[NestFactory] [39m[32mStarting Nest application...[39m
2026-05-10 18:02:32: [32m[Nest] 20584  - [39m10/05/2026, 6:02:32 pm [32m    LOG[39m [38;5;3m[NestFactory] [39m[32mStarting Nest application...[39m
2026-05-10 18:02:35: [32m[Nest] 29896  - [39m10/05/2026, 6:02:35 pm [32m    LOG[39m [38;5;3m[NestFactory] [39m[32mStarting Nest application...[39m
2026-05-10 18:02:37: [32m[Nest] 29072  - [39m10/05/2026, 6:02:37 pm [32m    LOG[39m [38;5;3m[NestFactory] [39m[32mStarting Nest application...[39m
2026-05-10 18:02:39: [32m[Nest] 14328  - [39m10/05/2026, 6:02:39 pm [32m    LOG[39m [38;5;3m[NestFactory] [39m[32mStarting Nest application...[39m
2026-05-10 18:02:41: [32m[Nest] 19648  - [39m10/05/2026, 6:02:41 pm [32m    LOG[39m [38;5;3m[NestFactory] [39m[32mStarting Nest application...[39m
2026-05-10 18:02:44: [32m[Nest] 2824  - [39m10/05/2026, 6:02:44 pm [32m    LOG[39m [38;5;3m[NestFactory] [39m[32mStarting Nest application...[39m
2026-05-10 18:02:46: [32m[Nest] 27412  - [39m10/05/2026, 6:02:46 pm [32m    LOG[39m [38;5;3m[NestFactory] [39m[32mStarting Nest application...[39m
2026-05-10 18:02:48: [32m[Nest] 34256  - [39m10/05/2026, 6:02:48 pm [32m    LOG[39m [38;5;3m[NestFactory] [39m[32mStarting Nest application...[39m
2026-05-10 18:02:51: [32m[Nest] 31648  - [39m10/05/2026, 6:02:51 pm [32m    LOG[39m [38;5;3m[NestFactory] [39m[32mStarting Nest application...[39m
2026-05-10 18:02:53: [32m[Nest] 13876  - [39m10/05/2026, 6:02:53 pm [32m    LOG[39m [38;5;3m[NestFactory] [39m[32mStarting Nest application...[39m
2026-05-10 18:02:55: [32m[Nest] 18720  - [39m10/05/2026, 6:02:55 pm [32m    LOG[39m [38;5;3m[NestFactory] [39m[32mStarting Nest application...[39m
2026-05-10 18:02:57: [32m[Nest] 35648  - [39m10/05/2026, 6:02:57 pm [32m    LOG[39m [38;5;3m[NestFactory] [39m[32mStarting Nest application...[39m
2026-05-10 18:02:59: [32m[Nest] 9776  - [39m10/05/2026, 6:02:59 pm [32m    LOG[39m [38;5;3m[NestFactory] [39m[32mStarting Nest application...[39m
2026-05-10 18:03:01: [32m[Nest] 31608  - [39m10/05/2026, 6:03:01 pm [32m    LOG[39m [38;5;3m[NestFactory] [39m[32mStarting Nest application...[39m
2026-05-10 18:03:03: [32m[Nest] 31876  - [39m10/05/2026, 6:03:03 pm [32m    LOG[39m [38;5;3m[NestFactory] [39m[32mStarting Nest application...[39m
2026-05-10 18:03:05: [32m[Nest] 22976  - [39m10/05/2026, 6:03:05 pm [32m    LOG[39m [38;5;3m[NestFactory] [39m[32mStarting Nest application...[39m
2026-05-10 18:03:07: [32m[Nest] 600  - [39m10/05/2026, 6:03:07 pm [32m    LOG[39m [38;5;3m[NestFactory] [39m[32mStarting Nest application...[39m
2026-05-10 18:03:09: [32m[Nest] 33976  - [39m10/05/2026, 6:03:09 pm [32m    LOG[39m [38;5;3m[NestFactory] [39m[32mStarting Nest application...[39m
2026-05-10 18:03:11: [32m[Nest] 22500  - [39m10/05/2026, 6:03:11 pm [32m    LOG[39m [38;5;3m[NestFactory] [39m[32mStarting Nest application...[39m
2026-05-10 18:03:13: [32m[Nest] 10088  - [39m10/05/2026, 6:03:13 pm [32m    LOG[39m [38;5;3m[NestFactory] [39m[32mStarting Nest application...[39m
2026-05-10 18:03:15: [32m[Nest] 31128  - [39m10/05/2026, 6:03:15 pm [32m    LOG[39m [38;5;3m[NestFactory] [39m[32mStarting Nest application...[39m
2026-05-10 18:03:17: [32m[Nest] 14468  - [39m10/05/2026, 6:03:17 pm [32m    LOG[39m [38;5;3m[NestFactory] [39m[32mStarting Nest application...[39m
2026-05-10 18:03:19: [32m[Nest] 19584  - [39m10/05/2026, 6:03:19 pm [32m    LOG[39m [38;5;3m[NestFactory] [39m[32mStarting Nest application...[39m
2026-05-10 18:03:21: [32m[Nest] 24480  - [39m10/05/2026, 6:03:21 pm [32m    LOG[39m [38;5;3m[NestFactory] [39m[32mStarting Nest application...[39m
2026-05-10 18:03:23: [32m[Nest] 33076  - [39m10/05/2026, 6:03:23 pm [32m    LOG[39m [38;5;3m[NestFactory] [39m[32mStarting Nest application...[39m
2026-05-10 18:03:25: [32m[Nest] 35292  - [39m10/05/2026, 6:03:25 pm [32m    LOG[39m [38;5;3m[NestFactory] [39m[32mStarting Nest application...[39m
2026-05-10 18:03:27: [32m[Nest] 26860  - [39m10/05/2026, 6:03:27 pm [32m    LOG[39m [38;5;3m[NestFactory] [39m[32mStarting Nest application...[39m
2026-05-10 18:03:29: [32m[Nest] 35224  - [39m10/05/2026, 6:03:29 pm [32m    LOG[39m [38;5;3m[NestFactory] [39m[32mStarting Nest application...[39m
2026-05-10 18:03:31: [32m[Nest] 10072  - [39m10/05/2026, 6:03:31 pm [32m    LOG[39m [38;5;3m[NestFactory] [39m[32mStarting Nest application...[39m
2026-05-10 18:03:32: [32m[Nest] 35280  - [39m10/05/2026, 6:03:32 pm [32m    LOG[39m [38;5;3m[NestFactory] [39m[32mStarting Nest application...[39m
2026-05-10 18:03:34: [32m[Nest] 30336  - [39m10/05/2026, 6:03:34 pm [32m    LOG[39m [38;5;3m[NestFactory] [39m[32mStarting Nest application...[39m
2026-05-10 18:03:36: [32m[Nest] 20400  - [39m10/05/2026, 6:03:36 pm [32m    LOG[39m [38;5;3m[NestFactory] [39m[32mStarting Nest application...[39m
2026-05-10 18:03:38: [32m[Nest] 31648  - [39m10/05/2026, 6:03:38 pm [32m    LOG[39m [38;5;3m[NestFactory] [39m[32mStarting Nest application...[39m
2026-05-10 18:03:41: [32m[Nest] 35632  - [39m10/05/2026, 6:03:41 pm [32m    LOG[39m [38;5;3m[NestFactory] [39m[32mStarting Nest application...[39m
2026-05-10 18:03:44: [32m[Nest] 4300  - [39m10/05/2026, 6:03:44 pm [32m    LOG[39m [38;5;3m[NestFactory] [39m[32mStarting Nest application...[39m
2026-05-10 18:03:46: [32m[Nest] 29980  - [39m10/05/2026, 6:03:46 pm [32m    LOG[39m [38;5;3m[NestFactory] [39m[32mStarting Nest application...[39m
2026-05-10 18:03:48: [32m[Nest] 13468  - [39m10/05/2026, 6:03:48 pm [32m    LOG[39m [38;5;3m[NestFactory] [39m[32mStarting Nest application...[39m
2026-05-10 18:03:51: [32m[Nest] 34948  - [39m10/05/2026, 6:03:51 pm [32m    LOG[39m [38;5;3m[NestFactory] [39m[32mStarting Nest application...[39m
2026-05-10 18:03:53: [32m[Nest] 32856  - [39m10/05/2026, 6:03:53 pm [32m    LOG[39m [38;5;3m[NestFactory] [39m[32mStarting Nest application...[39m
2026-05-10 18:03:55: [32m[Nest] 30208  - [39m10/05/2026, 6:03:55 pm [32m    LOG[39m [38;5;3m[NestFactory] [39m[32mStarting Nest application...[39m
2026-05-10 18:03:57: [32m[Nest] 19428  - [39m10/05/2026, 6:03:57 pm [32m    LOG[39m [38;5;3m[NestFactory] [39m[32mStarting Nest application...[39m
2026-05-10 18:04:00: [32m[Nest] 34572  - [39m10/05/2026, 6:04:00 pm [32m    LOG[39m [38;5;3m[NestFactory] [39m[32mStarting Nest application...[39m
2026-05-10 18:04:02: [32m[Nest] 31180  - [39m10/05/2026, 6:04:02 pm [32m    LOG[39m [38;5;3m[NestFactory] [39m[32mStarting Nest application...[39m
2026-05-10 18:04:05: [32m[Nest] 15752  - [39m10/05/2026, 6:04:05 pm [32m    LOG[39m [38;5;3m[NestFactory] [39m[32mStarting Nest application...[39m
2026-05-10 18:04:07: [32m[Nest] 10916  - [39m10/05/2026, 6:04:07 pm [32m    LOG[39m [38;5;3m[NestFactory] [39m[32mStarting Nest application...[39m
2026-05-10 18:04:10: [32m[Nest] 2816  - [39m10/05/2026, 6:04:10 pm [32m    LOG[39m [38;5;3m[NestFactory] [39m[32mStarting Nest application...[39m
2026-05-10 18:04:12: [32m[Nest] 19264  - [39m10/05/2026, 6:04:12 pm [32m    LOG[39m [38;5;3m[NestFactory] [39m[32mStarting Nest application...[39m
2026-05-10 18:04:15: [32m[Nest] 22520  - [39m10/05/2026, 6:04:15 pm [32m    LOG[39m [38;5;3m[NestFactory] [39m[32mStarting Nest application...[39m
2026-05-10 18:04:18: [32m[Nest] 25176  - [39m10/05/2026, 6:04:18 pm [32m    LOG[39m [38;5;3m[NestFactory] [39m[32mStarting Nest application...[39m
2026-05-10 18:04:20: [32m[Nest] 33796  - [39m10/05/2026, 6:04:20 pm [32m    LOG[39m [38;5;3m[NestFactory] [39m[32mStarting Nest application...[39m
2026-05-10 18:04:22: [32m[Nest] 30832  - [39m10/05/2026, 6:04:22 pm [32m    LOG[39m [38;5;3m[NestFactory] [39m[32mStarting Nest application...[39m
2026-05-10 18:04:24: [32m[Nest] 30736  - [39m10/05/2026, 6:04:24 pm [32m    LOG[39m [38;5;3m[NestFactory] [39m[32mStarting Nest application...[39m
2026-05-10 18:04:26: [32m[Nest] 13888  - [39m10/05/2026, 6:04:26 pm [32m    LOG[39m [38;5;3m[NestFactory] [39m[32mStarting Nest application...[39m
2026-05-10 18:04:28: [32m[Nest] 35492  - [39m10/05/2026, 6:04:28 pm [32m    LOG[39m [38;5;3m[NestFactory] [39m[32mStarting Nest application...[39m
2026-05-10 18:04:30: [32m[Nest] 35556  - [39m10/05/2026, 6:04:30 pm [32m    LOG[39m [38;5;3m[NestFactory] [39m[32mStarting Nest application...[39m
2026-05-10 18:04:32: [32m[Nest] 27552  - [39m10/05/2026, 6:04:32 pm [32m    LOG[39m [38;5;3m[NestFactory] [39m[32mStarting Nest application...[39m
2026-05-10 18:04:34: [32m[Nest] 32072  - [39m10/05/2026, 6:04:34 pm [32m    LOG[39m [38;5;3m[NestFactory] [39m[32mStarting Nest application...[39m
2026-05-10 18:04:36: [32m[Nest] 35748  - [39m10/05/2026, 6:04:36 pm [32m    LOG[39m [38;5;3m[NestFactory] [39m[32mStarting Nest application...[39m
2026-05-10 18:04:38: [32m[Nest] 5216  - [39m10/05/2026, 6:04:38 pm [32m    LOG[39m [38;5;3m[NestFactory] [39m[32mStarting Nest application...[39m
2026-05-10 18:04:41: [32m[Nest] 28752  - [39m10/05/2026, 6:04:41 pm [32m    LOG[39m [38;5;3m[NestFactory] [39m[32mStarting Nest application...[39m
2026-05-10 18:04:43: [32m[Nest] 21412  - [39m10/05/2026, 6:04:43 pm [32m    LOG[39m [38;5;3m[NestFactory] [39m[32mStarting Nest application...[39m
2026-05-10 18:04:45: [32m[Nest] 30564  - [39m10/05/2026, 6:04:45 pm [32m    LOG[39m [38;5;3m[NestFactory] [39m[32mStarting Nest application...[39m
2026-05-10 18:04:48: [32m[Nest] 28312  - [39m10/05/2026, 6:04:48 pm [32m    LOG[39m [38;5;3m[NestFactory] [39m[32mStarting Nest application...[39m
2026-05-10 18:04:50: [32m[Nest] 3312  - [39m10/05/2026, 6:04:50 pm [32m    LOG[39m [38;5;3m[NestFactory] [39m[32mStarting Nest application...[39m
2026-05-10 18:04:52: [32m[Nest] 23768  - [39m10/05/2026, 6:04:52 pm [32m    LOG[39m [38;5;3m[NestFactory] [39m[32mStarting Nest application...[39m
2026-05-10 18:04:55: [32m[Nest] 18308  - [39m10/05/2026, 6:04:55 pm [32m    LOG[39m [38;5;3m[NestFactory] [39m[32mStarting Nest application...[39m
2026-05-10 18:04:57: [32m[Nest] 35460  - [39m10/05/2026, 6:04:57 pm [32m    LOG[39m [38;5;3m[NestFactory] [39m[32mStarting Nest application...[39m
2026-05-10 18:04:59: [32m[Nest] 22048  - [39m10/05/2026, 6:04:59 pm [32m    LOG[39m [38;5;3m[NestFactory] [39m[32mStarting Nest application...[39m
2026-05-10 18:05:01: [32m[Nest] 13068  - [39m10/05/2026, 6:05:01 pm [32m    LOG[39m [38;5;3m[NestFactory] [39m[32mStarting Nest application...[39m
2026-05-10 18:05:03: [32m[Nest] 3328  - [39m10/05/2026, 6:05:03 pm [32m    LOG[39m [38;5;3m[NestFactory] [39m[32mStarting Nest application...[39m
2026-05-10 18:05:06: [32m[Nest] 24264  - [39m10/05/2026, 6:05:06 pm [32m    LOG[39m [38;5;3m[NestFactory] [39m[32mStarting Nest application...[39m
2026-05-10 18:05:08: [32m[Nest] 20256  - [39m10/05/2026, 6:05:08 pm [32m    LOG[39m [38;5;3m[NestFactory] [39m[32mStarting Nest application...[39m
2026-05-10 18:05:10: [32m[Nest] 33076  - [39m10/05/2026, 6:05:10 pm [32m    LOG[39m [38;5;3m[NestFactory] [39m[32mStarting Nest application...[39m
2026-05-10 18:05:12: [32m[Nest] 16608  - [39m10/05/2026, 6:05:12 pm [32m    LOG[39m [38;5;3m[NestFactory] [39m[32mStarting Nest application...[39m
2026-05-10 18:05:14: [32m[Nest] 32648  - [39m10/05/2026, 6:05:14 pm [32m    LOG[39m [38;5;3m[NestFactory] [39m[32mStarting Nest application...[39m
2026-05-10 18:05:16: [32m[Nest] 14428  - [39m10/05/2026, 6:05:16 pm [32m    LOG[39m [38;5;3m[NestFactory] [39m[32mStarting Nest application...[39m
2026-05-10 18:05:19: [32m[Nest] 32732  - [39m10/05/2026, 6:05:19 pm [32m    LOG[39m [38;5;3m[NestFactory] [39m[32mStarting Nest application...[39m
2026-05-10 18:05:21: [32m[Nest] 26952  - [39m10/05/2026, 6:05:21 pm [32m    LOG[39m [38;5;3m[NestFactory] [39m[32mStarting Nest application...[39m
2026-05-10 18:05:23: [32m[Nest] 33660  - [39m10/05/2026, 6:05:23 pm [32m    LOG[39m [38;5;3m[NestFactory] [39m[32mStarting Nest application...[39m
2026-05-10 18:05:25: [32m[Nest] 29024  - [39m10/05/2026, 6:05:25 pm [32m    LOG[39m [38;5;3m[NestFactory] [39m[32mStarting Nest application...[39m
2026-05-10 18:05:28: [32m[Nest] 7024  - [39m10/05/2026, 6:05:28 pm [32m    LOG[39m [38;5;3m[NestFactory] [39m[32mStarting Nest application...[39m
2026-05-10 18:05:31: [32m[Nest] 28224  - [39m10/05/2026, 6:05:31 pm [32m    LOG[39m [38;5;3m[NestFactory] [39m[32mStarting Nest application...[39m
2026-05-10 18:05:33: [32m[Nest] 29980  - [39m10/05/2026, 6:05:33 pm [32m    LOG[39m [38;5;3m[NestFactory] [39m[32mStarting Nest application...[39m
2026-05-10 18:05:37: [32m[Nest] 27096  - [39m10/05/2026, 6:05:37 pm [32m    LOG[39m [38;5;3m[NestFactory] [39m[32mStarting Nest application...[39m
2026-05-10 18:05:40: [32m[Nest] 25860  - [39m10/05/2026, 6:05:40 pm [32m    LOG[39m [38;5;3m[NestFactory] [39m[32mStarting Nest application...[39m
2026-05-10 18:05:42: [32m[Nest] 2652  - [39m10/05/2026, 6:05:42 pm [32m    LOG[39m [38;5;3m[NestFactory] [39m[32mStarting Nest application...[39m
2026-05-10 18:05:45: [32m[Nest] 23624  - [39m10/05/2026, 6:05:45 pm [32m    LOG[39m [38;5;3m[NestFactory] [39m[32mStarting Nest application...[39m
2026-05-10 18:05:47: [32m[Nest] 28936  - [39m10/05/2026, 6:05:47 pm [32m    LOG[39m [38;5;3m[NestFactory] [39m[32mStarting Nest application...[39m
2026-05-10 18:05:50: [32m[Nest] 34836  - [39m10/05/2026, 6:05:50 pm [32m    LOG[39m [38;5;3m[NestFactory] [39m[32mStarting Nest application...[39m
2026-05-10 18:05:52: [32m[Nest] 22596  - [39m10/05/2026, 6:05:52 pm [32m    LOG[39m [38;5;3m[NestFactory] [39m[32mStarting Nest application...[39m
2026-05-10 18:05:54: [32m[Nest] 21684  - [39m10/05/2026, 6:05:54 pm [32m    LOG[39m [38;5;3m[NestFactory] [39m[32mStarting Nest application...[39m
2026-05-10 18:05:56: [32m[Nest] 31128  - [39m10/05/2026, 6:05:56 pm [32m    LOG[39m [38;5;3m[NestFactory] [39m[32mStarting Nest application...[39m
2026-05-10 18:05:58: [32m[Nest] 24032  - [39m10/05/2026, 6:05:58 pm [32m    LOG[39m [38;5;3m[NestFactory] [39m[32mStarting Nest application...[39m
2026-05-10 18:06:01: [32m[Nest] 13052  - [39m10/05/2026, 6:06:01 pm [32m    LOG[39m [38;5;3m[NestFactory] [39m[32mStarting Nest application...[39m
2026-05-10 18:06:03: [32m[Nest] 17720  - [39m10/05/2026, 6:06:03 pm [32m    LOG[39m [38;5;3m[NestFactory] [39m[32mStarting Nest application...[39m
2026-05-10 18:06:06: [32m[Nest] 24372  - [39m10/05/2026, 6:06:06 pm [32m    LOG[39m [38;5;3m[NestFactory] [39m[32mStarting Nest application...[39m
2026-05-10 18:06:08: [32m[Nest] 24400  - [39m10/05/2026, 6:06:08 pm [32m    LOG[39m [38;5;3m[NestFactory] [39m[32mStarting Nest application...[39m
2026-05-10 18:06:10: [32m[Nest] 24460  - [39m10/05/2026, 6:06:10 pm [32m    LOG[39m [38;5;3m[NestFactory] [39m[32mStarting Nest application...[39m
2026-05-10 18:06:13: [32m[Nest] 30980  - [39m10/05/2026, 6:06:13 pm [32m    LOG[39m [38;5;3m[NestFactory] [39m[32mStarting Nest application...[39m
2026-05-10 18:06:15: [32m[Nest] 28860  - [39m10/05/2026, 6:06:15 pm [32m    LOG[39m [38;5;3m[NestFactory] [39m[32mStarting Nest application...[39m
2026-05-10 18:06:17: [32m[Nest] 22488  - [39m10/05/2026, 6:06:17 pm [32m    LOG[39m [38;5;3m[NestFactory] [39m[32mStarting Nest application...[39m
2026-05-10 18:06:20: [32m[Nest] 16192  - [39m10/05/2026, 6:06:20 pm [32m    LOG[39m [38;5;3m[NestFactory] [39m[32mStarting Nest application...[39m
2026-05-10 18:06:22: [32m[Nest] 35492  - [39m10/05/2026, 6:06:22 pm [32m    LOG[39m [38;5;3m[NestFactory] [39m[32mStarting Nest application...[39m
2026-05-10 18:06:24: [32m[Nest] 34892  - [39m10/05/2026, 6:06:24 pm [32m    LOG[39m [38;5;3m[NestFactory] [39m[32mStarting Nest application...[39m
2026-05-10 18:06:27: [32m[Nest] 31384  - [39m10/05/2026, 6:06:27 pm [32m    LOG[39m [38;5;3m[NestFactory] [39m[32mStarting Nest application...[39m
2026-05-10 18:06:30: [32m[Nest] 25096  - [39m10/05/2026, 6:06:30 pm [32m    LOG[39m [38;5;3m[NestFactory] [39m[32mStarting Nest application...[39m
2026-05-10 18:06:37: [32m[Nest] 20748  - [39m10/05/2026, 6:06:37 pm [32m    LOG[39m [38;5;3m[NestFactory] [39m[32mStarting Nest application...[39m
2026-05-10 18:06:43: [32m[Nest] 25924  - [39m10/05/2026, 6:06:43 pm [32m    LOG[39m [38;5;3m[NestFactory] [39m[32mStarting Nest application...[39m
2026-05-10 18:06:48: [32m[Nest] 35776  - [39m10/05/2026, 6:06:48 pm [32m    LOG[39m [38;5;3m[NestFactory] [39m[32mStarting Nest application...[39m
2026-05-10 18:07:02: [32m[Nest] 25012  - [39m10/05/2026, 6:07:01 pm [32m    LOG[39m [38;5;3m[NestFactory] [39m[32mStarting Nest application...[39m
2026-05-10 18:07:15: [32m[Nest] 26952  - [39m10/05/2026, 6:07:15 pm [32m    LOG[39m [38;5;3m[NestFactory] [39m[32mStarting Nest application...[39m
2026-05-10 18:07:22: [32m[Nest] 35704  - [39m10/05/2026, 6:07:22 pm [32m    LOG[39m [38;5;3m[NestFactory] [39m[32mStarting Nest application...[39m
2026-05-10 18:07:30: [32m[Nest] 35112  - [39m10/05/2026, 6:07:30 pm [32m    LOG[39m [38;5;3m[NestFactory] [39m[32mStarting Nest application...[39m
2026-05-10 18:07:43: [32m[Nest] 32364  - [39m10/05/2026, 6:07:43 pm [32m    LOG[39m [38;5;3m[NestFactory] [39m[32mStarting Nest application...[39m
2026-05-10 18:07:51: [32m[Nest] 4484  - [39m10/05/2026, 6:07:51 pm [32m    LOG[39m [38;5;3m[NestFactory] [39m[32mStarting Nest application...[39m
2026-05-10 18:07:59: [32m[Nest] 29488  - [39m10/05/2026, 6:07:59 pm [32m    LOG[39m [38;5;3m[NestFactory] [39m[32mStarting Nest application...[39m
2026-05-10 18:08:09: [32m[Nest] 13612  - [39m10/05/2026, 6:08:09 pm [32m    LOG[39m [38;5;3m[NestFactory] [39m[32mStarting Nest application...[39m
2026-05-10 18:08:17: [32m[Nest] 22908  - [39m10/05/2026, 6:08:17 pm [32m    LOG[39m [38;5;3m[NestFactory] [39m[32mStarting Nest application...[39m
2026-05-10 18:08:23: [32m[Nest] 9968  - [39m10/05/2026, 6:08:23 pm [32m    LOG[39m [38;5;3m[NestFactory] [39m[32mStarting Nest application...[39m
2026-05-10 18:08:27: [32m[Nest] 33564  - [39m10/05/2026, 6:08:27 pm [32m    LOG[39m [38;5;3m[NestFactory] [39m[32mStarting Nest application...[39m
2026-05-10 18:08:32: [32m[Nest] 24400  - [39m10/05/2026, 6:08:32 pm [32m    LOG[39m [38;5;3m[NestFactory] [39m[32mStarting Nest application...[39m
2026-05-10 18:08:38: [32m[Nest] 18308  - [39m10/05/2026, 6:08:38 pm [32m    LOG[39m [38;5;3m[NestFactory] [39m[32mStarting Nest application...[39m
2026-05-10 18:08:43: [32m[Nest] 32260  - [39m10/05/2026, 6:08:43 pm [32m    LOG[39m [38;5;3m[NestFactory] [39m[32mStarting Nest application...[39m
2026-05-10 18:08:53: [32m[Nest] 29180  - [39m10/05/2026, 6:08:53 pm [32m    LOG[39m [38;5;3m[NestFactory] [39m[32mStarting Nest application...[39m
2026-05-10 18:09:01: [32m[Nest] 8076  - [39m10/05/2026, 6:09:01 pm [32m    LOG[39m [38;5;3m[NestFactory] [39m[32mStarting Nest application...[39m
2026-05-10 18:09:09: [32m[Nest] 20980  - [39m10/05/2026, 6:09:09 pm [32m    LOG[39m [38;5;3m[NestFactory] [39m[32mStarting Nest application...[39m
2026-05-10 18:09:15: [32m[Nest] 22424  - [39m10/05/2026, 6:09:15 pm [32m    LOG[39m [38;5;3m[NestFactory] [39m[32mStarting Nest application...[39m
2026-05-10 18:09:19: [32m[Nest] 32464  - [39m10/05/2026, 6:09:19 pm [32m    LOG[39m [38;5;3m[NestFactory] [39m[32mStarting Nest application...[39m
2026-05-10 18:09:23: [32m[Nest] 12908  - [39m10/05/2026, 6:09:23 pm [32m    LOG[39m [38;5;3m[NestFactory] [39m[32mStarting Nest application...[39m
2026-05-10 18:09:29: [32m[Nest] 15376  - [39m10/05/2026, 6:09:29 pm [32m    LOG[39m [38;5;3m[NestFactory] [39m[32mStarting Nest application...[39m
2026-05-10 18:09:34: [32m[Nest] 33624  - [39m10/05/2026, 6:09:34 pm [32m    LOG[39m [38;5;3m[NestFactory] [39m[32mStarting Nest application...[39m
2026-05-10 18:09:40: [32m[Nest] 30448  - [39m10/05/2026, 6:09:40 pm [32m    LOG[39m [38;5;3m[NestFactory] [39m[32mStarting Nest application...[39m
2026-05-10 18:09:44: [32m[Nest] 33088  - [39m10/05/2026, 6:09:44 pm [32m    LOG[39m [38;5;3m[NestFactory] [39m[32mStarting Nest application...[39m
2026-05-10 18:09:50: [32m[Nest] 28768  - [39m10/05/2026, 6:09:50 pm [32m    LOG[39m [38;5;3m[NestFactory] [39m[32mStarting Nest application...[39m
2026-05-10 18:09:56: [32m[Nest] 35244  - [39m10/05/2026, 6:09:56 pm [32m    LOG[39m [38;5;3m[NestFactory] [39m[32mStarting Nest application...[39m
2026-05-10 18:10:05: [32m[Nest] 20060  - [39m10/05/2026, 6:10:05 pm [32m    LOG[39m [38;5;3m[NestFactory] [39m[32mStarting Nest application...[39m
2026-05-10 18:10:12: [32m[Nest] 21420  - [39m10/05/2026, 6:10:12 pm [32m    LOG[39m [38;5;3m[NestFactory] [39m[32mStarting Nest application...[39m
2026-05-10 18:10:20: [32m[Nest] 32356  - [39m10/05/2026, 6:10:20 pm [32m    LOG[39m [38;5;3m[NestFactory] [39m[32mStarting Nest application...[39m
2026-05-10 18:10:26: [32m[Nest] 33232  - [39m10/05/2026, 6:10:26 pm [32m    LOG[39m [38;5;3m[NestFactory] [39m[32mStarting Nest application...[39m
2026-05-10 18:10:34: [32m[Nest] 32268  - [39m10/05/2026, 6:10:34 pm [32m    LOG[39m [38;5;3m[NestFactory] [39m[32mStarting Nest application...[39m
2026-05-10 18:10:40: [32m[Nest] 19780  - [39m10/05/2026, 6:10:40 pm [32m    LOG[39m [38;5;3m[NestFactory] [39m[32mStarting Nest application...[39m
2026-05-10 18:10:45: [32m[Nest] 24680  - [39m10/05/2026, 6:10:45 pm [32m    LOG[39m [38;5;3m[NestFactory] [39m[32mStarting Nest application...[39m
2026-05-10 18:10:51: [32m[Nest] 11344  - [39m10/05/2026, 6:10:51 pm [32m    LOG[39m [38;5;3m[NestFactory] [39m[32mStarting Nest application...[39m
2026-05-10 18:10:57: [32m[Nest] 9124  - [39m10/05/2026, 6:10:57 pm [32m    LOG[39m [38;5;3m[NestFactory] [39m[32mStarting Nest application...[39m
2026-05-10 18:11:03: [32m[Nest] 20916  - [39m10/05/2026, 6:11:03 pm [32m    LOG[39m [38;5;3m[NestFactory] [39m[32mStarting Nest application...[39m
2026-05-10 18:11:15: [32m[Nest] 19800  - [39m10/05/2026, 6:11:15 pm [32m    LOG[39m [38;5;3m[NestFactory] [39m[32mStarting Nest application...[39m
2026-05-10 18:11:28: [32m[Nest] 24904  - [39m10/05/2026, 6:11:28 pm [32m    LOG[39m [38;5;3m[NestFactory] [39m[32mStarting Nest application...[39m
2026-05-10 18:11:34: [32m[Nest] 11640  - [39m10/05/2026, 6:11:34 pm [32m    LOG[39m [38;5;3m[NestFactory] [39m[32mStarting Nest application...[39m
2026-05-10 18:11:39: [32m[Nest] 22076  - [39m10/05/2026, 6:11:39 pm [32m    LOG[39m [38;5;3m[NestFactory] [39m[32mStarting Nest application...[39m
2026-05-10 18:11:44: [32m[Nest] 34520  - [39m10/05/2026, 6:11:44 pm [32m    LOG[39m [38;5;3m[NestFactory] [39m[32mStarting Nest application...[39m
2026-05-10 18:11:49: [32m[Nest] 34912  - [39m10/05/2026, 6:11:49 pm [32m    LOG[39m [38;5;3m[NestFactory] [39m[32mStarting Nest application...[39m
2026-05-10 18:11:54: [32m[Nest] 17728  - [39m10/05/2026, 6:11:54 pm [32m    LOG[39m [38;5;3m[NestFactory] [39m[32mStarting Nest application...[39m
2026-05-10 18:12:00: [32m[Nest] 30300  - [39m10/05/2026, 6:12:00 pm [32m    LOG[39m [38;5;3m[NestFactory] [39m[32mStarting Nest application...[39m
2026-05-10 18:12:06: [32m[Nest] 13068  - [39m10/05/2026, 6:12:06 pm [32m    LOG[39m [38;5;3m[NestFactory] [39m[32mStarting Nest application...[39m
2026-05-10 18:12:11: [32m[Nest] 34948  - [39m10/05/2026, 6:12:11 pm [32m    LOG[39m [38;5;3m[NestFactory] [39m[32mStarting Nest application...[39m
2026-05-10 18:12:22: [32m[Nest] 23364  - [39m10/05/2026, 6:12:22 pm [32m    LOG[39m [38;5;3m[NestFactory] [39m[32mStarting Nest application...[39m
2026-05-10 18:12:32: [32m[Nest] 16672  - [39m10/05/2026, 6:12:32 pm [32m    LOG[39m [38;5;3m[NestFactory] [39m[32mStarting Nest application...[39m
2026-05-10 18:12:40: [32m[Nest] 29404  - [39m10/05/2026, 6:12:40 pm [32m    LOG[39m [38;5;3m[NestFactory] [39m[32mStarting Nest application...[39m
2026-05-10 18:12:48: [32m[Nest] 14936  - [39m10/05/2026, 6:12:48 pm [32m    LOG[39m [38;5;3m[NestFactory] [39m[32mStarting Nest application...[39m
2026-05-10 18:12:56: [32m[Nest] 19272  - [39m10/05/2026, 6:12:56 pm [32m    LOG[39m [38;5;3m[NestFactory] [39m[32mStarting Nest application...[39m
2026-05-10 18:13:04: [32m[Nest] 29088  - [39m10/05/2026, 6:13:04 pm [32m    LOG[39m [38;5;3m[NestFactory] [39m[32mStarting Nest application...[39m
2026-05-10 18:13:12: [32m[Nest] 5124  - [39m10/05/2026, 6:13:12 pm [32m    LOG[39m [38;5;3m[NestFactory] [39m[32mStarting Nest application...[39m
2026-05-10 18:13:18: [32m[Nest] 35116  - [39m10/05/2026, 6:13:18 pm [32m    LOG[39m [38;5;3m[NestFactory] [39m[32mStarting Nest application...[39m
2026-05-10 18:13:23: [32m[Nest] 33524  - [39m10/05/2026, 6:13:23 pm [32m    LOG[39m [38;5;3m[NestFactory] [39m[32mStarting Nest application...[39m
2026-05-10 18:13:30: [32m[Nest] 19636  - [39m10/05/2026, 6:13:30 pm [32m    LOG[39m [38;5;3m[NestFactory] [39m[32mStarting Nest application...[39m
2026-05-10 18:13:35: [32m[Nest] 32048  - [39m10/05/2026, 6:13:35 pm [32m    LOG[39m [38;5;3m[NestFactory] [39m[32mStarting Nest application...[39m
2026-05-10 18:13:41: [32m[Nest] 8508  - [39m10/05/2026, 6:13:41 pm [32m    LOG[39m [38;5;3m[NestFactory] [39m[32mStarting Nest application...[39m
2026-05-10 18:13:46: [32m[Nest] 19264  - [39m10/05/2026, 6:13:46 pm [32m    LOG[39m [38;5;3m[NestFactory] [39m[32mStarting Nest application...[39m
2026-05-10 18:13:52: [32m[Nest] 21828  - [39m10/05/2026, 6:13:52 pm [32m    LOG[39m [38;5;3m[NestFactory] [39m[32mStarting Nest application...[39m
2026-05-10 18:13:59: [32m[Nest] 33628  - [39m10/05/2026, 6:13:59 pm [32m    LOG[39m [38;5;3m[NestFactory] [39m[32mStarting Nest application...[39m
2026-05-10 18:14:04: [32m[Nest] 6736  - [39m10/05/2026, 6:14:04 pm [32m    LOG[39m [38;5;3m[NestFactory] [39m[32mStarting Nest application...[39m
2026-05-10 18:14:10: [32m[Nest] 17012  - [39m10/05/2026, 6:14:10 pm [32m    LOG[39m [38;5;3m[NestFactory] [39m[32mStarting Nest application...[39m
2026-05-10 18:14:16: [32m[Nest] 19272  - [39m10/05/2026, 6:14:16 pm [32m    LOG[39m [38;5;3m[NestFactory] [39m[32mStarting Nest application...[39m
2026-05-10 18:14:21: [32m[Nest] 27544  - [39m10/05/2026, 6:14:21 pm [32m    LOG[39m [38;5;3m[NestFactory] [39m[32mStarting Nest application...[39m
2026-05-10 18:14:25: [32m[Nest] 32780  - [39m10/05/2026, 6:14:25 pm [32m    LOG[39m [38;5;3m[NestFactory] [39m[32mStarting Nest application...[39m
2026-05-10 18:14:30: [32m[Nest] 19908  - [39m10/05/2026, 6:14:30 pm [32m    LOG[39m [38;5;3m[NestFactory] [39m[32mStarting Nest application...[39m
2026-05-10 18:14:35: [32m[Nest] 28688  - [39m10/05/2026, 6:14:35 pm [32m    LOG[39m [38;5;3m[NestFactory] [39m[32mStarting Nest application...[39m
2026-05-10 18:14:40: [32m[Nest] 12360  - [39m10/05/2026, 6:14:40 pm [32m    LOG[39m [38;5;3m[NestFactory] [39m[32mStarting Nest application...[39m
2026-05-10 18:14:45: [32m[Nest] 3128  - [39m10/05/2026, 6:14:45 pm [32m    LOG[39m [38;5;3m[NestFactory] [39m[32mStarting Nest application...[39m
2026-05-10 18:14:50: [32m[Nest] 35680  - [39m10/05/2026, 6:14:50 pm [32m    LOG[39m [38;5;3m[NestFactory] [39m[32mStarting Nest application...[39m
2026-05-10 18:14:56: [32m[Nest] 18892  - [39m10/05/2026, 6:14:56 pm [32m    LOG[39m [38;5;3m[NestFactory] [39m[32mStarting Nest application...[39m
2026-05-10 18:15:01: [32m[Nest] 13052  - [39m10/05/2026, 6:15:01 pm [32m    LOG[39m [38;5;3m[NestFactory] [39m[32mStarting Nest application...[39m
2026-05-10 18:15:06: [32m[Nest] 32712  - [39m10/05/2026, 6:15:06 pm [32m    LOG[39m [38;5;3m[NestFactory] [39m[32mStarting Nest application...[39m
2026-05-10 18:15:14: [32m[Nest] 35292  - [39m10/05/2026, 6:15:14 pm [32m    LOG[39m [38;5;3m[NestFactory] [39m[32mStarting Nest application...[39m
2026-05-10 18:15:19: [32m[Nest] 3260  - [39m10/05/2026, 6:15:19 pm [32m    LOG[39m [38;5;3m[NestFactory] [39m[32mStarting Nest application...[39m
2026-05-10 18:15:24: [32m[Nest] 35692  - [39m10/05/2026, 6:15:24 pm [32m    LOG[39m [38;5;3m[NestFactory] [39m[32mStarting Nest application...[39m
2026-05-10 18:15:30: [32m[Nest] 20256  - [39m10/05/2026, 6:15:30 pm [32m    LOG[39m [38;5;3m[NestFactory] [39m[32mStarting Nest application...[39m
2026-05-10 18:15:36: [32m[Nest] 23440  - [39m10/05/2026, 6:15:36 pm [32m    LOG[39m [38;5;3m[NestFactory] [39m[32mStarting Nest application...[39m
2026-05-10 18:15:41: [32m[Nest] 30040  - [39m10/05/2026, 6:15:41 pm [32m    LOG[39m [38;5;3m[NestFactory] [39m[32mStarting Nest application...[39m
2026-05-10 18:15:46: [32m[Nest] 11052  - [39m10/05/2026, 6:15:46 pm [32m    LOG[39m [38;5;3m[NestFactory] [39m[32mStarting Nest application...[39m
2026-05-10 18:15:51: [32m[Nest] 14976  - [39m10/05/2026, 6:15:51 pm [32m    LOG[39m [38;5;3m[NestFactory] [39m[32mStarting Nest application...[39m
2026-05-10 18:15:55: [32m[Nest] 35776  - [39m10/05/2026, 6:15:55 pm [32m    LOG[39m [38;5;3m[NestFactory] [39m[32mStarting Nest application...[39m
2026-05-10 18:16:00: [32m[Nest] 1888  - [39m10/05/2026, 6:16:00 pm [32m    LOG[39m [38;5;3m[NestFactory] [39m[32mStarting Nest application...[39m
2026-05-10 18:16:05: [32m[Nest] 26844  - [39m10/05/2026, 6:16:05 pm [32m    LOG[39m [38;5;3m[NestFactory] [39m[32mStarting Nest application...[39m
2026-05-10 18:16:10: [32m[Nest] 23044  - [39m10/05/2026, 6:16:10 pm [32m    LOG[39m [38;5;3m[NestFactory] [39m[32mStarting Nest application...[39m
2026-05-10 18:16:16: [32m[Nest] 19636  - [39m10/05/2026, 6:16:16 pm [32m    LOG[39m [38;5;3m[NestFactory] [39m[32mStarting Nest application...[39m
2026-05-10 18:16:21: [32m[Nest] 19640  - [39m10/05/2026, 6:16:21 pm [32m    LOG[39m [38;5;3m[NestFactory] [39m[32mStarting Nest application...[39m
2026-05-10 18:16:27: [32m[Nest] 3836  - [39m10/05/2026, 6:16:27 pm [32m    LOG[39m [38;5;3m[NestFactory] [39m[32mStarting Nest application...[39m
2026-05-10 18:16:31: [32m[Nest] 35780  - [39m10/05/2026, 6:16:31 pm [32m    LOG[39m [38;5;3m[NestFactory] [39m[32mStarting Nest application...[39m
2026-05-10 18:16:36: [32m[Nest] 30544  - [39m10/05/2026, 6:16:36 pm [32m    LOG[39m [38;5;3m[NestFactory] [39m[32mStarting Nest application...[39m
2026-05-10 18:16:42: [32m[Nest] 25460  - [39m10/05/2026, 6:16:42 pm [32m    LOG[39m [38;5;3m[NestFactory] [39m[32mStarting Nest application...[39m
2026-05-10 18:16:48: [32m[Nest] 35388  - [39m10/05/2026, 6:16:48 pm [32m    LOG[39m [38;5;3m[NestFactory] [39m[32mStarting Nest application...[39m
2026-05-10 18:16:53: [32m[Nest] 19272  - [39m10/05/2026, 6:16:53 pm [32m    LOG[39m [38;5;3m[NestFactory] [39m[32mStarting Nest application...[39m
2026-05-10 18:16:58: [32m[Nest] 13068  - [39m10/05/2026, 6:16:58 pm [32m    LOG[39m [38;5;3m[NestFactory] [39m[32mStarting Nest application...[39m
2026-05-10 18:17:03: [32m[Nest] 33732  - [39m10/05/2026, 6:17:03 pm [32m    LOG[39m [38;5;3m[NestFactory] [39m[32mStarting Nest application...[39m
2026-05-10 18:17:09: [32m[Nest] 23560  - [39m10/05/2026, 6:17:09 pm [32m    LOG[39m [38;5;3m[NestFactory] [39m[32mStarting Nest application...[39m
2026-05-10 18:17:15: [32m[Nest] 10896  - [39m10/05/2026, 6:17:15 pm [32m    LOG[39m [38;5;3m[NestFactory] [39m[32mStarting Nest application...[39m
2026-05-10 18:17:23: [32m[Nest] 8376  - [39m10/05/2026, 6:17:23 pm [32m    LOG[39m [38;5;3m[NestFactory] [39m[32mStarting Nest application...[39m
2026-05-10 18:17:29: [32m[Nest] 32880  - [39m10/05/2026, 6:17:29 pm [32m    LOG[39m [38;5;3m[NestFactory] [39m[32mStarting Nest application...[39m
2026-05-10 18:17:35: [32m[Nest] 25572  - [39m10/05/2026, 6:17:35 pm [32m    LOG[39m [38;5;3m[NestFactory] [39m[32mStarting Nest application...[39m
2026-05-10 18:17:43: [32m[Nest] 21828  - [39m10/05/2026, 6:17:43 pm [32m    LOG[39m [38;5;3m[NestFactory] [39m[32mStarting Nest application...[39m
2026-05-10 18:17:51: [32m[Nest] 11640  - [39m10/05/2026, 6:17:51 pm [32m    LOG[39m [38;5;3m[NestFactory] [39m[32mStarting Nest application...[39m
2026-05-10 18:17:59: [32m[Nest] 23760  - [39m10/05/2026, 6:17:59 pm [32m    LOG[39m [38;5;3m[NestFactory] [39m[32mStarting Nest application...[39m
2026-05-10 18:18:08: [32m[Nest] 28012  - [39m10/05/2026, 6:18:08 pm [32m    LOG[39m [38;5;3m[NestFactory] [39m[32mStarting Nest application...[39m
2026-05-10 18:18:18: [32m[Nest] 22596  - [39m10/05/2026, 6:18:18 pm [32m    LOG[39m [38;5;3m[NestFactory] [39m[32mStarting Nest application...[39m
2026-05-10 18:18:25: [32m[Nest] 28404  - [39m10/05/2026, 6:18:25 pm [32m    LOG[39m [38;5;3m[NestFactory] [39m[32mStarting Nest application...[39m
2026-05-10 18:18:30: [32m[Nest] 19964  - [39m10/05/2026, 6:18:30 pm [32m    LOG[39m [38;5;3m[NestFactory] [39m[32mStarting Nest application...[39m
2026-05-10 18:18:47: [32m[Nest] 30320  - [39m10/05/2026, 6:18:47 pm [32m    LOG[39m [38;5;3m[NestFactory] [39m[32mStarting Nest application...[39m
2026-05-10 18:18:54: [32m[Nest] 30992  - [39m10/05/2026, 6:18:54 pm [32m    LOG[39m [38;5;3m[NestFactory] [39m[32mStarting Nest application...[39m
2026-05-10 18:19:00: [32m[Nest] 33064  - [39m10/05/2026, 6:19:00 pm [32m    LOG[39m [38;5;3m[NestFactory] [39m[32mStarting Nest application...[39m
2026-05-10 18:19:07: [32m[Nest] 28092  - [39m10/05/2026, 6:19:07 pm [32m    LOG[39m [38;5;3m[NestFactory] [39m[32mStarting Nest application...[39m
2026-05-10 18:19:15: [32m[Nest] 32412  - [39m10/05/2026, 6:19:15 pm [32m    LOG[39m [38;5;3m[NestFactory] [39m[32mStarting Nest application...[39m
2026-05-10 18:19:23: [32m[Nest] 31904  - [39m10/05/2026, 6:19:23 pm [32m    LOG[39m [38;5;3m[NestFactory] [39m[32mStarting Nest application...[39m
2026-05-10 18:19:30: [32m[Nest] 29976  - [39m10/05/2026, 6:19:30 pm [32m    LOG[39m [38;5;3m[NestFactory] [39m[32mStarting Nest application...[39m
2026-05-10 18:19:36: [32m[Nest] 29788  - [39m10/05/2026, 6:19:36 pm [32m    LOG[39m [38;5;3m[NestFactory] [39m[32mStarting Nest application...[39m
2026-05-10 18:19:43: [32m[Nest] 10072  - [39m10/05/2026, 6:19:43 pm [32m    LOG[39m [38;5;3m[NestFactory] [39m[32mStarting Nest application...[39m
2026-05-10 18:19:49: [32m[Nest] 23992  - [39m10/05/2026, 6:19:49 pm [32m    LOG[39m [38;5;3m[NestFactory] [39m[32mStarting Nest application...[39m
2026-05-10 18:19:54: [32m[Nest] 32604  - [39m10/05/2026, 6:19:54 pm [32m    LOG[39m [38;5;3m[NestFactory] [39m[32mStarting Nest application...[39m
2026-05-10 18:19:58: [32m[Nest] 2232  - [39m10/05/2026, 6:19:58 pm [32m    LOG[39m [38;5;3m[NestFactory] [39m[32mStarting Nest application...[39m
2026-05-10 18:20:02: [32m[Nest] 35248  - [39m10/05/2026, 6:20:02 pm [32m    LOG[39m [38;5;3m[NestFactory] [39m[32mStarting Nest application...[39m
2026-05-10 18:20:07: [32m[Nest] 1480  - [39m10/05/2026, 6:20:07 pm [32m    LOG[39m [38;5;3m[NestFactory] [39m[32mStarting Nest application...[39m
2026-05-10 18:20:13: [32m[Nest] 5864  - [39m10/05/2026, 6:20:13 pm [32m    LOG[39m [38;5;3m[NestFactory] [39m[32mStarting Nest application...[39m
2026-05-10 18:20:18: [32m[Nest] 14428  - [39m10/05/2026, 6:20:18 pm [32m    LOG[39m [38;5;3m[NestFactory] [39m[32mStarting Nest application...[39m
2026-05-10 18:20:23: [32m[Nest] 23092  - [39m10/05/2026, 6:20:23 pm [32m    LOG[39m [38;5;3m[NestFactory] [39m[32mStarting Nest application...[39m
2026-05-10 18:20:27: [32m[Nest] 19572  - [39m10/05/2026, 6:20:27 pm [32m    LOG[39m [38;5;3m[NestFactory] [39m[32mStarting Nest application...[39m
2026-05-10 18:20:32: [32m[Nest] 23048  - [39m10/05/2026, 6:20:32 pm [32m    LOG[39m [38;5;3m[NestFactory] [39m[32mStarting Nest application...[39m
2026-05-10 18:20:37: [32m[Nest] 34144  - [39m10/05/2026, 6:20:37 pm [32m    LOG[39m [38;5;3m[NestFactory] [39m[32mStarting Nest application...[39m
2026-05-10 18:20:42: [32m[Nest] 15608  - [39m10/05/2026, 6:20:42 pm [32m    LOG[39m [38;5;3m[NestFactory] [39m[32mStarting Nest application...[39m
2026-05-10 18:20:45: [32m[Nest] 32856  - [39m10/05/2026, 6:20:45 pm [32m    LOG[39m [38;5;3m[NestFactory] [39m[32mStarting Nest application...[39m
2026-05-10 18:20:47: [32m[Nest] 2748  - [39m10/05/2026, 6:20:47 pm [32m    LOG[39m [38;5;3m[NestFactory] [39m[32mStarting Nest application...[39m
2026-05-10 18:20:50: [32m[Nest] 15752  - [39m10/05/2026, 6:20:50 pm [32m    LOG[39m [38;5;3m[NestFactory] [39m[32mStarting Nest application...[39m
2026-05-10 18:20:55: [32m[Nest] 25424  - [39m10/05/2026, 6:20:55 pm [32m    LOG[39m [38;5;3m[NestFactory] [39m[32mStarting Nest application...[39m
2026-05-10 18:21:02: [32m[Nest] 30480  - [39m10/05/2026, 6:21:02 pm [32m    LOG[39m [38;5;3m[NestFactory] [39m[32mStarting Nest application...[39m
2026-05-10 18:21:07: [32m[Nest] 33392  - [39m10/05/2026, 6:21:07 pm [32m    LOG[39m [38;5;3m[NestFactory] [39m[32mStarting Nest application...[39m
2026-05-10 18:21:11: [32m[Nest] 35580  - [39m10/05/2026, 6:21:11 pm [32m    LOG[39m [38;5;3m[NestFactory] [39m[32mStarting Nest application...[39m
2026-05-10 18:21:14: [32m[Nest] 8676  - [39m10/05/2026, 6:21:14 pm [32m    LOG[39m [38;5;3m[NestFactory] [39m[32mStarting Nest application...[39m
2026-05-10 18:21:19: [32m[Nest] 180  - [39m10/05/2026, 6:21:19 pm [32m    LOG[39m [38;5;3m[NestFactory] [39m[32mStarting Nest application...[39m
2026-05-10 18:21:21: [32m[Nest] 10804  - [39m10/05/2026, 6:21:21 pm [32m    LOG[39m [38;5;3m[NestFactory] [39m[32mStarting Nest application...[39m
2026-05-10 18:21:24: [32m[Nest] 31476  - [39m10/05/2026, 6:21:24 pm [32m    LOG[39m [38;5;3m[NestFactory] [39m[32mStarting Nest application...[39m
2026-05-10 18:21:27: [32m[Nest] 13352  - [39m10/05/2026, 6:21:27 pm [32m    LOG[39m [38;5;3m[NestFactory] [39m[32mStarting Nest application...[39m
2026-05-10 18:21:32: [32m[Nest] 22128  - [39m10/05/2026, 6:21:32 pm [32m    LOG[39m [38;5;3m[NestFactory] [39m[32mStarting Nest application...[39m
2026-05-10 18:21:34: [32m[Nest] 9444  - [39m10/05/2026, 6:21:34 pm [32m    LOG[39m [38;5;3m[NestFactory] [39m[32mStarting Nest application...[39m
2026-05-10 18:21:37: [32m[Nest] 35796  - [39m10/05/2026, 6:21:37 pm [32m    LOG[39m [38;5;3m[NestFactory] [39m[32mStarting Nest application...[39m
2026-05-10 18:21:41: [32m[Nest] 25804  - [39m10/05/2026, 6:21:41 pm [32m    LOG[39m [38;5;3m[NestFactory] [39m[32mStarting Nest application...[39m
2026-05-10 18:21:47: [32m[Nest] 8376  - [39m10/05/2026, 6:21:46 pm [32m    LOG[39m [38;5;3m[NestFactory] [39m[32mStarting Nest application...[39m
2026-05-10 18:21:50: [32m[Nest] 19384  - [39m10/05/2026, 6:21:50 pm [32m    LOG[39m [38;5;3m[NestFactory] [39m[32mStarting Nest application...[39m
2026-05-10 18:21:53: [32m[Nest] 25752  - [39m10/05/2026, 6:21:53 pm [32m    LOG[39m [38;5;3m[NestFactory] [39m[32mStarting Nest application...[39m
2026-05-10 18:21:57: [32m[Nest] 34992  - [39m10/05/2026, 6:21:57 pm [32m    LOG[39m [38;5;3m[NestFactory] [39m[32mStarting Nest application...[39m
2026-05-10 18:22:01: [32m[Nest] 23936  - [39m10/05/2026, 6:22:01 pm [32m    LOG[39m [38;5;3m[NestFactory] [39m[32mStarting Nest application...[39m
2026-05-10 18:22:04: [32m[Nest] 25620  - [39m10/05/2026, 6:22:04 pm [32m    LOG[39m [38;5;3m[NestFactory] [39m[32mStarting Nest application...[39m
2026-05-10 18:22:08: [32m[Nest] 21608  - [39m10/05/2026, 6:22:08 pm [32m    LOG[39m [38;5;3m[NestFactory] [39m[32mStarting Nest application...[39m
2026-05-10 18:22:11: [32m[Nest] 5492  - [39m10/05/2026, 6:22:11 pm [32m    LOG[39m [38;5;3m[NestFactory] [39m[32mStarting Nest application...[39m
2026-05-10 18:22:16: [32m[Nest] 9512  - [39m10/05/2026, 6:22:16 pm [32m    LOG[39m [38;5;3m[NestFactory] [39m[32mStarting Nest application...[39m
2026-05-10 18:22:21: [32m[Nest] 2024  - [39m10/05/2026, 6:22:21 pm [32m    LOG[39m [38;5;3m[NestFactory] [39m[32mStarting Nest application...[39m
2026-05-10 18:22:24: [32m[Nest] 23500  - [39m10/05/2026, 6:22:24 pm [32m    LOG[39m [38;5;3m[NestFactory] [39m[32mStarting Nest application...[39m
2026-05-10 18:22:26: [32m[Nest] 31796  - [39m10/05/2026, 6:22:26 pm [32m    LOG[39m [38;5;3m[NestFactory] [39m[32mStarting Nest application...[39m
2026-05-10 18:22:29: [32m[Nest] 22016  - [39m10/05/2026, 6:22:29 pm [32m    LOG[39m [38;5;3m[NestFactory] [39m[32mStarting Nest application...[39m
2026-05-10 18:22:33: [32m[Nest] 26236  - [39m10/05/2026, 6:22:33 pm [32m    LOG[39m [38;5;3m[NestFactory] [39m[32mStarting Nest application...[39m
2026-05-10 18:22:35: [32m[Nest] 26380  - [39m10/05/2026, 6:22:35 pm [32m    LOG[39m [38;5;3m[NestFactory] [39m[32mStarting Nest application...[39m
2026-05-10 18:22:38: [32m[Nest] 2816  - [39m10/05/2026, 6:22:38 pm [32m    LOG[39m [38;5;3m[NestFactory] [39m[32mStarting Nest application...[39m
2026-05-10 18:22:40: [32m[Nest] 14660  - [39m10/05/2026, 6:22:40 pm [32m    LOG[39m [38;5;3m[NestFactory] [39m[32mStarting Nest application...[39m
2026-05-10 18:22:43: [32m[Nest] 10188  - [39m10/05/2026, 6:22:43 pm [32m    LOG[39m [38;5;3m[NestFactory] [39m[32mStarting Nest application...[39m
2026-05-10 18:22:46: [32m[Nest] 35556  - [39m10/05/2026, 6:22:46 pm [32m    LOG[39m [38;5;3m[NestFactory] [39m[32mStarting Nest application...[39m
2026-05-10 18:22:48: [32m[Nest] 30168  - [39m10/05/2026, 6:22:48 pm [32m    LOG[39m [38;5;3m[NestFactory] [39m[32mStarting Nest application...[39m
2026-05-10 18:22:54: [32m[Nest] 14180  - [39m10/05/2026, 6:22:54 pm [32m    LOG[39m [38;5;3m[NestFactory] [39m[32mStarting Nest application...[39m
2026-05-10 18:22:58: [32m[Nest] 24012  - [39m10/05/2026, 6:22:58 pm [32m    LOG[39m [38;5;3m[NestFactory] [39m[32mStarting Nest application...[39m
2026-05-10 18:23:01: [32m[Nest] 7084  - [39m10/05/2026, 6:23:01 pm [32m    LOG[39m [38;5;3m[NestFactory] [39m[32mStarting Nest application...[39m
2026-05-10 18:23:04: [32m[Nest] 10872  - [39m10/05/2026, 6:23:04 pm [32m    LOG[39m [38;5;3m[NestFactory] [39m[32mStarting Nest application...[39m
2026-05-10 18:23:07: [32m[Nest] 20880  - [39m10/05/2026, 6:23:07 pm [32m    LOG[39m [38;5;3m[NestFactory] [39m[32mStarting Nest application...[39m
2026-05-10 18:23:10: [32m[Nest] 16736  - [39m10/05/2026, 6:23:10 pm [32m    LOG[39m [38;5;3m[NestFactory] [39m[32mStarting Nest application...[39m
2026-05-10 18:23:15: [32m[Nest] 19576  - [39m10/05/2026, 6:23:15 pm [32m    LOG[39m [38;5;3m[NestFactory] [39m[32mStarting Nest application...[39m
2026-05-10 18:23:17: [32m[Nest] 33712  - [39m10/05/2026, 6:23:17 pm [32m    LOG[39m [38;5;3m[NestFactory] [39m[32mStarting Nest application...[39m
2026-05-10 18:23:20: [32m[Nest] 22724  - [39m10/05/2026, 6:23:20 pm [32m    LOG[39m [38;5;3m[NestFactory] [39m[32mStarting Nest application...[39m
2026-05-10 18:23:23: [32m[Nest] 12632  - [39m10/05/2026, 6:23:23 pm [32m    LOG[39m [38;5;3m[NestFactory] [39m[32mStarting Nest application...[39m
2026-05-10 18:23:26: [32m[Nest] 22908  - [39m10/05/2026, 6:23:26 pm [32m    LOG[39m [38;5;3m[NestFactory] [39m[32mStarting Nest application...[39m
2026-05-10 18:23:28: [32m[Nest] 29788  - [39m10/05/2026, 6:23:28 pm [32m    LOG[39m [38;5;3m[NestFactory] [39m[32mStarting Nest application...[39m
2026-05-10 18:23:31: [32m[Nest] 33280  - [39m10/05/2026, 6:23:31 pm [32m    LOG[39m [38;5;3m[NestFactory] [39m[32mStarting Nest application...[39m
2026-05-10 18:23:33: [32m[Nest] 35176  - [39m10/05/2026, 6:23:33 pm [32m    LOG[39m [38;5;3m[NestFactory] [39m[32mStarting Nest application...[39m
2026-05-10 18:23:35: [32m[Nest] 31476  - [39m10/05/2026, 6:23:35 pm [32m    LOG[39m [38;5;3m[NestFactory] [39m[32mStarting Nest application...[39m
2026-05-10 18:23:38: [32m[Nest] 34564  - [39m10/05/2026, 6:23:38 pm [32m    LOG[39m [38;5;3m[NestFactory] [39m[32mStarting Nest application...[39m
2026-05-10 18:23:42: [32m[Nest] 24120  - [39m10/05/2026, 6:23:42 pm [32m    LOG[39m [38;5;3m[NestFactory] [39m[32mStarting Nest application...[39m
2026-05-10 18:23:49: [32m[Nest] 26960  - [39m10/05/2026, 6:23:49 pm [32m    LOG[39m [38;5;3m[NestFactory] [39m[32mStarting Nest application...[39m
2026-05-10 18:23:53: [32m[Nest] 18120  - [39m10/05/2026, 6:23:53 pm [32m    LOG[39m [38;5;3m[NestFactory] [39m[32mStarting Nest application...[39m
2026-05-10 18:23:56: [32m[Nest] 18132  - [39m10/05/2026, 6:23:56 pm [32m    LOG[39m [38;5;3m[NestFactory] [39m[32mStarting Nest application...[39m
2026-05-10 18:24:00: [32m[Nest] 5188  - [39m10/05/2026, 6:24:00 pm [32m    LOG[39m [38;5;3m[NestFactory] [39m[32mStarting Nest application...[39m
2026-05-10 18:24:04: [32m[Nest] 27080  - [39m10/05/2026, 6:24:04 pm [32m    LOG[39m [38;5;3m[NestFactory] [39m[32mStarting Nest application...[39m
2026-05-10 18:24:07: [32m[Nest] 20584  - [39m10/05/2026, 6:24:07 pm [32m    LOG[39m [38;5;3m[NestFactory] [39m[32mStarting Nest application...[39m
2026-05-10 18:24:10: [32m[Nest] 25804  - [39m10/05/2026, 6:24:10 pm [32m    LOG[39m [38;5;3m[NestFactory] [39m[32mStarting Nest application...[39m
2026-05-10 18:24:13: [32m[Nest] 16672  - [39m10/05/2026, 6:24:13 pm [32m    LOG[39m [38;5;3m[NestFactory] [39m[32mStarting Nest application...[39m
2026-05-10 18:24:16: [32m[Nest] 34880  - [39m10/05/2026, 6:24:16 pm [32m    LOG[39m [38;5;3m[NestFactory] [39m[32mStarting Nest application...[39m
2026-05-10 18:24:19: [32m[Nest] 22044  - [39m10/05/2026, 6:24:19 pm [32m    LOG[39m [38;5;3m[NestFactory] [39m[32mStarting Nest application...[39m
2026-05-10 18:24:24: [32m[Nest] 20332  - [39m10/05/2026, 6:24:24 pm [32m    LOG[39m [38;5;3m[NestFactory] [39m[32mStarting Nest application...[39m
2026-05-10 18:24:28: [32m[Nest] 23312  - [39m10/05/2026, 6:24:28 pm [32m    LOG[39m [38;5;3m[NestFactory] [39m[32mStarting Nest application...[39m
2026-05-10 18:24:31: [32m[Nest] 28828  - [39m10/05/2026, 6:24:31 pm [32m    LOG[39m [38;5;3m[NestFactory] [39m[32mStarting Nest application...[39m
2026-05-10 18:24:33: [32m[Nest] 26552  - [39m10/05/2026, 6:24:33 pm [32m    LOG[39m [38;5;3m[NestFactory] [39m[32mStarting Nest application...[39m
2026-05-10 18:24:36: [32m[Nest] 2720  - [39m10/05/2026, 6:24:36 pm [32m    LOG[39m [38;5;3m[NestFactory] [39m[32mStarting Nest application...[39m
2026-05-10 18:24:38: [32m[Nest] 27524  - [39m10/05/2026, 6:24:38 pm [32m    LOG[39m [38;5;3m[NestFactory] [39m[32mStarting Nest application...[39m
2026-05-10 18:24:41: [32m[Nest] 35768  - [39m10/05/2026, 6:24:41 pm [32m    LOG[39m [38;5;3m[NestFactory] [39m[32mStarting Nest application...[39m
2026-05-10 18:24:43: [32m[Nest] 10500  - [39m10/05/2026, 6:24:43 pm [32m    LOG[39m [38;5;3m[NestFactory] [39m[32mStarting Nest application...[39m
2026-05-10 18:24:45: [32m[Nest] 34232  - [39m10/05/2026, 6:24:45 pm [32m    LOG[39m [38;5;3m[NestFactory] [39m[32mStarting Nest application...[39m
2026-05-10 18:24:48: [32m[Nest] 33996  - [39m10/05/2026, 6:24:48 pm [32m    LOG[39m [38;5;3m[NestFactory] [39m[32mStarting Nest application...[39m
2026-05-10 18:24:50: [32m[Nest] 9512  - [39m10/05/2026, 6:24:50 pm [32m    LOG[39m [38;5;3m[NestFactory] [39m[32mStarting Nest application...[39m
2026-05-10 18:24:53: [32m[Nest] 28400  - [39m10/05/2026, 6:24:53 pm [32m    LOG[39m [38;5;3m[NestFactory] [39m[32mStarting Nest application...[39m
2026-05-10 18:24:55: [32m[Nest] 23632  - [39m10/05/2026, 6:24:55 pm [32m    LOG[39m [38;5;3m[NestFactory] [39m[32mStarting Nest application...[39m
2026-05-10 18:24:57: [32m[Nest] 19172  - [39m10/05/2026, 6:24:57 pm [32m    LOG[39m [38;5;3m[NestFactory] [39m[32mStarting Nest application...[39m
2026-05-10 18:25:00: [32m[Nest] 34472  - [39m10/05/2026, 6:25:00 pm [32m    LOG[39m [38;5;3m[NestFactory] [39m[32mStarting Nest application...[39m
2026-05-10 18:25:02: [32m[Nest] 33276  - [39m10/05/2026, 6:25:02 pm [32m    LOG[39m [38;5;3m[NestFactory] [39m[32mStarting Nest application...[39m
2026-05-10 18:25:04: [32m[Nest] 13396  - [39m10/05/2026, 6:25:04 pm [32m    LOG[39m [38;5;3m[NestFactory] [39m[32mStarting Nest application...[39m
2026-05-10 18:25:06: [32m[Nest] 17600  - [39m10/05/2026, 6:25:06 pm [32m    LOG[39m [38;5;3m[NestFactory] [39m[32mStarting Nest application...[39m
2026-05-10 18:25:08: [32m[Nest] 11300  - [39m10/05/2026, 6:25:08 pm [32m    LOG[39m [38;5;3m[NestFactory] [39m[32mStarting Nest application...[39m
2026-05-10 18:25:11: [32m[Nest] 30380  - [39m10/05/2026, 6:25:11 pm [32m    LOG[39m [38;5;3m[NestFactory] [39m[32mStarting Nest application...[39m
2026-05-10 18:25:14: [32m[Nest] 17588  - [39m10/05/2026, 6:25:14 pm [32m    LOG[39m [38;5;3m[NestFactory] [39m[32mStarting Nest application...[39m
2026-05-10 18:25:16: [32m[Nest] 16996  - [39m10/05/2026, 6:25:16 pm [32m    LOG[39m [38;5;3m[NestFactory] [39m[32mStarting Nest application...[39m
2026-05-10 18:25:19: [32m[Nest] 35796  - [39m10/05/2026, 6:25:19 pm [32m    LOG[39m [38;5;3m[NestFactory] [39m[32mStarting Nest application...[39m
2026-05-10 18:25:23: [32m[Nest] 30896  - [39m10/05/2026, 6:25:23 pm [32m    LOG[39m [38;5;3m[NestFactory] [39m[32mStarting Nest application...[39m
2026-05-10 18:25:28: [32m[Nest] 28664  - [39m10/05/2026, 6:25:28 pm [32m    LOG[39m [38;5;3m[NestFactory] [39m[32mStarting Nest application...[39m
2026-05-10 18:25:31: [32m[Nest] 19500  - [39m10/05/2026, 6:25:31 pm [32m    LOG[39m [38;5;3m[NestFactory] [39m[32mStarting Nest application...[39m
2026-05-10 18:25:34: [32m[Nest] 18232  - [39m10/05/2026, 6:25:34 pm [32m    LOG[39m [38;5;3m[NestFactory] [39m[32mStarting Nest application...[39m
2026-05-10 18:25:36: [32m[Nest] 12056  - [39m10/05/2026, 6:25:36 pm [32m    LOG[39m [38;5;3m[NestFactory] [39m[32mStarting Nest application...[39m
2026-05-10 18:25:39: [32m[Nest] 23944  - [39m10/05/2026, 6:25:39 pm [32m    LOG[39m [38;5;3m[NestFactory] [39m[32mStarting Nest application...[39m
2026-05-10 18:25:41: [32m[Nest] 27376  - [39m10/05/2026, 6:25:41 pm [32m    LOG[39m [38;5;3m[NestFactory] [39m[32mStarting Nest application...[39m
2026-05-10 18:25:44: [32m[Nest] 14532  - [39m10/05/2026, 6:25:44 pm [32m    LOG[39m [38;5;3m[NestFactory] [39m[32mStarting Nest application...[39m
2026-05-10 18:25:47: [32m[Nest] 23200  - [39m10/05/2026, 6:25:47 pm [32m    LOG[39m [38;5;3m[NestFactory] [39m[32mStarting Nest application...[39m
2026-05-10 18:25:50: [32m[Nest] 29760  - [39m10/05/2026, 6:25:50 pm [32m    LOG[39m [38;5;3m[NestFactory] [39m[32mStarting Nest application...[39m
2026-05-10 18:25:53: [32m[Nest] 30460  - [39m10/05/2026, 6:25:53 pm [32m    LOG[39m [38;5;3m[NestFactory] [39m[32mStarting Nest application...[39m
2026-05-10 18:25:56: [32m[Nest] 12548  - [39m10/05/2026, 6:25:56 pm [32m    LOG[39m [38;5;3m[NestFactory] [39m[32mStarting Nest application...[39m
2026-05-10 18:25:59: [32m[Nest] 35672  - [39m10/05/2026, 6:25:59 pm [32m    LOG[39m [38;5;3m[NestFactory] [39m[32mStarting Nest application...[39m
2026-05-10 18:26:01: [32m[Nest] 13760  - [39m10/05/2026, 6:26:01 pm [32m    LOG[39m [38;5;3m[NestFactory] [39m[32mStarting Nest application...[39m
2026-05-10 18:26:04: [32m[Nest] 31148  - [39m10/05/2026, 6:26:04 pm [32m    LOG[39m [38;5;3m[NestFactory] [39m[32mStarting Nest application...[39m
2026-05-10 18:26:06: [32m[Nest] 27800  - [39m10/05/2026, 6:26:06 pm [32m    LOG[39m [38;5;3m[NestFactory] [39m[32mStarting Nest application...[39m
2026-05-10 18:26:09: [32m[Nest] 14820  - [39m10/05/2026, 6:26:09 pm [32m    LOG[39m [38;5;3m[NestFactory] [39m[32mStarting Nest application...[39m
2026-05-10 18:26:16: [32m[Nest] 35524  - [39m10/05/2026, 6:26:16 pm [32m    LOG[39m [38;5;3m[NestFactory] [39m[32mStarting Nest application...[39m
2026-05-10 18:26:20: [32m[Nest] 24272  - [39m10/05/2026, 6:26:20 pm [32m    LOG[39m [38;5;3m[NestFactory] [39m[32mStarting Nest application...[39m
2026-05-10 18:26:24: [32m[Nest] 4092  - [39m10/05/2026, 6:26:24 pm [32m    LOG[39m [38;5;3m[NestFactory] [39m[32mStarting Nest application...[39m
2026-05-10 18:26:28: [32m[Nest] 16724  - [39m10/05/2026, 6:26:28 pm [32m    LOG[39m [38;5;3m[NestFactory] [39m[32mStarting Nest application...[39m
2026-05-10 18:26:32: [32m[Nest] 4984  - [39m10/05/2026, 6:26:32 pm [32m    LOG[39m [38;5;3m[NestFactory] [39m[32mStarting Nest application...[39m
2026-05-10 18:26:35: [32m[Nest] 22612  - [39m10/05/2026, 6:26:35 pm [32m    LOG[39m [38;5;3m[NestFactory] [39m[32mStarting Nest application...[39m
2026-05-10 18:26:37: [32m[Nest] 12552  - [39m10/05/2026, 6:26:37 pm [32m    LOG[39m [38;5;3m[NestFactory] [39m[32mStarting Nest application...[39m
2026-05-10 18:26:40: [32m[Nest] 20136  - [39m10/05/2026, 6:26:40 pm [32m    LOG[39m [38;5;3m[NestFactory] [39m[32mStarting Nest application...[39m
2026-05-10 18:26:44: [32m[Nest] 30452  - [39m10/05/2026, 6:26:44 pm [32m    LOG[39m [38;5;3m[NestFactory] [39m[32mStarting Nest application...[39m
2026-05-10 18:26:46: [32m[Nest] 6332  - [39m10/05/2026, 6:26:46 pm [32m    LOG[39m [38;5;3m[NestFactory] [39m[32mStarting Nest application...[39m
2026-05-10 18:26:49: [32m[Nest] 12996  - [39m10/05/2026, 6:26:49 pm [32m    LOG[39m [38;5;3m[NestFactory] [39m[32mStarting Nest application...[39m
2026-05-10 18:26:52: [32m[Nest] 30216  - [39m10/05/2026, 6:26:52 pm [32m    LOG[39m [38;5;3m[NestFactory] [39m[32mStarting Nest application...[39m
2026-05-10 18:26:55: [32m[Nest] 35544  - [39m10/05/2026, 6:26:55 pm [32m    LOG[39m [38;5;3m[NestFactory] [39m[32mStarting Nest application...[39m
2026-05-10 18:26:57: [32m[Nest] 4572  - [39m10/05/2026, 6:26:57 pm [32m    LOG[39m [38;5;3m[NestFactory] [39m[32mStarting Nest application...[39m
2026-05-10 18:26:59: [32m[Nest] 25200  - [39m10/05/2026, 6:26:59 pm [32m    LOG[39m [38;5;3m[NestFactory] [39m[32mStarting Nest application...[39m
2026-05-10 18:27:02: [32m[Nest] 17900  - [39m10/05/2026, 6:27:02 pm [32m    LOG[39m [38;5;3m[NestFactory] [39m[32mStarting Nest application...[39m
2026-05-10 18:27:04: [32m[Nest] 15608  - [39m10/05/2026, 6:27:04 pm [32m    LOG[39m [38;5;3m[NestFactory] [39m[32mStarting Nest application...[39m
2026-05-10 18:27:07: [32m[Nest] 35216  - [39m10/05/2026, 6:27:07 pm [32m    LOG[39m [38;5;3m[NestFactory] [39m[32mStarting Nest application...[39m
2026-05-10 18:27:09: [32m[Nest] 35580  - [39m10/05/2026, 6:27:09 pm [32m    LOG[39m [38;5;3m[NestFactory] [39m[32mStarting Nest application...[39m
2026-05-10 18:27:12: [32m[Nest] 14756  - [39m10/05/2026, 6:27:12 pm [32m    LOG[39m [38;5;3m[NestFactory] [39m[32mStarting Nest application...[39m
2026-05-10 18:27:15: [32m[Nest] 31424  - [39m10/05/2026, 6:27:15 pm [32m    LOG[39m [38;5;3m[NestFactory] [39m[32mStarting Nest application...[39m
2026-05-10 18:27:17: [32m[Nest] 31808  - [39m10/05/2026, 6:27:17 pm [32m    LOG[39m [38;5;3m[NestFactory] [39m[32mStarting Nest application...[39m
2026-05-10 18:27:19: [32m[Nest] 31188  - [39m10/05/2026, 6:27:19 pm [32m    LOG[39m [38;5;3m[NestFactory] [39m[32mStarting Nest application...[39m
2026-05-10 18:27:22: [32m[Nest] 33716  - [39m10/05/2026, 6:27:22 pm [32m    LOG[39m [38;5;3m[NestFactory] [39m[32mStarting Nest application...[39m
2026-05-10 18:27:24: [32m[Nest] 24084  - [39m10/05/2026, 6:27:24 pm [32m    LOG[39m [38;5;3m[NestFactory] [39m[32mStarting Nest application...[39m
2026-05-10 18:27:27: [32m[Nest] 28020  - [39m10/05/2026, 6:27:27 pm [32m    LOG[39m [38;5;3m[NestFactory] [39m[32mStarting Nest application...[39m
2026-05-10 18:27:29: [32m[Nest] 31036  - [39m10/05/2026, 6:27:29 pm [32m    LOG[39m [38;5;3m[NestFactory] [39m[32mStarting Nest application...[39m
2026-05-10 18:27:31: [32m[Nest] 31352  - [39m10/05/2026, 6:27:31 pm [32m    LOG[39m [38;5;3m[NestFactory] [39m[32mStarting Nest application...[39m
2026-05-10 18:27:34: [32m[Nest] 14348  - [39m10/05/2026, 6:27:34 pm [32m    LOG[39m [38;5;3m[NestFactory] [39m[32mStarting Nest application...[39m
2026-05-10 18:27:36: [32m[Nest] 30652  - [39m10/05/2026, 6:27:36 pm [32m    LOG[39m [38;5;3m[NestFactory] [39m[32mStarting Nest application...[39m
2026-05-10 18:27:39: [32m[Nest] 35256  - [39m10/05/2026, 6:27:39 pm [32m    LOG[39m [38;5;3m[NestFactory] [39m[32mStarting Nest application...[39m
2026-05-10 18:27:42: [32m[Nest] 32396  - [39m10/05/2026, 6:27:42 pm [32m    LOG[39m [38;5;3m[NestFactory] [39m[32mStarting Nest application...[39m
2026-05-10 18:27:44: [32m[Nest] 25624  - [39m10/05/2026, 6:27:44 pm [32m    LOG[39m [38;5;3m[NestFactory] [39m[32mStarting Nest application...[39m
2026-05-10 18:27:47: [32m[Nest] 31932  - [39m10/05/2026, 6:27:47 pm [32m    LOG[39m [38;5;3m[NestFactory] [39m[32mStarting Nest application...[39m
2026-05-10 18:27:49: [32m[Nest] 28012  - [39m10/05/2026, 6:27:49 pm [32m    LOG[39m [38;5;3m[NestFactory] [39m[32mStarting Nest application...[39m
2026-05-10 18:27:51: [32m[Nest] 26244  - [39m10/05/2026, 6:27:51 pm [32m    LOG[39m [38;5;3m[NestFactory] [39m[32mStarting Nest application...[39m
2026-05-10 18:27:54: [32m[Nest] 34184  - [39m10/05/2026, 6:27:54 pm [32m    LOG[39m [38;5;3m[NestFactory] [39m[32mStarting Nest application...[39m
2026-05-10 18:27:56: [32m[Nest] 25620  - [39m10/05/2026, 6:27:56 pm [32m    LOG[39m [38;5;3m[NestFactory] [39m[32mStarting Nest application...[39m
2026-05-10 18:27:58: [32m[Nest] 35584  - [39m10/05/2026, 6:27:58 pm [32m    LOG[39m [38;5;3m[NestFactory] [39m[32mStarting Nest application...[39m
2026-05-10 18:28:01: [32m[Nest] 28272  - [39m10/05/2026, 6:28:01 pm [32m    LOG[39m [38;5;3m[NestFactory] [39m[32mStarting Nest application...[39m
2026-05-10 18:28:04: [32m[Nest] 9196  - [39m10/05/2026, 6:28:04 pm [32m    LOG[39m [38;5;3m[NestFactory] [39m[32mStarting Nest application...[39m
2026-05-10 18:28:07: [32m[Nest] 33960  - [39m10/05/2026, 6:28:07 pm [32m    LOG[39m [38;5;3m[NestFactory] [39m[32mStarting Nest application...[39m
2026-05-10 18:28:10: [32m[Nest] 28060  - [39m10/05/2026, 6:28:10 pm [32m    LOG[39m [38;5;3m[NestFactory] [39m[32mStarting Nest application...[39m
2026-05-10 18:28:15: [32m[Nest] 13676  - [39m10/05/2026, 6:28:15 pm [32m    LOG[39m [38;5;3m[NestFactory] [39m[32mStarting Nest application...[39m
2026-05-10 18:28:18: [32m[Nest] 31148  - [39m10/05/2026, 6:28:18 pm [32m    LOG[39m [38;5;3m[NestFactory] [39m[32mStarting Nest application...[39m
2026-05-10 18:28:21: [32m[Nest] 35692  - [39m10/05/2026, 6:28:21 pm [32m    LOG[39m [38;5;3m[NestFactory] [39m[32mStarting Nest application...[39m
2026-05-10 18:28:24: [32m[Nest] 28800  - [39m10/05/2026, 6:28:24 pm [32m    LOG[39m [38;5;3m[NestFactory] [39m[32mStarting Nest application...[39m
2026-05-10 18:28:27: [32m[Nest] 29276  - [39m10/05/2026, 6:28:27 pm [32m    LOG[39m [38;5;3m[NestFactory] [39m[32mStarting Nest application...[39m
2026-05-10 18:28:30: [32m[Nest] 25800  - [39m10/05/2026, 6:28:30 pm [32m    LOG[39m [38;5;3m[NestFactory] [39m[32mStarting Nest application...[39m
2026-05-10 18:28:33: [32m[Nest] 34356  - [39m10/05/2026, 6:28:33 pm [32m    LOG[39m [38;5;3m[NestFactory] [39m[32mStarting Nest application...[39m
2026-05-10 18:28:36: [32m[Nest] 35456  - [39m10/05/2026, 6:28:36 pm [32m    LOG[39m [38;5;3m[NestFactory] [39m[32mStarting Nest application...[39m
2026-05-10 18:28:39: [32m[Nest] 26800  - [39m10/05/2026, 6:28:39 pm [32m    LOG[39m [38;5;3m[NestFactory] [39m[32mStarting Nest application...[39m
2026-05-10 18:28:42: [32m[Nest] 30012  - [39m10/05/2026, 6:28:42 pm [32m    LOG[39m [38;5;3m[NestFactory] [39m[32mStarting Nest application...[39m
2026-05-10 18:28:44: [32m[Nest] 23052  - [39m10/05/2026, 6:28:44 pm [32m    LOG[39m [38;5;3m[NestFactory] [39m[32mStarting Nest application...[39m
2026-05-10 18:28:47: [32m[Nest] 10040  - [39m10/05/2026, 6:28:47 pm [32m    LOG[39m [38;5;3m[NestFactory] [39m[32mStarting Nest application...[39m
2026-05-10 18:28:50: [32m[Nest] 10804  - [39m10/05/2026, 6:28:50 pm [32m    LOG[39m [38;5;3m[NestFactory] [39m[32mStarting Nest application...[39m
2026-05-10 18:28:52: [32m[Nest] 31564  - [39m10/05/2026, 6:28:52 pm [32m    LOG[39m [38;5;3m[NestFactory] [39m[32mStarting Nest application...[39m
2026-05-10 18:28:55: [32m[Nest] 31496  - [39m10/05/2026, 6:28:55 pm [32m    LOG[39m [38;5;3m[NestFactory] [39m[32mStarting Nest application...[39m
2026-05-10 18:28:57: [32m[Nest] 25804  - [39m10/05/2026, 6:28:57 pm [32m    LOG[39m [38;5;3m[NestFactory] [39m[32mStarting Nest application...[39m
2026-05-10 18:29:00: [32m[Nest] 31244  - [39m10/05/2026, 6:29:00 pm [32m    LOG[39m [38;5;3m[NestFactory] [39m[32mStarting Nest application...[39m
2026-05-10 18:29:02: [32m[Nest] 8504  - [39m10/05/2026, 6:29:02 pm [32m    LOG[39m [38;5;3m[NestFactory] [39m[32mStarting Nest application...[39m
2026-05-10 18:29:05: [32m[Nest] 31612  - [39m10/05/2026, 6:29:05 pm [32m    LOG[39m [38;5;3m[NestFactory] [39m[32mStarting Nest application...[39m
2026-05-10 18:29:07: [32m[Nest] 24800  - [39m10/05/2026, 6:29:07 pm [32m    LOG[39m [38;5;3m[NestFactory] [39m[32mStarting Nest application...[39m
2026-05-10 18:29:10: [32m[Nest] 31016  - [39m10/05/2026, 6:29:10 pm [32m    LOG[39m [38;5;3m[NestFactory] [39m[32mStarting Nest application...[39m
2026-05-10 18:29:12: [32m[Nest] 33180  - [39m10/05/2026, 6:29:12 pm [32m    LOG[39m [38;5;3m[NestFactory] [39m[32mStarting Nest application...[39m
2026-05-10 18:29:15: [32m[Nest] 35252  - [39m10/05/2026, 6:29:15 pm [32m    LOG[39m [38;5;3m[NestFactory] [39m[32mStarting Nest application...[39m
2026-05-10 18:29:17: [32m[Nest] 26552  - [39m10/05/2026, 6:29:17 pm [32m    LOG[39m [38;5;3m[NestFactory] [39m[32mStarting Nest application...[39m
2026-05-10 18:29:19: [32m[Nest] 3912  - [39m10/05/2026, 6:29:19 pm [32m    LOG[39m [38;5;3m[NestFactory] [39m[32mStarting Nest application...[39m
2026-05-10 18:29:21: [32m[Nest] 6744  - [39m10/05/2026, 6:29:21 pm [32m    LOG[39m [38;5;3m[NestFactory] [39m[32mStarting Nest application...[39m
2026-05-10 18:29:23: [32m[Nest] 22368  - [39m10/05/2026, 6:29:23 pm [32m    LOG[39m [38;5;3m[NestFactory] [39m[32mStarting Nest application...[39m
2026-05-10 18:29:26: [32m[Nest] 30828  - [39m10/05/2026, 6:29:26 pm [32m    LOG[39m [38;5;3m[NestFactory] [39m[32mStarting Nest application...[39m
2026-05-10 18:29:29: [32m[Nest] 28292  - [39m10/05/2026, 6:29:29 pm [32m    LOG[39m [38;5;3m[NestFactory] [39m[32mStarting Nest application...[39m
2026-05-10 18:29:32: [32m[Nest] 34652  - [39m10/05/2026, 6:29:32 pm [32m    LOG[39m [38;5;3m[NestFactory] [39m[32mStarting Nest application...[39m
2026-05-10 18:29:35: [32m[Nest] 24984  - [39m10/05/2026, 6:29:35 pm [32m    LOG[39m [38;5;3m[NestFactory] [39m[32mStarting Nest application...[39m
2026-05-10 18:29:38: [32m[Nest] 34808  - [39m10/05/2026, 6:29:38 pm [32m    LOG[39m [38;5;3m[NestFactory] [39m[32mStarting Nest application...[39m
2026-05-10 18:29:40: [32m[Nest] 22884  - [39m10/05/2026, 6:29:40 pm [32m    LOG[39m [38;5;3m[NestFactory] [39m[32mStarting Nest application...[39m
2026-05-10 18:29:43: [32m[Nest] 14684  - [39m10/05/2026, 6:29:43 pm [32m    LOG[39m [38;5;3m[NestFactory] [39m[32mStarting Nest application...[39m
2026-05-10 18:29:45: [32m[Nest] 26304  - [39m10/05/2026, 6:29:45 pm [32m    LOG[39m [38;5;3m[NestFactory] [39m[32mStarting Nest application...[39m
2026-05-10 18:29:48: [32m[Nest] 28908  - [39m10/05/2026, 6:29:48 pm [32m    LOG[39m [38;5;3m[NestFactory] [39m[32mStarting Nest application...[39m
2026-05-10 18:29:50: [32m[Nest] 35668  - [39m10/05/2026, 6:29:50 pm [32m    LOG[39m [38;5;3m[NestFactory] [39m[32mStarting Nest application...[39m
2026-05-10 18:29:53: [32m[Nest] 27724  - [39m10/05/2026, 6:29:53 pm [32m    LOG[39m [38;5;3m[NestFactory] [39m[32mStarting Nest application...[39m
2026-05-10 18:29:55: [32m[Nest] 25344  - [39m10/05/2026, 6:29:55 pm [32m    LOG[39m [38;5;3m[NestFactory] [39m[32mStarting Nest application...[39m
2026-05-10 18:29:58: [32m[Nest] 3740  - [39m10/05/2026, 6:29:58 pm [32m    LOG[39m [38;5;3m[NestFactory] [39m[32mStarting Nest application...[39m
2026-05-10 18:30:01: [32m[Nest] 29940  - [39m10/05/2026, 6:30:01 pm [32m    LOG[39m [38;5;3m[NestFactory] [39m[32mStarting Nest application...[39m
2026-05-10 18:30:03: [32m[Nest] 29128  - [39m10/05/2026, 6:30:03 pm [32m    LOG[39m [38;5;3m[NestFactory] [39m[32mStarting Nest application...[39m
2026-05-10 18:30:05: [32m[Nest] 27252  - [39m10/05/2026, 6:30:05 pm [32m    LOG[39m [38;5;3m[NestFactory] [39m[32mStarting Nest application...[39m
2026-05-10 18:30:08: [32m[Nest] 33396  - [39m10/05/2026, 6:30:08 pm [32m    LOG[39m [38;5;3m[NestFactory] [39m[32mStarting Nest application...[39m
2026-05-10 18:30:11: [32m[Nest] 28140  - [39m10/05/2026, 6:30:11 pm [32m    LOG[39m [38;5;3m[NestFactory] [39m[32mStarting Nest application...[39m
2026-05-10 18:30:13: [32m[Nest] 33688  - [39m10/05/2026, 6:30:13 pm [32m    LOG[39m [38;5;3m[NestFactory] [39m[32mStarting Nest application...[39m
2026-05-10 18:30:16: [32m[Nest] 3844  - [39m10/05/2026, 6:30:16 pm [32m    LOG[39m [38;5;3m[NestFactory] [39m[32mStarting Nest application...[39m
2026-05-10 18:30:19: [32m[Nest] 35136  - [39m10/05/2026, 6:30:19 pm [32m    LOG[39m [38;5;3m[NestFactory] [39m[32mStarting Nest application...[39m
2026-05-10 18:30:22: [32m[Nest] 35052  - [39m10/05/2026, 6:30:22 pm [32m    LOG[39m [38;5;3m[NestFactory] [39m[32mStarting Nest application...[39m
2026-05-10 18:30:25: [32m[Nest] 5300  - [39m10/05/2026, 6:30:25 pm [32m    LOG[39m [38;5;3m[NestFactory] [39m[32mStarting Nest application...[39m
2026-05-10 18:30:27: [32m[Nest] 31424  - [39m10/05/2026, 6:30:27 pm [32m    LOG[39m [38;5;3m[NestFactory] [39m[32mStarting Nest application...[39m
2026-05-10 18:30:30: [32m[Nest] 35724  - [39m10/05/2026, 6:30:30 pm [32m    LOG[39m [38;5;3m[NestFactory] [39m[32mStarting Nest application...[39m
2026-05-10 18:30:32: [32m[Nest] 34144  - [39m10/05/2026, 6:30:32 pm [32m    LOG[39m [38;5;3m[NestFactory] [39m[32mStarting Nest application...[39m
2026-05-10 18:30:35: [32m[Nest] 28224  - [39m10/05/2026, 6:30:35 pm [32m    LOG[39m [38;5;3m[NestFactory] [39m[32mStarting Nest application...[39m
2026-05-10 18:30:37: [32m[Nest] 8636  - [39m10/05/2026, 6:30:37 pm [32m    LOG[39m [38;5;3m[NestFactory] [39m[32mStarting Nest application...[39m
2026-05-10 18:30:40: [32m[Nest] 9924  - [39m10/05/2026, 6:30:40 pm [32m    LOG[39m [38;5;3m[NestFactory] [39m[32mStarting Nest application...[39m
2026-05-10 18:30:42: [32m[Nest] 24796  - [39m10/05/2026, 6:30:42 pm [32m    LOG[39m [38;5;3m[NestFactory] [39m[32mStarting Nest application...[39m
2026-05-10 18:30:45: [32m[Nest] 21220  - [39m10/05/2026, 6:30:45 pm [32m    LOG[39m [38;5;3m[NestFactory] [39m[32mStarting Nest application...[39m
2026-05-10 18:30:47: [32m[Nest] 28120  - [39m10/05/2026, 6:30:47 pm [32m    LOG[39m [38;5;3m[NestFactory] [39m[32mStarting Nest application...[39m
2026-05-10 18:30:50: [32m[Nest] 18572  - [39m10/05/2026, 6:30:50 pm [32m    LOG[39m [38;5;3m[NestFactory] [39m[32mStarting Nest application...[39m
2026-05-10 18:30:52: [32m[Nest] 30812  - [39m10/05/2026, 6:30:52 pm [32m    LOG[39m [38;5;3m[NestFactory] [39m[32mStarting Nest application...[39m
2026-05-10 18:30:54: [32m[Nest] 30604  - [39m10/05/2026, 6:30:54 pm [32m    LOG[39m [38;5;3m[NestFactory] [39m[32mStarting Nest application...[39m
2026-05-10 18:30:56: [32m[Nest] 13452  - [39m10/05/2026, 6:30:56 pm [32m    LOG[39m [38;5;3m[NestFactory] [39m[32mStarting Nest application...[39m
2026-05-10 18:30:58: [32m[Nest] 24848  - [39m10/05/2026, 6:30:58 pm [32m    LOG[39m [38;5;3m[NestFactory] [39m[32mStarting Nest application...[39m
2026-05-10 18:31:00: [32m[Nest] 28696  - [39m10/05/2026, 6:31:00 pm [32m    LOG[39m [38;5;3m[NestFactory] [39m[32mStarting Nest application...[39m
2026-05-10 18:31:02: [32m[Nest] 33524  - [39m10/05/2026, 6:31:02 pm [32m    LOG[39m [38;5;3m[NestFactory] [39m[32mStarting Nest application...[39m
2026-05-10 18:31:04: [32m[Nest] 4552  - [39m10/05/2026, 6:31:04 pm [32m    LOG[39m [38;5;3m[NestFactory] [39m[32mStarting Nest application...[39m
2026-05-10 18:31:06: [32m[Nest] 29828  - [39m10/05/2026, 6:31:06 pm [32m    LOG[39m [38;5;3m[NestFactory] [39m[32mStarting Nest application...[39m
2026-05-10 18:31:08: [32m[Nest] 12552  - [39m10/05/2026, 6:31:08 pm [32m    LOG[39m [38;5;3m[NestFactory] [39m[32mStarting Nest application...[39m
2026-05-10 18:31:10: [32m[Nest] 32200  - [39m10/05/2026, 6:31:10 pm [32m    LOG[39m [38;5;3m[NestFactory] [39m[32mStarting Nest application...[39m
2026-05-10 18:31:12: [32m[Nest] 17540  - [39m10/05/2026, 6:31:12 pm [32m    LOG[39m [38;5;3m[NestFactory] [39m[32mStarting Nest application...[39m
2026-05-10 18:31:14: [32m[Nest] 25776  - [39m10/05/2026, 6:31:14 pm [32m    LOG[39m [38;5;3m[NestFactory] [39m[32mStarting Nest application...[39m
2026-05-10 18:31:16: [32m[Nest] 16456  - [39m10/05/2026, 6:31:16 pm [32m    LOG[39m [38;5;3m[NestFactory] [39m[32mStarting Nest application...[39m
2026-05-10 18:31:18: [32m[Nest] 17720  - [39m10/05/2026, 6:31:18 pm [32m    LOG[39m [38;5;3m[NestFactory] [39m[32mStarting Nest application...[39m
2026-05-10 18:31:20: [32m[Nest] 25768  - [39m10/05/2026, 6:31:20 pm [32m    LOG[39m [38;5;3m[NestFactory] [39m[32mStarting Nest application...[39m
2026-05-10 18:31:22: [32m[Nest] 1828  - [39m10/05/2026, 6:31:22 pm [32m    LOG[39m [38;5;3m[NestFactory] [39m[32mStarting Nest application...[39m
2026-05-10 18:31:25: [32m[Nest] 19720  - [39m10/05/2026, 6:31:25 pm [32m    LOG[39m [38;5;3m[NestFactory] [39m[32mStarting Nest application...[39m
2026-05-10 18:31:27: [32m[Nest] 27400  - [39m10/05/2026, 6:31:27 pm [32m    LOG[39m [38;5;3m[NestFactory] [39m[32mStarting Nest application...[39m
2026-05-10 18:31:29: [32m[Nest] 22900  - [39m10/05/2026, 6:31:29 pm [32m    LOG[39m [38;5;3m[NestFactory] [39m[32mStarting Nest application...[39m
2026-05-10 18:31:33: [32m[Nest] 4924  - [39m10/05/2026, 6:31:33 pm [32m    LOG[39m [38;5;3m[NestFactory] [39m[32mStarting Nest application...[39m
2026-05-10 18:31:36: [32m[Nest] 28412  - [39m10/05/2026, 6:31:36 pm [32m    LOG[39m [38;5;3m[NestFactory] [39m[32mStarting Nest application...[39m
2026-05-10 18:31:39: [32m[Nest] 3912  - [39m10/05/2026, 6:31:39 pm [32m    LOG[39m [38;5;3m[NestFactory] [39m[32mStarting Nest application...[39m
2026-05-10 18:31:42: [32m[Nest] 24352  - [39m10/05/2026, 6:31:42 pm [32m    LOG[39m [38;5;3m[NestFactory] [39m[32mStarting Nest application...[39m
2026-05-10 18:31:44: [32m[Nest] 33416  - [39m10/05/2026, 6:31:44 pm [32m    LOG[39m [38;5;3m[NestFactory] [39m[32mStarting Nest application...[39m
2026-05-10 18:31:47: [32m[Nest] 31592  - [39m10/05/2026, 6:31:47 pm [32m    LOG[39m [38;5;3m[NestFactory] [39m[32mStarting Nest application...[39m
2026-05-10 18:31:51: [32m[Nest] 25592  - [39m10/05/2026, 6:31:51 pm [32m    LOG[39m [38;5;3m[NestFactory] [39m[32mStarting Nest application...[39m
2026-05-10 18:31:55: [32m[Nest] 32968  - [39m10/05/2026, 6:31:55 pm [32m    LOG[39m [38;5;3m[NestFactory] [39m[32mStarting Nest application...[39m
2026-05-10 18:31:58: [32m[Nest] 27332  - [39m10/05/2026, 6:31:58 pm [32m    LOG[39m [38;5;3m[NestFactory] [39m[32mStarting Nest application...[39m
2026-05-10 18:32:00: [32m[Nest] 6948  - [39m10/05/2026, 6:32:00 pm [32m    LOG[39m [38;5;3m[NestFactory] [39m[32mStarting Nest application...[39m
2026-05-10 18:32:03: [32m[Nest] 21864  - [39m10/05/2026, 6:32:03 pm [32m    LOG[39m [38;5;3m[NestFactory] [39m[32mStarting Nest application...[39m
2026-05-10 18:32:05: [32m[Nest] 31624  - [39m10/05/2026, 6:32:05 pm [32m    LOG[39m [38;5;3m[NestFactory] [39m[32mStarting Nest application...[39m
2026-05-10 18:32:08: [32m[Nest] 22092  - [39m10/05/2026, 6:32:08 pm [32m    LOG[39m [38;5;3m[NestFactory] [39m[32mStarting Nest application...[39m
2026-05-10 18:32:10: [32m[Nest] 7520  - [39m10/05/2026, 6:32:10 pm [32m    LOG[39m [38;5;3m[NestFactory] [39m[32mStarting Nest application...[39m
2026-05-10 18:32:12: [32m[Nest] 28620  - [39m10/05/2026, 6:32:12 pm [32m    LOG[39m [38;5;3m[NestFactory] [39m[32mStarting Nest application...[39m
2026-05-10 18:32:15: [32m[Nest] 35096  - [39m10/05/2026, 6:32:15 pm [32m    LOG[39m [38;5;3m[NestFactory] [39m[32mStarting Nest application...[39m
2026-05-10 18:32:18: [32m[Nest] 30232  - [39m10/05/2026, 6:32:18 pm [32m    LOG[39m [38;5;3m[NestFactory] [39m[32mStarting Nest application...[39m
2026-05-10 18:32:20: [32m[Nest] 26016  - [39m10/05/2026, 6:32:20 pm [32m    LOG[39m [38;5;3m[NestFactory] [39m[32mStarting Nest application...[39m
2026-05-10 18:32:22: [32m[Nest] 16540  - [39m10/05/2026, 6:32:22 pm [32m    LOG[39m [38;5;3m[NestFactory] [39m[32mStarting Nest application...[39m
2026-05-10 18:32:25: [32m[Nest] 30452  - [39m10/05/2026, 6:32:25 pm [32m    LOG[39m [38;5;3m[NestFactory] [39m[32mStarting Nest application...[39m
2026-05-10 18:32:27: [32m[Nest] 29792  - [39m10/05/2026, 6:32:27 pm [32m    LOG[39m [38;5;3m[NestFactory] [39m[32mStarting Nest application...[39m
2026-05-10 18:32:29: [32m[Nest] 33708  - [39m10/05/2026, 6:32:29 pm [32m    LOG[39m [38;5;3m[NestFactory] [39m[32mStarting Nest application...[39m
2026-05-10 18:32:31: [32m[Nest] 35700  - [39m10/05/2026, 6:32:31 pm [32m    LOG[39m [38;5;3m[NestFactory] [39m[32mStarting Nest application...[39m
2026-05-10 18:32:33: [32m[Nest] 26168  - [39m10/05/2026, 6:32:33 pm [32m    LOG[39m [38;5;3m[NestFactory] [39m[32mStarting Nest application...[39m
2026-05-10 18:32:35: [32m[Nest] 9332  - [39m10/05/2026, 6:32:35 pm [32m    LOG[39m [38;5;3m[NestFactory] [39m[32mStarting Nest application...[39m
2026-05-10 18:32:36: [32m[Nest] 32444  - [39m10/05/2026, 6:32:36 pm [32m    LOG[39m [38;5;3m[NestFactory] [39m[32mStarting Nest application...[39m
2026-05-10 18:32:38: [32m[Nest] 34872  - [39m10/05/2026, 6:32:38 pm [32m    LOG[39m [38;5;3m[NestFactory] [39m[32mStarting Nest application...[39m
2026-05-10 18:32:40: [32m[Nest] 33960  - [39m10/05/2026, 6:32:40 pm [32m    LOG[39m [38;5;3m[NestFactory] [39m[32mStarting Nest application...[39m
2026-05-10 18:32:42: [32m[Nest] 7024  - [39m10/05/2026, 6:32:42 pm [32m    LOG[39m [38;5;3m[NestFactory] [39m[32mStarting Nest application...[39m
2026-05-10 18:32:44: [32m[Nest] 10916  - [39m10/05/2026, 6:32:44 pm [32m    LOG[39m [38;5;3m[NestFactory] [39m[32mStarting Nest application...[39m
2026-05-10 18:32:46: [32m[Nest] 31024  - [39m10/05/2026, 6:32:46 pm [32m    LOG[39m [38;5;3m[NestFactory] [39m[32mStarting Nest application...[39m
2026-05-10 18:32:48: [32m[Nest] 1252  - [39m10/05/2026, 6:32:48 pm [32m    LOG[39m [38;5;3m[NestFactory] [39m[32mStarting Nest application...[39m
2026-05-10 18:32:50: [32m[Nest] 35148  - [39m10/05/2026, 6:32:50 pm [32m    LOG[39m [38;5;3m[NestFactory] [39m[32mStarting Nest application...[39m
2026-05-10 18:32:52: [32m[Nest] 33416  - [39m10/05/2026, 6:32:52 pm [32m    LOG[39m [38;5;3m[NestFactory] [39m[32mStarting Nest application...[39m
2026-05-10 18:32:54: [32m[Nest] 2488  - [39m10/05/2026, 6:32:54 pm [32m    LOG[39m [38;5;3m[NestFactory] [39m[32mStarting Nest application...[39m
2026-05-10 18:32:56: [32m[Nest] 32612  - [39m10/05/2026, 6:32:56 pm [32m    LOG[39m [38;5;3m[NestFactory] [39m[32mStarting Nest application...[39m
2026-05-10 18:32:58: [32m[Nest] 26736  - [39m10/05/2026, 6:32:58 pm [32m    LOG[39m [38;5;3m[NestFactory] [39m[32mStarting Nest application...[39m
2026-05-10 18:33:00: [32m[Nest] 8400  - [39m10/05/2026, 6:33:00 pm [32m    LOG[39m [38;5;3m[NestFactory] [39m[32mStarting Nest application...[39m
2026-05-10 18:33:02: [32m[Nest] 29920  - [39m10/05/2026, 6:33:02 pm [32m    LOG[39m [38;5;3m[NestFactory] [39m[32mStarting Nest application...[39m
2026-05-10 18:33:04: [32m[Nest] 31036  - [39m10/05/2026, 6:33:04 pm [32m    LOG[39m [38;5;3m[NestFactory] [39m[32mStarting Nest application...[39m
2026-05-10 18:33:06: [32m[Nest] 1496  - [39m10/05/2026, 6:33:06 pm [32m    LOG[39m [38;5;3m[NestFactory] [39m[32mStarting Nest application...[39m
2026-05-10 18:33:08: [32m[Nest] 6344  - [39m10/05/2026, 6:33:08 pm [32m    LOG[39m [38;5;3m[NestFactory] [39m[32mStarting Nest application...[39m
2026-05-10 18:33:10: [32m[Nest] 29660  - [39m10/05/2026, 6:33:10 pm [32m    LOG[39m [38;5;3m[NestFactory] [39m[32mStarting Nest application...[39m
2026-05-10 18:33:12: [32m[Nest] 29268  - [39m10/05/2026, 6:33:12 pm [32m    LOG[39m [38;5;3m[NestFactory] [39m[32mStarting Nest application...[39m
2026-05-10 18:33:14: [32m[Nest] 29756  - [39m10/05/2026, 6:33:14 pm [32m    LOG[39m [38;5;3m[NestFactory] [39m[32mStarting Nest application...[39m
2026-05-10 18:33:16: [32m[Nest] 23028  - [39m10/05/2026, 6:33:16 pm [32m    LOG[39m [38;5;3m[NestFactory] [39m[32mStarting Nest application...[39m
2026-05-10 18:33:18: [32m[Nest] 13728  - [39m10/05/2026, 6:33:18 pm [32m    LOG[39m [38;5;3m[NestFactory] [39m[32mStarting Nest application...[39m
2026-05-10 18:33:20: [32m[Nest] 31984  - [39m10/05/2026, 6:33:20 pm [32m    LOG[39m [38;5;3m[NestFactory] [39m[32mStarting Nest application...[39m
2026-05-10 18:33:23: [32m[Nest] 17012  - [39m10/05/2026, 6:33:23 pm [32m    LOG[39m [38;5;3m[NestFactory] [39m[32mStarting Nest application...[39m
2026-05-10 18:33:25: [32m[Nest] 19436  - [39m10/05/2026, 6:33:25 pm [32m    LOG[39m [38;5;3m[NestFactory] [39m[32mStarting Nest application...[39m
2026-05-10 18:33:27: [32m[Nest] 19660  - [39m10/05/2026, 6:33:27 pm [32m    LOG[39m [38;5;3m[NestFactory] [39m[32mStarting Nest application...[39m
2026-05-10 18:33:29: [32m[Nest] 23500  - [39m10/05/2026, 6:33:29 pm [32m    LOG[39m [38;5;3m[NestFactory] [39m[32mStarting Nest application...[39m
2026-05-10 18:33:31: [32m[Nest] 30260  - [39m10/05/2026, 6:33:31 pm [32m    LOG[39m [38;5;3m[NestFactory] [39m[32mStarting Nest application...[39m
2026-05-10 18:33:33: [32m[Nest] 25308  - [39m10/05/2026, 6:33:33 pm [32m    LOG[39m [38;5;3m[NestFactory] [39m[32mStarting Nest application...[39m
2026-05-10 18:33:35: [32m[Nest] 26888  - [39m10/05/2026, 6:33:35 pm [32m    LOG[39m [38;5;3m[NestFactory] [39m[32mStarting Nest application...[39m
2026-05-10 18:33:37: [32m[Nest] 2748  - [39m10/05/2026, 6:33:37 pm [32m    LOG[39m [38;5;3m[NestFactory] [39m[32mStarting Nest application...[39m
2026-05-10 18:33:39: [32m[Nest] 26672  - [39m10/05/2026, 6:33:39 pm [32m    LOG[39m [38;5;3m[NestFactory] [39m[32mStarting Nest application...[39m
2026-05-10 18:33:41: [32m[Nest] 30108  - [39m10/05/2026, 6:33:41 pm [32m    LOG[39m [38;5;3m[NestFactory] [39m[32mStarting Nest application...[39m
2026-05-10 18:33:43: [32m[Nest] 6448  - [39m10/05/2026, 6:33:43 pm [32m    LOG[39m [38;5;3m[NestFactory] [39m[32mStarting Nest application...[39m
2026-05-10 18:33:45: [32m[Nest] 14612  - [39m10/05/2026, 6:33:45 pm [32m    LOG[39m [38;5;3m[NestFactory] [39m[32mStarting Nest application...[39m
2026-05-10 18:33:47: [32m[Nest] 26552  - [39m10/05/2026, 6:33:47 pm [32m    LOG[39m [38;5;3m[NestFactory] [39m[32mStarting Nest application...[39m
2026-05-10 18:33:50: [32m[Nest] 24120  - [39m10/05/2026, 6:33:50 pm [32m    LOG[39m [38;5;3m[NestFactory] [39m[32mStarting Nest application...[39m
2026-05-10 18:33:52: [32m[Nest] 31284  - [39m10/05/2026, 6:33:52 pm [32m    LOG[39m [38;5;3m[NestFactory] [39m[32mStarting Nest application...[39m
2026-05-10 18:33:54: [32m[Nest] 5476  - [39m10/05/2026, 6:33:54 pm [32m    LOG[39m [38;5;3m[NestFactory] [39m[32mStarting Nest application...[39m
2026-05-10 18:33:56: [32m[Nest] 27676  - [39m10/05/2026, 6:33:56 pm [32m    LOG[39m [38;5;3m[NestFactory] [39m[32mStarting Nest application...[39m
2026-05-10 18:33:59: [32m[Nest] 18152  - [39m10/05/2026, 6:33:59 pm [32m    LOG[39m [38;5;3m[NestFactory] [39m[32mStarting Nest application...[39m
2026-05-10 18:34:01: [32m[Nest] 17592  - [39m10/05/2026, 6:34:01 pm [32m    LOG[39m [38;5;3m[NestFactory] [39m[32mStarting Nest application...[39m
2026-05-10 18:34:03: [32m[Nest] 25780  - [39m10/05/2026, 6:34:03 pm [32m    LOG[39m [38;5;3m[NestFactory] [39m[32mStarting Nest application...[39m
2026-05-10 18:34:06: [32m[Nest] 25812  - [39m10/05/2026, 6:34:06 pm [32m    LOG[39m [38;5;3m[NestFactory] [39m[32mStarting Nest application...[39m
2026-05-10 18:34:08: [32m[Nest] 33200  - [39m10/05/2026, 6:34:08 pm [32m    LOG[39m [38;5;3m[NestFactory] [39m[32mStarting Nest application...[39m
2026-05-10 18:34:10: [32m[Nest] 30828  - [39m10/05/2026, 6:34:10 pm [32m    LOG[39m [38;5;3m[NestFactory] [39m[32mStarting Nest application...[39m
2026-05-10 18:34:12: [32m[Nest] 29892  - [39m10/05/2026, 6:34:12 pm [32m    LOG[39m [38;5;3m[NestFactory] [39m[32mStarting Nest application...[39m
2026-05-10 18:34:15: [32m[Nest] 6692  - [39m10/05/2026, 6:34:15 pm [32m    LOG[39m [38;5;3m[NestFactory] [39m[32mStarting Nest application...[39m
2026-05-10 18:34:17: [32m[Nest] 30380  - [39m10/05/2026, 6:34:17 pm [32m    LOG[39m [38;5;3m[NestFactory] [39m[32mStarting Nest application...[39m
2026-05-10 18:34:19: [32m[Nest] 22092  - [39m10/05/2026, 6:34:19 pm [32m    LOG[39m [38;5;3m[NestFactory] [39m[32mStarting Nest application...[39m
2026-05-10 18:34:21: [32m[Nest] 31084  - [39m10/05/2026, 6:34:21 pm [32m    LOG[39m [38;5;3m[NestFactory] [39m[32mStarting Nest application...[39m
2026-05-10 18:34:23: [32m[Nest] 30164  - [39m10/05/2026, 6:34:23 pm [32m    LOG[39m [38;5;3m[NestFactory] [39m[32mStarting Nest application...[39m
2026-05-10 18:34:25: [32m[Nest] 26164  - [39m10/05/2026, 6:34:25 pm [32m    LOG[39m [38;5;3m[NestFactory] [39m[32mStarting Nest application...[39m
2026-05-10 18:34:27: [32m[Nest] 32200  - [39m10/05/2026, 6:34:27 pm [32m    LOG[39m [38;5;3m[NestFactory] [39m[32mStarting Nest application...[39m
2026-05-10 18:34:29: [32m[Nest] 16672  - [39m10/05/2026, 6:34:29 pm [32m    LOG[39m [38;5;3m[NestFactory] [39m[32mStarting Nest application...[39m
2026-05-10 18:34:31: [32m[Nest] 30628  - [39m10/05/2026, 6:34:31 pm [32m    LOG[39m [38;5;3m[NestFactory] [39m[32mStarting Nest application...[39m
2026-05-10 18:34:33: [32m[Nest] 9432  - [39m10/05/2026, 6:34:33 pm [32m    LOG[39m [38;5;3m[NestFactory] [39m[32mStarting Nest application...[39m
2026-05-10 18:34:36: [32m[Nest] 27168  - [39m10/05/2026, 6:34:36 pm [32m    LOG[39m [38;5;3m[NestFactory] [39m[32mStarting Nest application...[39m
2026-05-10 18:34:38: [32m[Nest] 25856  - [39m10/05/2026, 6:34:38 pm [32m    LOG[39m [38;5;3m[NestFactory] [39m[32mStarting Nest application...[39m
2026-05-10 18:34:41: [32m[Nest] 29932  - [39m10/05/2026, 6:34:41 pm [32m    LOG[39m [38;5;3m[NestFactory] [39m[32mStarting Nest application...[39m
2026-05-10 18:34:46: [32m[Nest] 21796  - [39m10/05/2026, 6:34:46 pm [32m    LOG[39m [38;5;3m[NestFactory] [39m[32mStarting Nest application...[39m
2026-05-10 18:34:48: [32m[Nest] 35440  - [39m10/05/2026, 6:34:48 pm [32m    LOG[39m [38;5;3m[NestFactory] [39m[32mStarting Nest application...[39m
2026-05-10 18:34:51: [32m[Nest] 29488  - [39m10/05/2026, 6:34:51 pm [32m    LOG[39m [38;5;3m[NestFactory] [39m[32mStarting Nest application...[39m
2026-05-10 18:34:53: [32m[Nest] 21780  - [39m10/05/2026, 6:34:53 pm [32m    LOG[39m [38;5;3m[NestFactory] [39m[32mStarting Nest application...[39m
2026-05-10 18:34:55: [32m[Nest] 35468  - [39m10/05/2026, 6:34:55 pm [32m    LOG[39m [38;5;3m[NestFactory] [39m[32mStarting Nest application...[39m
2026-05-10 18:34:57: [32m[Nest] 2972  - [39m10/05/2026, 6:34:57 pm [32m    LOG[39m [38;5;3m[NestFactory] [39m[32mStarting Nest application...[39m
2026-05-10 18:35:00: [32m[Nest] 18648  - [39m10/05/2026, 6:35:00 pm [32m    LOG[39m [38;5;3m[NestFactory] [39m[32mStarting Nest application...[39m
2026-05-10 18:35:03: [32m[Nest] 28228  - [39m10/05/2026, 6:35:03 pm [32m    LOG[39m [38;5;3m[NestFactory] [39m[32mStarting Nest application...[39m
2026-05-10 18:35:05: [32m[Nest] 32612  - [39m10/05/2026, 6:35:05 pm [32m    LOG[39m [38;5;3m[NestFactory] [39m[32mStarting Nest application...[39m
2026-05-10 18:35:11: [32m[Nest] 19988  - [39m10/05/2026, 6:35:11 pm [32m    LOG[39m [38;5;3m[NestFactory] [39m[32mStarting Nest application...[39m
2026-05-10 18:35:16: [32m[Nest] 34152  - [39m10/05/2026, 6:35:16 pm [32m    LOG[39m [38;5;3m[NestFactory] [39m[32mStarting Nest application...[39m
2026-05-10 18:35:19: [32m[Nest] 31624  - [39m10/05/2026, 6:35:19 pm [32m    LOG[39m [38;5;3m[NestFactory] [39m[32mStarting Nest application...[39m
2026-05-10 18:35:22: [32m[Nest] 26936  - [39m10/05/2026, 6:35:22 pm [32m    LOG[39m [38;5;3m[NestFactory] [39m[32mStarting Nest application...[39m
2026-05-10 18:35:25: [32m[Nest] 29176  - [39m10/05/2026, 6:35:25 pm [32m    LOG[39m [38;5;3m[NestFactory] [39m[32mStarting Nest application...[39m
2026-05-10 18:35:27: [32m[Nest] 25708  - [39m10/05/2026, 6:35:27 pm [32m    LOG[39m [38;5;3m[NestFactory] [39m[32mStarting Nest application...[39m
2026-05-10 18:35:30: [32m[Nest] 21184  - [39m10/05/2026, 6:35:30 pm [32m    LOG[39m [38;5;3m[NestFactory] [39m[32mStarting Nest application...[39m
2026-05-10 18:35:33: [32m[Nest] 2524  - [39m10/05/2026, 6:35:33 pm [32m    LOG[39m [38;5;3m[NestFactory] [39m[32mStarting Nest application...[39m
2026-05-10 18:35:35: [32m[Nest] 14568  - [39m10/05/2026, 6:35:35 pm [32m    LOG[39m [38;5;3m[NestFactory] [39m[32mStarting Nest application...[39m
2026-05-10 18:35:38: [32m[Nest] 27244  - [39m10/05/2026, 6:35:38 pm [32m    LOG[39m [38;5;3m[NestFactory] [39m[32mStarting Nest application...[39m
2026-05-10 18:35:40: [32m[Nest] 35536  - [39m10/05/2026, 6:35:40 pm [32m    LOG[39m [38;5;3m[NestFactory] [39m[32mStarting Nest application...[39m
2026-05-10 18:35:42: [32m[Nest] 34984  - [39m10/05/2026, 6:35:42 pm [32m    LOG[39m [38;5;3m[NestFactory] [39m[32mStarting Nest application...[39m
2026-05-10 18:35:45: [32m[Nest] 3092  - [39m10/05/2026, 6:35:45 pm [32m    LOG[39m [38;5;3m[NestFactory] [39m[32mStarting Nest application...[39m
2026-05-10 18:35:48: [32m[Nest] 31992  - [39m10/05/2026, 6:35:48 pm [32m    LOG[39m [38;5;3m[NestFactory] [39m[32mStarting Nest application...[39m
2026-05-10 18:35:51: [32m[Nest] 32856  - [39m10/05/2026, 6:35:51 pm [32m    LOG[39m [38;5;3m[NestFactory] [39m[32mStarting Nest application...[39m
2026-05-10 18:35:54: [32m[Nest] 23484  - [39m10/05/2026, 6:35:54 pm [32m    LOG[39m [38;5;3m[NestFactory] [39m[32mStarting Nest application...[39m
2026-05-10 18:35:57: [32m[Nest] 23236  - [39m10/05/2026, 6:35:57 pm [32m    LOG[39m [38;5;3m[NestFactory] [39m[32mStarting Nest application...[39m
2026-05-10 18:35:59: [32m[Nest] 26296  - [39m10/05/2026, 6:35:59 pm [32m    LOG[39m [38;5;3m[NestFactory] [39m[32mStarting Nest application...[39m
2026-05-10 18:36:02: [32m[Nest] 8208  - [39m10/05/2026, 6:36:02 pm [32m    LOG[39m [38;5;3m[NestFactory] [39m[32mStarting Nest application...[39m
2026-05-10 18:36:05: [32m[Nest] 25568  - [39m10/05/2026, 6:36:05 pm [32m    LOG[39m [38;5;3m[NestFactory] [39m[32mStarting Nest application...[39m
2026-05-10 18:36:08: [32m[Nest] 22012  - [39m10/05/2026, 6:36:08 pm [32m    LOG[39m [38;5;3m[NestFactory] [39m[32mStarting Nest application...[39m
2026-05-10 18:36:11: [32m[Nest] 32140  - [39m10/05/2026, 6:36:11 pm [32m    LOG[39m [38;5;3m[NestFactory] [39m[32mStarting Nest application...[39m
2026-05-10 18:36:14: [32m[Nest] 5992  - [39m10/05/2026, 6:36:14 pm [32m    LOG[39m [38;5;3m[NestFactory] [39m[32mStarting Nest application...[39m
2026-05-10 18:36:16: [32m[Nest] 20172  - [39m10/05/2026, 6:36:16 pm [32m    LOG[39m [38;5;3m[NestFactory] [39m[32mStarting Nest application...[39m
2026-05-10 18:36:19: [32m[Nest] 34624  - [39m10/05/2026, 6:36:19 pm [32m    LOG[39m [38;5;3m[NestFactory] [39m[32mStarting Nest application...[39m
2026-05-10 18:36:21: [32m[Nest] 24224  - [39m10/05/2026, 6:36:21 pm [32m    LOG[39m [38;5;3m[NestFactory] [39m[32mStarting Nest application...[39m
2026-05-10 18:36:24: [32m[Nest] 34848  - [39m10/05/2026, 6:36:24 pm [32m    LOG[39m [38;5;3m[NestFactory] [39m[32mStarting Nest application...[39m
2026-05-10 18:36:26: [32m[Nest] 33716  - [39m10/05/2026, 6:36:26 pm [32m    LOG[39m [38;5;3m[NestFactory] [39m[32mStarting Nest application...[39m
2026-05-10 18:36:29: [32m[Nest] 32544  - [39m10/05/2026, 6:36:29 pm [32m    LOG[39m [38;5;3m[NestFactory] [39m[32mStarting Nest application...[39m
2026-05-10 18:36:31: [32m[Nest] 28080  - [39m10/05/2026, 6:36:31 pm [32m    LOG[39m [38;5;3m[NestFactory] [39m[32mStarting Nest application...[39m
2026-05-10 18:36:33: [32m[Nest] 29192  - [39m10/05/2026, 6:36:33 pm [32m    LOG[39m [38;5;3m[NestFactory] [39m[32mStarting Nest application...[39m
2026-05-10 18:36:37: [32m[Nest] 20912  - [39m10/05/2026, 6:36:37 pm [32m    LOG[39m [38;5;3m[NestFactory] [39m[32mStarting Nest application...[39m
2026-05-10 18:36:39: [32m[Nest] 30688  - [39m10/05/2026, 6:36:39 pm [32m    LOG[39m [38;5;3m[NestFactory] [39m[32mStarting Nest application...[39m
2026-05-10 18:36:41: [32m[Nest] 29996  - [39m10/05/2026, 6:36:41 pm [32m    LOG[39m [38;5;3m[NestFactory] [39m[32mStarting Nest application...[39m
2026-05-10 18:36:43: [32m[Nest] 35196  - [39m10/05/2026, 6:36:43 pm [32m    LOG[39m [38;5;3m[NestFactory] [39m[32mStarting Nest application...[39m
2026-05-10 18:36:45: [32m[Nest] 33480  - [39m10/05/2026, 6:36:45 pm [32m    LOG[39m [38;5;3m[NestFactory] [39m[32mStarting Nest application...[39m
2026-05-10 18:36:47: [32m[Nest] 16432  - [39m10/05/2026, 6:36:47 pm [32m    LOG[39m [38;5;3m[NestFactory] [39m[32mStarting Nest application...[39m
2026-05-10 18:36:48: [32m[Nest] 35548  - [39m10/05/2026, 6:36:48 pm [32m    LOG[39m [38;5;3m[NestFactory] [39m[32mStarting Nest application...[39m
2026-05-10 18:36:50: [32m[Nest] 11800  - [39m10/05/2026, 6:36:50 pm [32m    LOG[39m [38;5;3m[NestFactory] [39m[32mStarting Nest application...[39m
2026-05-10 18:36:52: [32m[Nest] 35584  - [39m10/05/2026, 6:36:52 pm [32m    LOG[39m [38;5;3m[NestFactory] [39m[32mStarting Nest application...[39m
2026-05-10 18:36:54: [32m[Nest] 27160  - [39m10/05/2026, 6:36:54 pm [32m    LOG[39m [38;5;3m[NestFactory] [39m[32mStarting Nest application...[39m
2026-05-10 18:36:56: [32m[Nest] 8704  - [39m10/05/2026, 6:36:56 pm [32m    LOG[39m [38;5;3m[NestFactory] [39m[32mStarting Nest application...[39m
2026-05-10 18:36:58: [32m[Nest] 19500  - [39m10/05/2026, 6:36:58 pm [32m    LOG[39m [38;5;3m[NestFactory] [39m[32mStarting Nest application...[39m
2026-05-10 18:37:00: [32m[Nest] 3912  - [39m10/05/2026, 6:37:00 pm [32m    LOG[39m [38;5;3m[NestFactory] [39m[32mStarting Nest application...[39m
2026-05-10 18:37:02: [32m[Nest] 23236  - [39m10/05/2026, 6:37:02 pm [32m    LOG[39m [38;5;3m[NestFactory] [39m[32mStarting Nest application...[39m
2026-05-10 18:37:04: [32m[Nest] 12984  - [39m10/05/2026, 6:37:04 pm [32m    LOG[39m [38;5;3m[NestFactory] [39m[32mStarting Nest application...[39m
2026-05-10 18:37:06: [32m[Nest] 32384  - [39m10/05/2026, 6:37:06 pm [32m    LOG[39m [38;5;3m[NestFactory] [39m[32mStarting Nest application...[39m
2026-05-10 18:37:08: [32m[Nest] 23012  - [39m10/05/2026, 6:37:08 pm [32m    LOG[39m [38;5;3m[NestFactory] [39m[32mStarting Nest application...[39m
2026-05-10 18:37:09: [32m[Nest] 6460  - [39m10/05/2026, 6:37:09 pm [32m    LOG[39m [38;5;3m[NestFactory] [39m[32mStarting Nest application...[39m
2026-05-10 18:37:11: [32m[Nest] 12920  - [39m10/05/2026, 6:37:11 pm [32m    LOG[39m [38;5;3m[NestFactory] [39m[32mStarting Nest application...[39m
2026-05-10 18:37:13: [32m[Nest] 34572  - [39m10/05/2026, 6:37:13 pm [32m    LOG[39m [38;5;3m[NestFactory] [39m[32mStarting Nest application...[39m
2026-05-10 18:37:16: [32m[Nest] 13080  - [39m10/05/2026, 6:37:16 pm [32m    LOG[39m [38;5;3m[NestFactory] [39m[32mStarting Nest application...[39m
2026-05-10 18:37:18: [32m[Nest] 12356  - [39m10/05/2026, 6:37:18 pm [32m    LOG[39m [38;5;3m[NestFactory] [39m[32mStarting Nest application...[39m
2026-05-10 18:37:20: [32m[Nest] 32064  - [39m10/05/2026, 6:37:20 pm [32m    LOG[39m [38;5;3m[NestFactory] [39m[32mStarting Nest application...[39m
2026-05-10 18:37:22: [32m[Nest] 24224  - [39m10/05/2026, 6:37:22 pm [32m    LOG[39m [38;5;3m[NestFactory] [39m[32mStarting Nest application...[39m
2026-05-10 18:37:25: [32m[Nest] 29160  - [39m10/05/2026, 6:37:25 pm [32m    LOG[39m [38;5;3m[NestFactory] [39m[32mStarting Nest application...[39m
2026-05-10 18:37:28: [32m[Nest] 23560  - [39m10/05/2026, 6:37:28 pm [32m    LOG[39m [38;5;3m[NestFactory] [39m[32mStarting Nest application...[39m
2026-05-10 18:37:33: [32m[Nest] 26516  - [39m10/05/2026, 6:37:33 pm [32m    LOG[39m [38;5;3m[NestFactory] [39m[32mStarting Nest application...[39m
2026-05-10 18:37:37: [32m[Nest] 20880  - [39m10/05/2026, 6:37:37 pm [32m    LOG[39m [38;5;3m[NestFactory] [39m[32mStarting Nest application...[39m
2026-05-10 18:37:43: [32m[Nest] 30828  - [39m10/05/2026, 6:37:43 pm [32m    LOG[39m [38;5;3m[NestFactory] [39m[32mStarting Nest application...[39m
2026-05-10 18:37:46: [32m[Nest] 30980  - [39m10/05/2026, 6:37:46 pm [32m    LOG[39m [38;5;3m[NestFactory] [39m[32mStarting Nest application...[39m
2026-05-10 18:37:49: [32m[Nest] 13352  - [39m10/05/2026, 6:37:49 pm [32m    LOG[39m [38;5;3m[NestFactory] [39m[32mStarting Nest application...[39m
2026-05-10 18:37:51: [32m[Nest] 30024  - [39m10/05/2026, 6:37:51 pm [32m    LOG[39m [38;5;3m[NestFactory] [39m[32mStarting Nest application...[39m
2026-05-10 18:37:53: [32m[Nest] 24932  - [39m10/05/2026, 6:37:53 pm [32m    LOG[39m [38;5;3m[NestFactory] [39m[32mStarting Nest application...[39m
2026-05-10 18:37:56: [32m[Nest] 24012  - [39m10/05/2026, 6:37:56 pm [32m    LOG[39m [38;5;3m[NestFactory] [39m[32mStarting Nest application...[39m
2026-05-10 18:37:58: [32m[Nest] 23268  - [39m10/05/2026, 6:37:58 pm [32m    LOG[39m [38;5;3m[NestFactory] [39m[32mStarting Nest application...[39m
2026-05-10 18:38:00: [32m[Nest] 31260  - [39m10/05/2026, 6:38:00 pm [32m    LOG[39m [38;5;3m[NestFactory] [39m[32mStarting Nest application...[39m
2026-05-10 18:38:02: [32m[Nest] 30016  - [39m10/05/2026, 6:38:02 pm [32m    LOG[39m [38;5;3m[NestFactory] [39m[32mStarting Nest application...[39m
2026-05-10 18:38:07: [32m[Nest] 7288  - [39m10/05/2026, 6:38:07 pm [32m    LOG[39m [38;5;3m[NestFactory] [39m[32mStarting Nest application...[39m
2026-05-10 18:38:09: [32m[Nest] 27932  - [39m10/05/2026, 6:38:09 pm [32m    LOG[39m [38;5;3m[NestFactory] [39m[32mStarting Nest application...[39m
2026-05-10 18:38:12: [32m[Nest] 33160  - [39m10/05/2026, 6:38:12 pm [32m    LOG[39m [38;5;3m[NestFactory] [39m[32mStarting Nest application...[39m
2026-05-10 18:38:14: [32m[Nest] 35168  - [39m10/05/2026, 6:38:14 pm [32m    LOG[39m [38;5;3m[NestFactory] [39m[32mStarting Nest application...[39m
2026-05-10 18:38:17: [32m[Nest] 35788  - [39m10/05/2026, 6:38:17 pm [32m    LOG[39m [38;5;3m[NestFactory] [39m[32mStarting Nest application...[39m
2026-05-10 18:38:20: [32m[Nest] 27080  - [39m10/05/2026, 6:38:20 pm [32m    LOG[39m [38;5;3m[NestFactory] [39m[32mStarting Nest application...[39m
2026-05-10 18:38:22: [32m[Nest] 30332  - [39m10/05/2026, 6:38:22 pm [32m    LOG[39m [38;5;3m[NestFactory] [39m[32mStarting Nest application...[39m
2026-05-10 18:38:24: [32m[Nest] 23728  - [39m10/05/2026, 6:38:24 pm [32m    LOG[39m [38;5;3m[NestFactory] [39m[32mStarting Nest application...[39m
2026-05-10 18:38:27: [32m[Nest] 2788  - [39m10/05/2026, 6:38:27 pm [32m    LOG[39m [38;5;3m[NestFactory] [39m[32mStarting Nest application...[39m
2026-05-10 18:38:29: [32m[Nest] 19752  - [39m10/05/2026, 6:38:29 pm [32m    LOG[39m [38;5;3m[NestFactory] [39m[32mStarting Nest application...[39m
2026-05-10 18:38:31: [32m[Nest] 26892  - [39m10/05/2026, 6:38:31 pm [32m    LOG[39m [38;5;3m[NestFactory] [39m[32mStarting Nest application...[39m
2026-05-10 18:38:33: [32m[Nest] 8740  - [39m10/05/2026, 6:38:33 pm [32m    LOG[39m [38;5;3m[NestFactory] [39m[32mStarting Nest application...[39m
2026-05-10 18:38:35: [32m[Nest] 6956  - [39m10/05/2026, 6:38:35 pm [32m    LOG[39m [38;5;3m[NestFactory] [39m[32mStarting Nest application...[39m
2026-05-10 18:38:41: [32m[Nest] 10032  - [39m10/05/2026, 6:38:41 pm [32m    LOG[39m [38;5;3m[NestFactory] [39m[32mStarting Nest application...[39m
2026-05-10 18:38:44: [32m[Nest] 21736  - [39m10/05/2026, 6:38:44 pm [32m    LOG[39m [38;5;3m[NestFactory] [39m[32mStarting Nest application...[39m
2026-05-10 18:38:50: [32m[Nest] 34088  - [39m10/05/2026, 6:38:50 pm [32m    LOG[39m [38;5;3m[NestFactory] [39m[32mStarting Nest application...[39m
2026-05-10 18:38:54: [32m[Nest] 35224  - [39m10/05/2026, 6:38:54 pm [32m    LOG[39m [38;5;3m[NestFactory] [39m[32mStarting Nest application...[39m
2026-05-10 18:38:59: [32m[Nest] 18184  - [39m10/05/2026, 6:38:59 pm [32m    LOG[39m [38;5;3m[NestFactory] [39m[32mStarting Nest application...[39m
2026-05-10 18:39:02: [32m[Nest] 28580  - [39m10/05/2026, 6:39:02 pm [32m    LOG[39m [38;5;3m[NestFactory] [39m[32mStarting Nest application...[39m
2026-05-10 18:39:05: [32m[Nest] 18112  - [39m10/05/2026, 6:39:05 pm [32m    LOG[39m [38;5;3m[NestFactory] [39m[32mStarting Nest application...[39m
2026-05-10 18:39:08: [32m[Nest] 980  - [39m10/05/2026, 6:39:08 pm [32m    LOG[39m [38;5;3m[NestFactory] [39m[32mStarting Nest application...[39m
2026-05-10 18:39:11: [32m[Nest] 3180  - [39m10/05/2026, 6:39:11 pm [32m    LOG[39m [38;5;3m[NestFactory] [39m[32mStarting Nest application...[39m
2026-05-10 18:39:13: [32m[Nest] 28696  - [39m10/05/2026, 6:39:13 pm [32m    LOG[39m [38;5;3m[NestFactory] [39m[32mStarting Nest application...[39m
2026-05-10 18:39:16: [32m[Nest] 28500  - [39m10/05/2026, 6:39:16 pm [32m    LOG[39m [38;5;3m[NestFactory] [39m[32mStarting Nest application...[39m
2026-05-10 18:39:18: [32m[Nest] 30452  - [39m10/05/2026, 6:39:18 pm [32m    LOG[39m [38;5;3m[NestFactory] [39m[32mStarting Nest application...[39m
2026-05-10 18:39:21: [32m[Nest] 32396  - [39m10/05/2026, 6:39:21 pm [32m    LOG[39m [38;5;3m[NestFactory] [39m[32mStarting Nest application...[39m
2026-05-10 18:39:23: [32m[Nest] 27388  - [39m10/05/2026, 6:39:23 pm [32m    LOG[39m [38;5;3m[NestFactory] [39m[32mStarting Nest application...[39m
2026-05-10 18:39:25: [32m[Nest] 35084  - [39m10/05/2026, 6:39:25 pm [32m    LOG[39m [38;5;3m[NestFactory] [39m[32mStarting Nest application...[39m
2026-05-10 18:39:27: [32m[Nest] 34428  - [39m10/05/2026, 6:39:27 pm [32m    LOG[39m [38;5;3m[NestFactory] [39m[32mStarting Nest application...[39m
2026-05-10 18:39:30: [32m[Nest] 1232  - [39m10/05/2026, 6:39:30 pm [32m    LOG[39m [38;5;3m[NestFactory] [39m[32mStarting Nest application...[39m
2026-05-10 18:39:33: [32m[Nest] 30244  - [39m10/05/2026, 6:39:33 pm [32m    LOG[39m [38;5;3m[NestFactory] [39m[32mStarting Nest application...[39m
2026-05-10 18:39:35: [32m[Nest] 31648  - [39m10/05/2026, 6:39:35 pm [32m    LOG[39m [38;5;3m[NestFactory] [39m[32mStarting Nest application...[39m
2026-05-10 18:39:37: [32m[Nest] 14452  - [39m10/05/2026, 6:39:37 pm [32m    LOG[39m [38;5;3m[NestFactory] [39m[32mStarting Nest application...[39m
2026-05-10 18:39:39: [32m[Nest] 18316  - [39m10/05/2026, 6:39:39 pm [32m    LOG[39m [38;5;3m[NestFactory] [39m[32mStarting Nest application...[39m
2026-05-10 18:39:41: [32m[Nest] 28228  - [39m10/05/2026, 6:39:41 pm [32m    LOG[39m [38;5;3m[NestFactory] [39m[32mStarting Nest application...[39m
2026-05-10 18:39:44: [32m[Nest] 30736  - [39m10/05/2026, 6:39:44 pm [32m    LOG[39m [38;5;3m[NestFactory] [39m[32mStarting Nest application...[39m
2026-05-10 18:39:46: [32m[Nest] 35784  - [39m10/05/2026, 6:39:46 pm [32m    LOG[39m [38;5;3m[NestFactory] [39m[32mStarting Nest application...[39m
2026-05-10 18:39:48: [32m[Nest] 25656  - [39m10/05/2026, 6:39:48 pm [32m    LOG[39m [38;5;3m[NestFactory] [39m[32mStarting Nest application...[39m
2026-05-10 18:39:50: [32m[Nest] 18372  - [39m10/05/2026, 6:39:50 pm [32m    LOG[39m [38;5;3m[NestFactory] [39m[32mStarting Nest application...[39m
2026-05-10 18:39:52: [32m[Nest] 28080  - [39m10/05/2026, 6:39:52 pm [32m    LOG[39m [38;5;3m[NestFactory] [39m[32mStarting Nest application...[39m
2026-05-10 18:39:54: [32m[Nest] 22740  - [39m10/05/2026, 6:39:54 pm [32m    LOG[39m [38;5;3m[NestFactory] [39m[32mStarting Nest application...[39m
2026-05-10 18:39:56: [32m[Nest] 19172  - [39m10/05/2026, 6:39:56 pm [32m    LOG[39m [38;5;3m[NestFactory] [39m[32mStarting Nest application...[39m
2026-05-10 18:39:58: [32m[Nest] 23472  - [39m10/05/2026, 6:39:58 pm [32m    LOG[39m [38;5;3m[NestFactory] [39m[32mStarting Nest application...[39m
2026-05-10 18:40:00: [32m[Nest] 18868  - [39m10/05/2026, 6:40:00 pm [32m    LOG[39m [38;5;3m[NestFactory] [39m[32mStarting Nest application...[39m
2026-05-10 18:40:02: [32m[Nest] 34252  - [39m10/05/2026, 6:40:02 pm [32m    LOG[39m [38;5;3m[NestFactory] [39m[32mStarting Nest application...[39m
2026-05-10 18:40:04: [32m[Nest] 29908  - [39m10/05/2026, 6:40:04 pm [32m    LOG[39m [38;5;3m[NestFactory] [39m[32mStarting Nest application...[39m
2026-05-10 18:40:07: [32m[Nest] 26104  - [39m10/05/2026, 6:40:07 pm [32m    LOG[39m [38;5;3m[NestFactory] [39m[32mStarting Nest application...[39m
2026-05-10 18:40:09: [32m[Nest] 18944  - [39m10/05/2026, 6:40:09 pm [32m    LOG[39m [38;5;3m[NestFactory] [39m[32mStarting Nest application...[39m
2026-05-10 18:40:11: [32m[Nest] 13676  - [39m10/05/2026, 6:40:11 pm [32m    LOG[39m [38;5;3m[NestFactory] [39m[32mStarting Nest application...[39m
2026-05-10 18:40:13: [32m[Nest] 2024  - [39m10/05/2026, 6:40:13 pm [32m    LOG[39m [38;5;3m[NestFactory] [39m[32mStarting Nest application...[39m
2026-05-10 18:40:15: [32m[Nest] 34428  - [39m10/05/2026, 6:40:15 pm [32m    LOG[39m [38;5;3m[NestFactory] [39m[32mStarting Nest application...[39m
2026-05-10 18:40:18: [32m[Nest] 2616  - [39m10/05/2026, 6:40:18 pm [32m    LOG[39m [38;5;3m[NestFactory] [39m[32mStarting Nest application...[39m
2026-05-10 18:40:21: [32m[Nest] 26936  - [39m10/05/2026, 6:40:21 pm [32m    LOG[39m [38;5;3m[NestFactory] [39m[32mStarting Nest application...[39m
2026-05-10 18:40:24: [32m[Nest] 28944  - [39m10/05/2026, 6:40:24 pm [32m    LOG[39m [38;5;3m[NestFactory] [39m[32mStarting Nest application...[39m
2026-05-10 18:40:27: [32m[Nest] 20400  - [39m10/05/2026, 6:40:27 pm [32m    LOG[39m [38;5;3m[NestFactory] [39m[32mStarting Nest application...[39m
2026-05-10 18:40:29: [32m[Nest] 35684  - [39m10/05/2026, 6:40:29 pm [32m    LOG[39m [38;5;3m[NestFactory] [39m[32mStarting Nest application...[39m
2026-05-10 18:40:32: [32m[Nest] 18184  - [39m10/05/2026, 6:40:32 pm [32m    LOG[39m [38;5;3m[NestFactory] [39m[32mStarting Nest application...[39m
2026-05-10 18:40:34: [32m[Nest] 34236  - [39m10/05/2026, 6:40:34 pm [32m    LOG[39m [38;5;3m[NestFactory] [39m[32mStarting Nest application...[39m
2026-05-10 18:40:42: [32m[Nest] 9776  - [39m10/05/2026, 6:40:42 pm [32m    LOG[39m [38;5;3m[NestFactory] [39m[32mStarting Nest application...[39m
2026-05-10 18:40:44: [32m[Nest] 23916  - [39m10/05/2026, 6:40:44 pm [32m    LOG[39m [38;5;3m[NestFactory] [39m[32mStarting Nest application...[39m
2026-05-10 18:40:45: [32m[Nest] 29176  - [39m10/05/2026, 6:40:45 pm [32m    LOG[39m [38;5;3m[NestFactory] [39m[32mStarting Nest application...[39m
2026-05-10 18:40:47: [32m[Nest] 5500  - [39m10/05/2026, 6:40:47 pm [32m    LOG[39m [38;5;3m[NestFactory] [39m[32mStarting Nest application...[39m
2026-05-10 18:40:49: [32m[Nest] 29244  - [39m10/05/2026, 6:40:49 pm [32m    LOG[39m [38;5;3m[NestFactory] [39m[32mStarting Nest application...[39m
2026-05-10 18:40:51: [32m[Nest] 25908  - [39m10/05/2026, 6:40:51 pm [32m    LOG[39m [38;5;3m[NestFactory] [39m[32mStarting Nest application...[39m
2026-05-10 18:40:54: [32m[Nest] 25068  - [39m10/05/2026, 6:40:54 pm [32m    LOG[39m [38;5;3m[NestFactory] [39m[32mStarting Nest application...[39m
2026-05-10 18:40:56: [32m[Nest] 23040  - [39m10/05/2026, 6:40:56 pm [32m    LOG[39m [38;5;3m[NestFactory] [39m[32mStarting Nest application...[39m
2026-05-10 18:40:58: [32m[Nest] 23268  - [39m10/05/2026, 6:40:58 pm [32m    LOG[39m [38;5;3m[NestFactory] [39m[32mStarting Nest application...[39m
2026-05-10 18:41:01: [32m[Nest] 34624  - [39m10/05/2026, 6:41:01 pm [32m    LOG[39m [38;5;3m[NestFactory] [39m[32mStarting Nest application...[39m
2026-05-10 18:41:04: [32m[Nest] 31480  - [39m10/05/2026, 6:41:04 pm [32m    LOG[39m [38;5;3m[NestFactory] [39m[32mStarting Nest application...[39m
2026-05-10 18:41:06: [32m[Nest] 5992  - [39m10/05/2026, 6:41:06 pm [32m    LOG[39m [38;5;3m[NestFactory] [39m[32mStarting Nest application...[39m
2026-05-10 18:41:08: [32m[Nest] 12880  - [39m10/05/2026, 6:41:08 pm [32m    LOG[39m [38;5;3m[NestFactory] [39m[32mStarting Nest application...[39m
2026-05-10 18:41:11: [32m[Nest] 25444  - [39m10/05/2026, 6:41:11 pm [32m    LOG[39m [38;5;3m[NestFactory] [39m[32mStarting Nest application...[39m
2026-05-10 18:41:14: [32m[Nest] 28232  - [39m10/05/2026, 6:41:14 pm [32m    LOG[39m [38;5;3m[NestFactory] [39m[32mStarting Nest application...[39m
2026-05-10 18:41:17: [32m[Nest] 35460  - [39m10/05/2026, 6:41:17 pm [32m    LOG[39m [38;5;3m[NestFactory] [39m[32mStarting Nest application...[39m
2026-05-10 18:41:22: [32m[Nest] 19692  - [39m10/05/2026, 6:41:22 pm [32m    LOG[39m [38;5;3m[NestFactory] [39m[32mStarting Nest application...[39m
2026-05-10 18:41:24: [32m[Nest] 13876  - [39m10/05/2026, 6:41:24 pm [32m    LOG[39m [38;5;3m[NestFactory] [39m[32mStarting Nest application...[39m
2026-05-10 18:41:27: [32m[Nest] 33184  - [39m10/05/2026, 6:41:27 pm [32m    LOG[39m [38;5;3m[NestFactory] [39m[32mStarting Nest application...[39m
2026-05-10 18:41:30: [32m[Nest] 980  - [39m10/05/2026, 6:41:30 pm [32m    LOG[39m [38;5;3m[NestFactory] [39m[32mStarting Nest application...[39m
2026-05-10 18:41:34: [32m[Nest] 2240  - [39m10/05/2026, 6:41:34 pm [32m    LOG[39m [38;5;3m[NestFactory] [39m[32mStarting Nest application...[39m
2026-05-10 18:41:36: [32m[Nest] 13760  - [39m10/05/2026, 6:41:36 pm [32m    LOG[39m [38;5;3m[NestFactory] [39m[32mStarting Nest application...[39m
2026-05-10 18:41:39: [32m[Nest] 24640  - [39m10/05/2026, 6:41:39 pm [32m    LOG[39m [38;5;3m[NestFactory] [39m[32mStarting Nest application...[39m
2026-05-10 18:41:41: [32m[Nest] 32220  - [39m10/05/2026, 6:41:41 pm [32m    LOG[39m [38;5;3m[NestFactory] [39m[32mStarting Nest application...[39m
2026-05-10 18:41:43: [32m[Nest] 35456  - [39m10/05/2026, 6:41:43 pm [32m    LOG[39m [38;5;3m[NestFactory] [39m[32mStarting Nest application...[39m
2026-05-10 18:41:45: [32m[Nest] 18040  - [39m10/05/2026, 6:41:45 pm [32m    LOG[39m [38;5;3m[NestFactory] [39m[32mStarting Nest application...[39m
2026-05-10 18:41:48: [32m[Nest] 34256  - [39m10/05/2026, 6:41:48 pm [32m    LOG[39m [38;5;3m[NestFactory] [39m[32mStarting Nest application...[39m
2026-05-10 18:41:50: [32m[Nest] 35716  - [39m10/05/2026, 6:41:50 pm [32m    LOG[39m [38;5;3m[NestFactory] [39m[32mStarting Nest application...[39m
2026-05-10 18:41:52: [32m[Nest] 23620  - [39m10/05/2026, 6:41:52 pm [32m    LOG[39m [38;5;3m[NestFactory] [39m[32mStarting Nest application...[39m
2026-05-10 18:41:54: [32m[Nest] 16608  - [39m10/05/2026, 6:41:54 pm [32m    LOG[39m [38;5;3m[NestFactory] [39m[32mStarting Nest application...[39m
2026-05-10 18:41:56: [32m[Nest] 9776  - [39m10/05/2026, 6:41:56 pm [32m    LOG[39m [38;5;3m[NestFactory] [39m[32mStarting Nest application...[39m
2026-05-10 18:41:58: [32m[Nest] 31420  - [39m10/05/2026, 6:41:58 pm [32m    LOG[39m [38;5;3m[NestFactory] [39m[32mStarting Nest application...[39m
2026-05-10 18:42:00: [32m[Nest] 8080  - [39m10/05/2026, 6:42:00 pm [32m    LOG[39m [38;5;3m[NestFactory] [39m[32mStarting Nest application...[39m
2026-05-10 18:42:01: [32m[Nest] 34820  - [39m10/05/2026, 6:42:01 pm [32m    LOG[39m [38;5;3m[NestFactory] [39m[32mStarting Nest application...[39m
2026-05-10 18:42:03: [32m[Nest] 19592  - [39m10/05/2026, 6:42:03 pm [32m    LOG[39m [38;5;3m[NestFactory] [39m[32mStarting Nest application...[39m
2026-05-10 18:42:05: [32m[Nest] 18892  - [39m10/05/2026, 6:42:05 pm [32m    LOG[39m [38;5;3m[NestFactory] [39m[32mStarting Nest application...[39m
2026-05-10 18:42:06: [32m[Nest] 16024  - [39m10/05/2026, 6:42:06 pm [32m    LOG[39m [38;5;3m[NestFactory] [39m[32mStarting Nest application...[39m
2026-05-10 18:42:08: [32m[Nest] 24012  - [39m10/05/2026, 6:42:08 pm [32m    LOG[39m [38;5;3m[NestFactory] [39m[32mStarting Nest application...[39m
2026-05-10 18:42:10: [32m[Nest] 21492  - [39m10/05/2026, 6:42:10 pm [32m    LOG[39m [38;5;3m[NestFactory] [39m[32mStarting Nest application...[39m
2026-05-10 18:42:11: [32m[Nest] 34972  - [39m10/05/2026, 6:42:11 pm [32m    LOG[39m [38;5;3m[NestFactory] [39m[32mStarting Nest application...[39m
2026-05-10 18:42:13: [32m[Nest] 4048  - [39m10/05/2026, 6:42:13 pm [32m    LOG[39m [38;5;3m[NestFactory] [39m[32mStarting Nest application...[39m
2026-05-10 18:42:15: [32m[Nest] 29920  - [39m10/05/2026, 6:42:15 pm [32m    LOG[39m [38;5;3m[NestFactory] [39m[32mStarting Nest application...[39m
2026-05-10 18:42:16: [32m[Nest] 28580  - [39m10/05/2026, 6:42:16 pm [32m    LOG[39m [38;5;3m[NestFactory] [39m[32mStarting Nest application...[39m
2026-05-10 18:42:18: [32m[Nest] 33708  - [39m10/05/2026, 6:42:18 pm [32m    LOG[39m [38;5;3m[NestFactory] [39m[32mStarting Nest application...[39m
2026-05-10 18:42:19: [32m[Nest] 19648  - [39m10/05/2026, 6:42:19 pm [32m    LOG[39m [38;5;3m[NestFactory] [39m[32mStarting Nest application...[39m
2026-05-10 18:42:21: [32m[Nest] 18944  - [39m10/05/2026, 6:42:21 pm [32m    LOG[39m [38;5;3m[NestFactory] [39m[32mStarting Nest application...[39m
2026-05-10 18:42:23: [32m[Nest] 25800  - [39m10/05/2026, 6:42:23 pm [32m    LOG[39m [38;5;3m[NestFactory] [39m[32mStarting Nest application...[39m
2026-05-10 18:42:24: [32m[Nest] 27288  - [39m10/05/2026, 6:42:24 pm [32m    LOG[39m [38;5;3m[NestFactory] [39m[32mStarting Nest application...[39m
2026-05-10 18:42:26: [32m[Nest] 24092  - [39m10/05/2026, 6:42:26 pm [32m    LOG[39m [38;5;3m[NestFactory] [39m[32mStarting Nest application...[39m
2026-05-10 18:42:29: [32m[Nest] 28428  - [39m10/05/2026, 6:42:29 pm [32m    LOG[39m [38;5;3m[NestFactory] [39m[32mStarting Nest application...[39m
2026-05-10 18:42:31: [32m[Nest] 14660  - [39m10/05/2026, 6:42:31 pm [32m    LOG[39m [38;5;3m[NestFactory] [39m[32mStarting Nest application...[39m
2026-05-10 18:42:33: [32m[Nest] 1864  - [39m10/05/2026, 6:42:33 pm [32m    LOG[39m [38;5;3m[NestFactory] [39m[32mStarting Nest application...[39m
2026-05-10 18:42:36: [32m[Nest] 18588  - [39m10/05/2026, 6:42:36 pm [32m    LOG[39m [38;5;3m[NestFactory] [39m[32mStarting Nest application...[39m
2026-05-10 18:42:38: [32m[Nest] 26404  - [39m10/05/2026, 6:42:38 pm [32m    LOG[39m [38;5;3m[NestFactory] [39m[32mStarting Nest application...[39m
2026-05-10 18:42:39: [32m[Nest] 19384  - [39m10/05/2026, 6:42:39 pm [32m    LOG[39m [38;5;3m[NestFactory] [39m[32mStarting Nest application...[39m
2026-05-10 18:42:41: [32m[Nest] 24536  - [39m10/05/2026, 6:42:41 pm [32m    LOG[39m [38;5;3m[NestFactory] [39m[32mStarting Nest application...[39m
2026-05-10 18:42:43: [32m[Nest] 29284  - [39m10/05/2026, 6:42:43 pm [32m    LOG[39m [38;5;3m[NestFactory] [39m[32mStarting Nest application...[39m
2026-05-10 18:42:44: [32m[Nest] 35464  - [39m10/05/2026, 6:42:44 pm [32m    LOG[39m [38;5;3m[NestFactory] [39m[32mStarting Nest application...[39m
2026-05-10 18:42:47: [32m[Nest] 18464  - [39m10/05/2026, 6:42:47 pm [32m    LOG[39m [38;5;3m[NestFactory] [39m[32mStarting Nest application...[39m
2026-05-10 18:42:49: [32m[Nest] 35388  - [39m10/05/2026, 6:42:49 pm [32m    LOG[39m [38;5;3m[NestFactory] [39m[32mStarting Nest application...[39m
2026-05-10 18:42:50: [32m[Nest] 20172  - [39m10/05/2026, 6:42:50 pm [32m    LOG[39m [38;5;3m[NestFactory] [39m[32mStarting Nest application...[39m
2026-05-10 18:42:52: [32m[Nest] 33500  - [39m10/05/2026, 6:42:52 pm [32m    LOG[39m [38;5;3m[NestFactory] [39m[32mStarting Nest application...[39m
2026-05-10 18:42:54: [32m[Nest] 17356  - [39m10/05/2026, 6:42:54 pm [32m    LOG[39m [38;5;3m[NestFactory] [39m[32mStarting Nest application...[39m
2026-05-10 18:42:56: [32m[Nest] 10896  - [39m10/05/2026, 6:42:56 pm [32m    LOG[39m [38;5;3m[NestFactory] [39m[32mStarting Nest application...[39m
2026-05-10 18:42:58: [32m[Nest] 14532  - [39m10/05/2026, 6:42:58 pm [32m    LOG[39m [38;5;3m[NestFactory] [39m[32mStarting Nest application...[39m
2026-05-10 18:43:00: [32m[Nest] 9124  - [39m10/05/2026, 6:43:00 pm [32m    LOG[39m [38;5;3m[NestFactory] [39m[32mStarting Nest application...[39m
2026-05-10 18:43:03: [32m[Nest] 10940  - [39m10/05/2026, 6:43:03 pm [32m    LOG[39m [38;5;3m[NestFactory] [39m[32mStarting Nest application...[39m
2026-05-10 18:43:06: [32m[Nest] 30840  - [39m10/05/2026, 6:43:06 pm [32m    LOG[39m [38;5;3m[NestFactory] [39m[32mStarting Nest application...[39m
2026-05-10 18:43:08: [32m[Nest] 24092  - [39m10/05/2026, 6:43:08 pm [32m    LOG[39m [38;5;3m[NestFactory] [39m[32mStarting Nest application...[39m
2026-05-10 18:43:10: [32m[Nest] 30196  - [39m10/05/2026, 6:43:10 pm [32m    LOG[39m [38;5;3m[NestFactory] [39m[32mStarting Nest application...[39m
2026-05-10 18:43:12: [32m[Nest] 34944  - [39m10/05/2026, 6:43:12 pm [32m    LOG[39m [38;5;3m[NestFactory] [39m[32mStarting Nest application...[39m
2026-05-10 18:43:14: [32m[Nest] 23328  - [39m10/05/2026, 6:43:14 pm [32m    LOG[39m [38;5;3m[NestFactory] [39m[32mStarting Nest application...[39m
2026-05-10 18:43:16: [32m[Nest] 34200  - [39m10/05/2026, 6:43:16 pm [32m    LOG[39m [38;5;3m[NestFactory] [39m[32mStarting Nest application...[39m
2026-05-10 18:43:17: [32m[Nest] 31372  - [39m10/05/2026, 6:43:17 pm [32m    LOG[39m [38;5;3m[NestFactory] [39m[32mStarting Nest application...[39m
2026-05-10 18:43:19: [32m[Nest] 3896  - [39m10/05/2026, 6:43:19 pm [32m    LOG[39m [38;5;3m[NestFactory] [39m[32mStarting Nest application...[39m
2026-05-10 18:43:21: [32m[Nest] 21420  - [39m10/05/2026, 6:43:21 pm [32m    LOG[39m [38;5;3m[NestFactory] [39m[32mStarting Nest application...[39m
2026-05-10 18:43:23: [32m[Nest] 16388  - [39m10/05/2026, 6:43:23 pm [32m    LOG[39m [38;5;3m[NestFactory] [39m[32mStarting Nest application...[39m
2026-05-10 18:43:25: [32m[Nest] 25352  - [39m10/05/2026, 6:43:25 pm [32m    LOG[39m [38;5;3m[NestFactory] [39m[32mStarting Nest application...[39m
2026-05-10 18:43:26: [32m[Nest] 18384  - [39m10/05/2026, 6:43:26 pm [32m    LOG[39m [38;5;3m[NestFactory] [39m[32mStarting Nest application...[39m
2026-05-10 18:43:28: [32m[Nest] 29276  - [39m10/05/2026, 6:43:28 pm [32m    LOG[39m [38;5;3m[NestFactory] [39m[32mStarting Nest application...[39m
2026-05-10 18:43:30: [32m[Nest] 24200  - [39m10/05/2026, 6:43:30 pm [32m    LOG[39m [38;5;3m[NestFactory] [39m[32mStarting Nest application...[39m
2026-05-10 18:43:31: [32m[Nest] 30980  - [39m10/05/2026, 6:43:31 pm [32m    LOG[39m [38;5;3m[NestFactory] [39m[32mStarting Nest application...[39m
2026-05-10 18:43:33: [32m[Nest] 21456  - [39m10/05/2026, 6:43:33 pm [32m    LOG[39m [38;5;3m[NestFactory] [39m[32mStarting Nest application...[39m
2026-05-10 18:43:35: [32m[Nest] 28356  - [39m10/05/2026, 6:43:35 pm [32m    LOG[39m [38;5;3m[NestFactory] [39m[32mStarting Nest application...[39m
2026-05-10 18:43:36: [32m[Nest] 17164  - [39m10/05/2026, 6:43:36 pm [32m    LOG[39m [38;5;3m[NestFactory] [39m[32mStarting Nest application...[39m
2026-05-10 18:43:38: [32m[Nest] 31148  - [39m10/05/2026, 6:43:38 pm [32m    LOG[39m [38;5;3m[NestFactory] [39m[32mStarting Nest application...[39m
2026-05-10 18:43:40: [32m[Nest] 14532  - [39m10/05/2026, 6:43:40 pm [32m    LOG[39m [38;5;3m[NestFactory] [39m[32mStarting Nest application...[39m
2026-05-10 18:43:41: [32m[Nest] 17012  - [39m10/05/2026, 6:43:41 pm [32m    LOG[39m [38;5;3m[NestFactory] [39m[32mStarting Nest application...[39m
2026-05-10 18:43:44: [32m[Nest] 28232  - [39m10/05/2026, 6:43:44 pm [32m    LOG[39m [38;5;3m[NestFactory] [39m[32mStarting Nest application...[39m
2026-05-10 18:43:46: [32m[Nest] 34072  - [39m10/05/2026, 6:43:46 pm [32m    LOG[39m [38;5;3m[NestFactory] [39m[32mStarting Nest application...[39m
2026-05-10 18:43:48: [32m[Nest] 15752  - [39m10/05/2026, 6:43:48 pm [32m    LOG[39m [38;5;3m[NestFactory] [39m[32mStarting Nest application...[39m
2026-05-10 18:43:50: [32m[Nest] 32388  - [39m10/05/2026, 6:43:50 pm [32m    LOG[39m [38;5;3m[NestFactory] [39m[32mStarting Nest application...[39m
2026-05-10 18:43:52: [32m[Nest] 19876  - [39m10/05/2026, 6:43:52 pm [32m    LOG[39m [38;5;3m[NestFactory] [39m[32mStarting Nest application...[39m
2026-05-10 18:43:53: [32m[Nest] 26928  - [39m10/05/2026, 6:43:53 pm [32m    LOG[39m [38;5;3m[NestFactory] [39m[32mStarting Nest application...[39m
2026-05-10 18:43:55: [32m[Nest] 31332  - [39m10/05/2026, 6:43:55 pm [32m    LOG[39m [38;5;3m[NestFactory] [39m[32mStarting Nest application...[39m
2026-05-10 18:43:57: [32m[Nest] 35684  - [39m10/05/2026, 6:43:57 pm [32m    LOG[39m [38;5;3m[NestFactory] [39m[32mStarting Nest application...[39m
2026-05-10 18:43:59: [32m[Nest] 23052  - [39m10/05/2026, 6:43:59 pm [32m    LOG[39m [38;5;3m[NestFactory] [39m[32mStarting Nest application...[39m
