2026-05-10 12:06:21: D:\new er\node_modules\.bin\next:2
2026-05-10 12:06:21: basedir=$(dirname "$(echo "$0" | sed -e 's,\\,/,g')")
2026-05-10 12:06:21:           ^^^^^^^
2026-05-10 12:06:21: 
2026-05-10 12:06:21: SyntaxError: missing ) after argument list
2026-05-10 12:06:21:     at wrapSafe (node:internal/modules/cjs/loader:1743:18)
2026-05-10 12:06:21:     at Module._compile (node:internal/modules/cjs/loader:1786:20)
2026-05-10 12:06:21:     at Object..js (node:internal/modules/cjs/loader:1943:10)
2026-05-10 12:06:21:     at Module.load (node:internal/modules/cjs/loader:1533:32)
2026-05-10 12:06:21:     at Module._load (node:internal/modules/cjs/loader:1335:12)
2026-05-10 12:06:21:     at wrapModuleLoad (node:internal/modules/cjs/loader:255:19)
2026-05-10 12:06:21:     at Module.executeUserEntryPoint [as runMain] (node:internal/modules/run_main:154:5)
2026-05-10 12:06:21:     at node:internal/main/run_main_module:33:47
2026-05-10 12:06:21: 
2026-05-10 12:06:21: Node.js v24.14.0
2026-05-10 12:06:22: D:\new er\node_modules\.bin\next:2
2026-05-10 12:06:22: basedir=$(dirname "$(echo "$0" | sed -e 's,\\,/,g')")
2026-05-10 12:06:22:           ^^^^^^^
2026-05-10 12:06:22: 
2026-05-10 12:06:22: SyntaxError: missing ) after argument list
2026-05-10 12:06:22:     at wrapSafe (node:internal/modules/cjs/loader:1743:18)
2026-05-10 12:06:22:     at Module._compile (node:internal/modules/cjs/loader:1786:20)
2026-05-10 12:06:22:     at Object..js (node:internal/modules/cjs/loader:1943:10)
2026-05-10 12:06:22:     at Module.load (node:internal/modules/cjs/loader:1533:32)
2026-05-10 12:06:22:     at Module._load (node:internal/modules/cjs/loader:1335:12)
2026-05-10 12:06:22:     at wrapModuleLoad (node:internal/modules/cjs/loader:255:19)
2026-05-10 12:06:22:     at Module.executeUserEntryPoint [as runMain] (node:internal/modules/run_main:154:5)
2026-05-10 12:06:22:     at node:internal/main/run_main_module:33:47
2026-05-10 12:06:22: 
2026-05-10 12:06:22: Node.js v24.14.0
2026-05-10 12:06:23: D:\new er\node_modules\.bin\next:2
2026-05-10 12:06:23: basedir=$(dirname "$(echo "$0" | sed -e 's,\\,/,g')")
2026-05-10 12:06:23:           ^^^^^^^
2026-05-10 12:06:23: 
2026-05-10 12:06:23: SyntaxError: missing ) after argument list
2026-05-10 12:06:23:     at wrapSafe (node:internal/modules/cjs/loader:1743:18)
2026-05-10 12:06:23:     at Module._compile (node:internal/modules/cjs/loader:1786:20)
2026-05-10 12:06:23:     at Object..js (node:internal/modules/cjs/loader:1943:10)
2026-05-10 12:06:23:     at Module.load (node:internal/modules/cjs/loader:1533:32)
2026-05-10 12:06:23:     at Module._load (node:internal/modules/cjs/loader:1335:12)
2026-05-10 12:06:23:     at wrapModuleLoad (node:internal/modules/cjs/loader:255:19)
2026-05-10 12:06:23:     at Module.executeUserEntryPoint [as runMain] (node:internal/modules/run_main:154:5)
2026-05-10 12:06:23:     at node:internal/main/run_main_module:33:47
2026-05-10 12:06:23: 
2026-05-10 12:06:23: Node.js v24.14.0
2026-05-10 12:06:24: D:\new er\node_modules\.bin\next:2
2026-05-10 12:06:24: basedir=$(dirname "$(echo "$0" | sed -e 's,\\,/,g')")
2026-05-10 12:06:24:           ^^^^^^^
2026-05-10 12:06:24: 
2026-05-10 12:06:24: SyntaxError: missing ) after argument list
2026-05-10 12:06:24:     at wrapSafe (node:internal/modules/cjs/loader:1743:18)
2026-05-10 12:06:24:     at Module._compile (node:internal/modules/cjs/loader:1786:20)
2026-05-10 12:06:24:     at Object..js (node:internal/modules/cjs/loader:1943:10)
2026-05-10 12:06:24:     at Module.load (node:internal/modules/cjs/loader:1533:32)
2026-05-10 12:06:24:     at Module._load (node:internal/modules/cjs/loader:1335:12)
2026-05-10 12:06:24:     at wrapModuleLoad (node:internal/modules/cjs/loader:255:19)
2026-05-10 12:06:24:     at Module.executeUserEntryPoint [as runMain] (node:internal/modules/run_main:154:5)
2026-05-10 12:06:24:     at node:internal/main/run_main_module:33:47
2026-05-10 12:06:24: 
2026-05-10 12:06:24: Node.js v24.14.0
2026-05-10 12:06:26: D:\new er\node_modules\.bin\next:2
2026-05-10 12:06:26: basedir=$(dirname "$(echo "$0" | sed -e 's,\\,/,g')")
2026-05-10 12:06:26:           ^^^^^^^
2026-05-10 12:06:26: 
2026-05-10 12:06:26: SyntaxError: missing ) after argument list
2026-05-10 12:06:26:     at wrapSafe (node:internal/modules/cjs/loader:1743:18)
2026-05-10 12:06:26:     at Module._compile (node:internal/modules/cjs/loader:1786:20)
2026-05-10 12:06:26:     at Object..js (node:internal/modules/cjs/loader:1943:10)
2026-05-10 12:06:26:     at Module.load (node:internal/modules/cjs/loader:1533:32)
2026-05-10 12:06:26:     at Module._load (node:internal/modules/cjs/loader:1335:12)
2026-05-10 12:06:26:     at wrapModuleLoad (node:internal/modules/cjs/loader:255:19)
2026-05-10 12:06:26:     at Module.executeUserEntryPoint [as runMain] (node:internal/modules/run_main:154:5)
2026-05-10 12:06:26:     at node:internal/main/run_main_module:33:47
2026-05-10 12:06:26: 
2026-05-10 12:06:26: Node.js v24.14.0
2026-05-10 12:06:27: D:\new er\node_modules\.bin\next:2
2026-05-10 12:06:27: basedir=$(dirname "$(echo "$0" | sed -e 's,\\,/,g')")
2026-05-10 12:06:27:           ^^^^^^^
2026-05-10 12:06:27: 
2026-05-10 12:06:27: SyntaxError: missing ) after argument list
2026-05-10 12:06:27:     at wrapSafe (node:internal/modules/cjs/loader:1743:18)
2026-05-10 12:06:27:     at Module._compile (node:internal/modules/cjs/loader:1786:20)
2026-05-10 12:06:27:     at Object..js (node:internal/modules/cjs/loader:1943:10)
2026-05-10 12:06:27:     at Module.load (node:internal/modules/cjs/loader:1533:32)
2026-05-10 12:06:27:     at Module._load (node:internal/modules/cjs/loader:1335:12)
2026-05-10 12:06:27:     at wrapModuleLoad (node:internal/modules/cjs/loader:255:19)
2026-05-10 12:06:27:     at Module.executeUserEntryPoint [as runMain] (node:internal/modules/run_main:154:5)
2026-05-10 12:06:27:     at node:internal/main/run_main_module:33:47
2026-05-10 12:06:27: 
2026-05-10 12:06:27: Node.js v24.14.0
2026-05-10 12:06:28: D:\new er\node_modules\.bin\next:2
2026-05-10 12:06:28: basedir=$(dirname "$(echo "$0" | sed -e 's,\\,/,g')")
2026-05-10 12:06:28:           ^^^^^^^
2026-05-10 12:06:28: 
2026-05-10 12:06:28: SyntaxError: missing ) after argument list
2026-05-10 12:06:28:     at wrapSafe (node:internal/modules/cjs/loader:1743:18)
2026-05-10 12:06:28:     at Module._compile (node:internal/modules/cjs/loader:1786:20)
2026-05-10 12:06:28:     at Object..js (node:internal/modules/cjs/loader:1943:10)
2026-05-10 12:06:28:     at Module.load (node:internal/modules/cjs/loader:1533:32)
2026-05-10 12:06:28:     at Module._load (node:internal/modules/cjs/loader:1335:12)
2026-05-10 12:06:28:     at wrapModuleLoad (node:internal/modules/cjs/loader:255:19)
2026-05-10 12:06:28:     at Module.executeUserEntryPoint [as runMain] (node:internal/modules/run_main:154:5)
2026-05-10 12:06:28:     at node:internal/main/run_main_module:33:47
2026-05-10 12:06:28: 
2026-05-10 12:06:28: Node.js v24.14.0
2026-05-10 12:06:29: D:\new er\node_modules\.bin\next:2
2026-05-10 12:06:29: basedir=$(dirname "$(echo "$0" | sed -e 's,\\,/,g')")
2026-05-10 12:06:29:           ^^^^^^^
2026-05-10 12:06:29: 
2026-05-10 12:06:29: SyntaxError: missing ) after argument list
2026-05-10 12:06:29:     at wrapSafe (node:internal/modules/cjs/loader:1743:18)
2026-05-10 12:06:29:     at Module._compile (node:internal/modules/cjs/loader:1786:20)
2026-05-10 12:06:29:     at Object..js (node:internal/modules/cjs/loader:1943:10)
2026-05-10 12:06:29:     at Module.load (node:internal/modules/cjs/loader:1533:32)
2026-05-10 12:06:29:     at Module._load (node:internal/modules/cjs/loader:1335:12)
2026-05-10 12:06:29:     at wrapModuleLoad (node:internal/modules/cjs/loader:255:19)
2026-05-10 12:06:29:     at Module.executeUserEntryPoint [as runMain] (node:internal/modules/run_main:154:5)
2026-05-10 12:06:29:     at node:internal/main/run_main_module:33:47
2026-05-10 12:06:29: 
2026-05-10 12:06:29: Node.js v24.14.0
2026-05-10 12:06:30: D:\new er\node_modules\.bin\next:2
2026-05-10 12:06:30: basedir=$(dirname "$(echo "$0" | sed -e 's,\\,/,g')")
2026-05-10 12:06:30:           ^^^^^^^
2026-05-10 12:06:30: 
2026-05-10 12:06:30: SyntaxError: missing ) after argument list
2026-05-10 12:06:30:     at wrapSafe (node:internal/modules/cjs/loader:1743:18)
2026-05-10 12:06:30:     at Module._compile (node:internal/modules/cjs/loader:1786:20)
2026-05-10 12:06:30:     at Object..js (node:internal/modules/cjs/loader:1943:10)
2026-05-10 12:06:30:     at Module.load (node:internal/modules/cjs/loader:1533:32)
2026-05-10 12:06:30:     at Module._load (node:internal/modules/cjs/loader:1335:12)
2026-05-10 12:06:30:     at wrapModuleLoad (node:internal/modules/cjs/loader:255:19)
2026-05-10 12:06:30:     at Module.executeUserEntryPoint [as runMain] (node:internal/modules/run_main:154:5)
2026-05-10 12:06:30:     at node:internal/main/run_main_module:33:47
2026-05-10 12:06:30: 
2026-05-10 12:06:30: Node.js v24.14.0
2026-05-10 12:06:31: D:\new er\node_modules\.bin\next:2
2026-05-10 12:06:31: basedir=$(dirname "$(echo "$0" | sed -e 's,\\,/,g')")
2026-05-10 12:06:31:           ^^^^^^^
2026-05-10 12:06:31: 
2026-05-10 12:06:31: SyntaxError: missing ) after argument list
2026-05-10 12:06:31:     at wrapSafe (node:internal/modules/cjs/loader:1743:18)
2026-05-10 12:06:31:     at Module._compile (node:internal/modules/cjs/loader:1786:20)
2026-05-10 12:06:31:     at Object..js (node:internal/modules/cjs/loader:1943:10)
2026-05-10 12:06:31:     at Module.load (node:internal/modules/cjs/loader:1533:32)
2026-05-10 12:06:31:     at Module._load (node:internal/modules/cjs/loader:1335:12)
2026-05-10 12:06:31:     at wrapModuleLoad (node:internal/modules/cjs/loader:255:19)
2026-05-10 12:06:31:     at Module.executeUserEntryPoint [as runMain] (node:internal/modules/run_main:154:5)
2026-05-10 12:06:31:     at node:internal/main/run_main_module:33:47
2026-05-10 12:06:31: 
2026-05-10 12:06:31: Node.js v24.14.0
2026-05-10 12:06:32: D:\new er\node_modules\.bin\next:2
2026-05-10 12:06:32: basedir=$(dirname "$(echo "$0" | sed -e 's,\\,/,g')")
2026-05-10 12:06:32:           ^^^^^^^
2026-05-10 12:06:32: 
2026-05-10 12:06:32: SyntaxError: missing ) after argument list
2026-05-10 12:06:32:     at wrapSafe (node:internal/modules/cjs/loader:1743:18)
2026-05-10 12:06:32:     at Module._compile (node:internal/modules/cjs/loader:1786:20)
2026-05-10 12:06:32:     at Object..js (node:internal/modules/cjs/loader:1943:10)
2026-05-10 12:06:32:     at Module.load (node:internal/modules/cjs/loader:1533:32)
2026-05-10 12:06:32:     at Module._load (node:internal/modules/cjs/loader:1335:12)
2026-05-10 12:06:32:     at wrapModuleLoad (node:internal/modules/cjs/loader:255:19)
2026-05-10 12:06:32:     at Module.executeUserEntryPoint [as runMain] (node:internal/modules/run_main:154:5)
2026-05-10 12:06:32:     at node:internal/main/run_main_module:33:47
2026-05-10 12:06:32: 
2026-05-10 12:06:32: Node.js v24.14.0
2026-05-10 12:06:33: D:\new er\node_modules\.bin\next:2
2026-05-10 12:06:33: basedir=$(dirname "$(echo "$0" | sed -e 's,\\,/,g')")
2026-05-10 12:06:33:           ^^^^^^^
2026-05-10 12:06:33: 
2026-05-10 12:06:33: SyntaxError: missing ) after argument list
2026-05-10 12:06:33:     at wrapSafe (node:internal/modules/cjs/loader:1743:18)
2026-05-10 12:06:33:     at Module._compile (node:internal/modules/cjs/loader:1786:20)
2026-05-10 12:06:33:     at Object..js (node:internal/modules/cjs/loader:1943:10)
2026-05-10 12:06:33:     at Module.load (node:internal/modules/cjs/loader:1533:32)
2026-05-10 12:06:33:     at Module._load (node:internal/modules/cjs/loader:1335:12)
2026-05-10 12:06:33:     at wrapModuleLoad (node:internal/modules/cjs/loader:255:19)
2026-05-10 12:06:33:     at Module.executeUserEntryPoint [as runMain] (node:internal/modules/run_main:154:5)
2026-05-10 12:06:33:     at node:internal/main/run_main_module:33:47
2026-05-10 12:06:33: 
2026-05-10 12:06:33: Node.js v24.14.0
2026-05-10 12:06:34: D:\new er\node_modules\.bin\next:2
2026-05-10 12:06:34: basedir=$(dirname "$(echo "$0" | sed -e 's,\\,/,g')")
2026-05-10 12:06:34:           ^^^^^^^
2026-05-10 12:06:34: 
2026-05-10 12:06:34: SyntaxError: missing ) after argument list
2026-05-10 12:06:34:     at wrapSafe (node:internal/modules/cjs/loader:1743:18)
2026-05-10 12:06:34:     at Module._compile (node:internal/modules/cjs/loader:1786:20)
2026-05-10 12:06:34:     at Object..js (node:internal/modules/cjs/loader:1943:10)
2026-05-10 12:06:34:     at Module.load (node:internal/modules/cjs/loader:1533:32)
2026-05-10 12:06:34:     at Module._load (node:internal/modules/cjs/loader:1335:12)
2026-05-10 12:06:34:     at wrapModuleLoad (node:internal/modules/cjs/loader:255:19)
2026-05-10 12:06:34:     at Module.executeUserEntryPoint [as runMain] (node:internal/modules/run_main:154:5)
2026-05-10 12:06:34:     at node:internal/main/run_main_module:33:47
2026-05-10 12:06:34: 
2026-05-10 12:06:34: Node.js v24.14.0
2026-05-10 12:06:35: D:\new er\node_modules\.bin\next:2
2026-05-10 12:06:35: basedir=$(dirname "$(echo "$0" | sed -e 's,\\,/,g')")
2026-05-10 12:06:35:           ^^^^^^^
2026-05-10 12:06:35: 
2026-05-10 12:06:35: SyntaxError: missing ) after argument list
2026-05-10 12:06:35:     at wrapSafe (node:internal/modules/cjs/loader:1743:18)
2026-05-10 12:06:35:     at Module._compile (node:internal/modules/cjs/loader:1786:20)
2026-05-10 12:06:35:     at Object..js (node:internal/modules/cjs/loader:1943:10)
2026-05-10 12:06:35:     at Module.load (node:internal/modules/cjs/loader:1533:32)
2026-05-10 12:06:35:     at Module._load (node:internal/modules/cjs/loader:1335:12)
2026-05-10 12:06:35:     at wrapModuleLoad (node:internal/modules/cjs/loader:255:19)
2026-05-10 12:06:35:     at Module.executeUserEntryPoint [as runMain] (node:internal/modules/run_main:154:5)
2026-05-10 12:06:35:     at node:internal/main/run_main_module:33:47
2026-05-10 12:06:35: 
2026-05-10 12:06:35: Node.js v24.14.0
2026-05-10 12:06:36: D:\new er\node_modules\.bin\next:2
2026-05-10 12:06:36: basedir=$(dirname "$(echo "$0" | sed -e 's,\\,/,g')")
2026-05-10 12:06:36:           ^^^^^^^
2026-05-10 12:06:36: 
2026-05-10 12:06:36: SyntaxError: missing ) after argument list
2026-05-10 12:06:36:     at wrapSafe (node:internal/modules/cjs/loader:1743:18)
2026-05-10 12:06:36:     at Module._compile (node:internal/modules/cjs/loader:1786:20)
2026-05-10 12:06:36:     at Object..js (node:internal/modules/cjs/loader:1943:10)
2026-05-10 12:06:36:     at Module.load (node:internal/modules/cjs/loader:1533:32)
2026-05-10 12:06:36:     at Module._load (node:internal/modules/cjs/loader:1335:12)
2026-05-10 12:06:36:     at wrapModuleLoad (node:internal/modules/cjs/loader:255:19)
2026-05-10 12:06:36:     at Module.executeUserEntryPoint [as runMain] (node:internal/modules/run_main:154:5)
2026-05-10 12:06:36:     at node:internal/main/run_main_module:33:47
2026-05-10 12:06:36: 
2026-05-10 12:06:36: Node.js v24.14.0
2026-05-10 12:06:37: D:\new er\node_modules\.bin\next:2
2026-05-10 12:06:37: basedir=$(dirname "$(echo "$0" | sed -e 's,\\,/,g')")
2026-05-10 12:06:37:           ^^^^^^^
2026-05-10 12:06:37: 
2026-05-10 12:06:37: SyntaxError: missing ) after argument list
2026-05-10 12:06:37:     at wrapSafe (node:internal/modules/cjs/loader:1743:18)
2026-05-10 12:06:37:     at Module._compile (node:internal/modules/cjs/loader:1786:20)
2026-05-10 12:06:37:     at Object..js (node:internal/modules/cjs/loader:1943:10)
2026-05-10 12:06:37:     at Module.load (node:internal/modules/cjs/loader:1533:32)
2026-05-10 12:06:37:     at Module._load (node:internal/modules/cjs/loader:1335:12)
2026-05-10 12:06:37:     at wrapModuleLoad (node:internal/modules/cjs/loader:255:19)
2026-05-10 12:06:37:     at Module.executeUserEntryPoint [as runMain] (node:internal/modules/run_main:154:5)
2026-05-10 12:06:37:     at node:internal/main/run_main_module:33:47
2026-05-10 12:06:37: 
2026-05-10 12:06:37: Node.js v24.14.0
2026-05-10 12:06:38: D:\new er\node_modules\.bin\next:2
2026-05-10 12:06:38: basedir=$(dirname "$(echo "$0" | sed -e 's,\\,/,g')")
2026-05-10 12:06:38:           ^^^^^^^
2026-05-10 12:06:38: 
2026-05-10 12:06:38: SyntaxError: missing ) after argument list
2026-05-10 12:06:38:     at wrapSafe (node:internal/modules/cjs/loader:1743:18)
2026-05-10 12:06:38:     at Module._compile (node:internal/modules/cjs/loader:1786:20)
2026-05-10 12:06:38:     at Object..js (node:internal/modules/cjs/loader:1943:10)
2026-05-10 12:06:38:     at Module.load (node:internal/modules/cjs/loader:1533:32)
2026-05-10 12:06:38:     at Module._load (node:internal/modules/cjs/loader:1335:12)
2026-05-10 12:06:38:     at wrapModuleLoad (node:internal/modules/cjs/loader:255:19)
2026-05-10 12:06:38:     at Module.executeUserEntryPoint [as runMain] (node:internal/modules/run_main:154:5)
2026-05-10 12:06:38:     at node:internal/main/run_main_module:33:47
2026-05-10 12:06:38: 
2026-05-10 12:06:38: Node.js v24.14.0
2026-05-10 12:06:39: D:\new er\node_modules\.bin\next:2
2026-05-10 12:06:39: basedir=$(dirname "$(echo "$0" | sed -e 's,\\,/,g')")
2026-05-10 12:06:39:           ^^^^^^^
2026-05-10 12:06:39: 
2026-05-10 12:06:39: SyntaxError: missing ) after argument list
2026-05-10 12:06:39:     at wrapSafe (node:internal/modules/cjs/loader:1743:18)
2026-05-10 12:06:39:     at Module._compile (node:internal/modules/cjs/loader:1786:20)
2026-05-10 12:06:39:     at Object..js (node:internal/modules/cjs/loader:1943:10)
2026-05-10 12:06:39:     at Module.load (node:internal/modules/cjs/loader:1533:32)
2026-05-10 12:06:39:     at Module._load (node:internal/modules/cjs/loader:1335:12)
2026-05-10 12:06:39:     at wrapModuleLoad (node:internal/modules/cjs/loader:255:19)
2026-05-10 12:06:39:     at Module.executeUserEntryPoint [as runMain] (node:internal/modules/run_main:154:5)
2026-05-10 12:06:39:     at node:internal/main/run_main_module:33:47
2026-05-10 12:06:39: 
2026-05-10 12:06:39: Node.js v24.14.0
2026-05-10 12:06:40: D:\new er\node_modules\.bin\next:2
2026-05-10 12:06:40: basedir=$(dirname "$(echo "$0" | sed -e 's,\\,/,g')")
2026-05-10 12:06:40:           ^^^^^^^
2026-05-10 12:06:40: 
2026-05-10 12:06:40: SyntaxError: missing ) after argument list
2026-05-10 12:06:40:     at wrapSafe (node:internal/modules/cjs/loader:1743:18)
2026-05-10 12:06:40:     at Module._compile (node:internal/modules/cjs/loader:1786:20)
2026-05-10 12:06:40:     at Object..js (node:internal/modules/cjs/loader:1943:10)
2026-05-10 12:06:40:     at Module.load (node:internal/modules/cjs/loader:1533:32)
2026-05-10 12:06:40:     at Module._load (node:internal/modules/cjs/loader:1335:12)
2026-05-10 12:06:40:     at wrapModuleLoad (node:internal/modules/cjs/loader:255:19)
2026-05-10 12:06:40:     at Module.executeUserEntryPoint [as runMain] (node:internal/modules/run_main:154:5)
2026-05-10 12:06:40:     at node:internal/main/run_main_module:33:47
2026-05-10 12:06:40: 
2026-05-10 12:06:40: Node.js v24.14.0
2026-05-10 12:06:41: D:\new er\node_modules\.bin\next:2
2026-05-10 12:06:41: basedir=$(dirname "$(echo "$0" | sed -e 's,\\,/,g')")
2026-05-10 12:06:41:           ^^^^^^^
2026-05-10 12:06:41: 
2026-05-10 12:06:41: SyntaxError: missing ) after argument list
2026-05-10 12:06:41:     at wrapSafe (node:internal/modules/cjs/loader:1743:18)
2026-05-10 12:06:41:     at Module._compile (node:internal/modules/cjs/loader:1786:20)
2026-05-10 12:06:41:     at Object..js (node:internal/modules/cjs/loader:1943:10)
2026-05-10 12:06:41:     at Module.load (node:internal/modules/cjs/loader:1533:32)
2026-05-10 12:06:41:     at Module._load (node:internal/modules/cjs/loader:1335:12)
2026-05-10 12:06:41:     at wrapModuleLoad (node:internal/modules/cjs/loader:255:19)
2026-05-10 12:06:41:     at Module.executeUserEntryPoint [as runMain] (node:internal/modules/run_main:154:5)
2026-05-10 12:06:41:     at node:internal/main/run_main_module:33:47
2026-05-10 12:06:41: 
2026-05-10 12:06:41: Node.js v24.14.0
2026-05-10 12:06:42: D:\new er\node_modules\.bin\next:2
2026-05-10 12:06:42: basedir=$(dirname "$(echo "$0" | sed -e 's,\\,/,g')")
2026-05-10 12:06:42:           ^^^^^^^
2026-05-10 12:06:42: 
2026-05-10 12:06:42: SyntaxError: missing ) after argument list
2026-05-10 12:06:42:     at wrapSafe (node:internal/modules/cjs/loader:1743:18)
2026-05-10 12:06:42:     at Module._compile (node:internal/modules/cjs/loader:1786:20)
2026-05-10 12:06:42:     at Object..js (node:internal/modules/cjs/loader:1943:10)
2026-05-10 12:06:42:     at Module.load (node:internal/modules/cjs/loader:1533:32)
2026-05-10 12:06:42:     at Module._load (node:internal/modules/cjs/loader:1335:12)
2026-05-10 12:06:42:     at wrapModuleLoad (node:internal/modules/cjs/loader:255:19)
2026-05-10 12:06:42:     at Module.executeUserEntryPoint [as runMain] (node:internal/modules/run_main:154:5)
2026-05-10 12:06:42:     at node:internal/main/run_main_module:33:47
2026-05-10 12:06:42: 
2026-05-10 12:06:42: Node.js v24.14.0
2026-05-10 12:06:43: D:\new er\node_modules\.bin\next:2
2026-05-10 12:06:43: basedir=$(dirname "$(echo "$0" | sed -e 's,\\,/,g')")
2026-05-10 12:06:43:           ^^^^^^^
2026-05-10 12:06:43: 
2026-05-10 12:06:43: SyntaxError: missing ) after argument list
2026-05-10 12:06:43:     at wrapSafe (node:internal/modules/cjs/loader:1743:18)
2026-05-10 12:06:43:     at Module._compile (node:internal/modules/cjs/loader:1786:20)
2026-05-10 12:06:43:     at Object..js (node:internal/modules/cjs/loader:1943:10)
2026-05-10 12:06:43:     at Module.load (node:internal/modules/cjs/loader:1533:32)
2026-05-10 12:06:43:     at Module._load (node:internal/modules/cjs/loader:1335:12)
2026-05-10 12:06:43:     at wrapModuleLoad (node:internal/modules/cjs/loader:255:19)
2026-05-10 12:06:43:     at Module.executeUserEntryPoint [as runMain] (node:internal/modules/run_main:154:5)
2026-05-10 12:06:43:     at node:internal/main/run_main_module:33:47
2026-05-10 12:06:43: 
2026-05-10 12:06:43: Node.js v24.14.0
2026-05-10 12:06:43: D:\new er\node_modules\.bin\next:2
2026-05-10 12:06:43: basedir=$(dirname "$(echo "$0" | sed -e 's,\\,/,g')")
2026-05-10 12:06:43:           ^^^^^^^
2026-05-10 12:06:43: 
2026-05-10 12:06:43: SyntaxError: missing ) after argument list
2026-05-10 12:06:43:     at wrapSafe (node:internal/modules/cjs/loader:1743:18)
2026-05-10 12:06:43:     at Module._compile (node:internal/modules/cjs/loader:1786:20)
2026-05-10 12:06:43:     at Object..js (node:internal/modules/cjs/loader:1943:10)
2026-05-10 12:06:43:     at Module.load (node:internal/modules/cjs/loader:1533:32)
2026-05-10 12:06:43:     at Module._load (node:internal/modules/cjs/loader:1335:12)
2026-05-10 12:06:43:     at wrapModuleLoad (node:internal/modules/cjs/loader:255:19)
2026-05-10 12:06:43:     at Module.executeUserEntryPoint [as runMain] (node:internal/modules/run_main:154:5)
2026-05-10 12:06:43:     at node:internal/main/run_main_module:33:47
2026-05-10 12:06:43: 
2026-05-10 12:06:43: Node.js v24.14.0
2026-05-10 12:06:44: D:\new er\node_modules\.bin\next:2
2026-05-10 12:06:44: basedir=$(dirname "$(echo "$0" | sed -e 's,\\,/,g')")
2026-05-10 12:06:44:           ^^^^^^^
2026-05-10 12:06:44: 
2026-05-10 12:06:44: SyntaxError: missing ) after argument list
2026-05-10 12:06:44:     at wrapSafe (node:internal/modules/cjs/loader:1743:18)
2026-05-10 12:06:44:     at Module._compile (node:internal/modules/cjs/loader:1786:20)
2026-05-10 12:06:44:     at Object..js (node:internal/modules/cjs/loader:1943:10)
2026-05-10 12:06:44:     at Module.load (node:internal/modules/cjs/loader:1533:32)
2026-05-10 12:06:44:     at Module._load (node:internal/modules/cjs/loader:1335:12)
2026-05-10 12:06:44:     at wrapModuleLoad (node:internal/modules/cjs/loader:255:19)
2026-05-10 12:06:44:     at Module.executeUserEntryPoint [as runMain] (node:internal/modules/run_main:154:5)
2026-05-10 12:06:44:     at node:internal/main/run_main_module:33:47
2026-05-10 12:06:44: 
2026-05-10 12:06:44: Node.js v24.14.0
2026-05-10 12:06:46: D:\new er\node_modules\.bin\next:2
2026-05-10 12:06:46: basedir=$(dirname "$(echo "$0" | sed -e 's,\\,/,g')")
2026-05-10 12:06:46:           ^^^^^^^
2026-05-10 12:06:46: 
2026-05-10 12:06:46: SyntaxError: missing ) after argument list
2026-05-10 12:06:46:     at wrapSafe (node:internal/modules/cjs/loader:1743:18)
2026-05-10 12:06:46:     at Module._compile (node:internal/modules/cjs/loader:1786:20)
2026-05-10 12:06:46:     at Object..js (node:internal/modules/cjs/loader:1943:10)
2026-05-10 12:06:46:     at Module.load (node:internal/modules/cjs/loader:1533:32)
2026-05-10 12:06:46:     at Module._load (node:internal/modules/cjs/loader:1335:12)
2026-05-10 12:06:46:     at wrapModuleLoad (node:internal/modules/cjs/loader:255:19)
2026-05-10 12:06:46:     at Module.executeUserEntryPoint [as runMain] (node:internal/modules/run_main:154:5)
2026-05-10 12:06:46:     at node:internal/main/run_main_module:33:47
2026-05-10 12:06:46: 
2026-05-10 12:06:46: Node.js v24.14.0
2026-05-10 12:06:47: D:\new er\node_modules\.bin\next:2
2026-05-10 12:06:47: basedir=$(dirname "$(echo "$0" | sed -e 's,\\,/,g')")
2026-05-10 12:06:47:           ^^^^^^^
2026-05-10 12:06:47: 
2026-05-10 12:06:47: SyntaxError: missing ) after argument list
2026-05-10 12:06:47:     at wrapSafe (node:internal/modules/cjs/loader:1743:18)
2026-05-10 12:06:47:     at Module._compile (node:internal/modules/cjs/loader:1786:20)
2026-05-10 12:06:47:     at Object..js (node:internal/modules/cjs/loader:1943:10)
2026-05-10 12:06:47:     at Module.load (node:internal/modules/cjs/loader:1533:32)
2026-05-10 12:06:47:     at Module._load (node:internal/modules/cjs/loader:1335:12)
2026-05-10 12:06:47:     at wrapModuleLoad (node:internal/modules/cjs/loader:255:19)
2026-05-10 12:06:47:     at Module.executeUserEntryPoint [as runMain] (node:internal/modules/run_main:154:5)
2026-05-10 12:06:47:     at node:internal/main/run_main_module:33:47
2026-05-10 12:06:47: 
2026-05-10 12:06:47: Node.js v24.14.0
2026-05-10 12:06:48: D:\new er\node_modules\.bin\next:2
2026-05-10 12:06:48: basedir=$(dirname "$(echo "$0" | sed -e 's,\\,/,g')")
2026-05-10 12:06:48:           ^^^^^^^
2026-05-10 12:06:48: 
2026-05-10 12:06:48: SyntaxError: missing ) after argument list
2026-05-10 12:06:48:     at wrapSafe (node:internal/modules/cjs/loader:1743:18)
2026-05-10 12:06:48:     at Module._compile (node:internal/modules/cjs/loader:1786:20)
2026-05-10 12:06:48:     at Object..js (node:internal/modules/cjs/loader:1943:10)
2026-05-10 12:06:48:     at Module.load (node:internal/modules/cjs/loader:1533:32)
2026-05-10 12:06:48:     at Module._load (node:internal/modules/cjs/loader:1335:12)
2026-05-10 12:06:48:     at wrapModuleLoad (node:internal/modules/cjs/loader:255:19)
2026-05-10 12:06:48:     at Module.executeUserEntryPoint [as runMain] (node:internal/modules/run_main:154:5)
2026-05-10 12:06:48:     at node:internal/main/run_main_module:33:47
2026-05-10 12:06:48: 
2026-05-10 12:06:48: Node.js v24.14.0
2026-05-10 12:06:49: D:\new er\node_modules\.bin\next:2
2026-05-10 12:06:49: basedir=$(dirname "$(echo "$0" | sed -e 's,\\,/,g')")
2026-05-10 12:06:49:           ^^^^^^^
2026-05-10 12:06:49: 
2026-05-10 12:06:49: SyntaxError: missing ) after argument list
2026-05-10 12:06:49:     at wrapSafe (node:internal/modules/cjs/loader:1743:18)
2026-05-10 12:06:49:     at Module._compile (node:internal/modules/cjs/loader:1786:20)
2026-05-10 12:06:49:     at Object..js (node:internal/modules/cjs/loader:1943:10)
2026-05-10 12:06:49:     at Module.load (node:internal/modules/cjs/loader:1533:32)
2026-05-10 12:06:49:     at Module._load (node:internal/modules/cjs/loader:1335:12)
2026-05-10 12:06:49:     at wrapModuleLoad (node:internal/modules/cjs/loader:255:19)
2026-05-10 12:06:49:     at Module.executeUserEntryPoint [as runMain] (node:internal/modules/run_main:154:5)
2026-05-10 12:06:49:     at node:internal/main/run_main_module:33:47
2026-05-10 12:06:49: 
2026-05-10 12:06:49: Node.js v24.14.0
2026-05-10 12:06:50: D:\new er\node_modules\.bin\next:2
2026-05-10 12:06:50: basedir=$(dirname "$(echo "$0" | sed -e 's,\\,/,g')")
2026-05-10 12:06:50:           ^^^^^^^
2026-05-10 12:06:50: 
2026-05-10 12:06:50: SyntaxError: missing ) after argument list
2026-05-10 12:06:50:     at wrapSafe (node:internal/modules/cjs/loader:1743:18)
2026-05-10 12:06:50:     at Module._compile (node:internal/modules/cjs/loader:1786:20)
2026-05-10 12:06:50:     at Object..js (node:internal/modules/cjs/loader:1943:10)
2026-05-10 12:06:50:     at Module.load (node:internal/modules/cjs/loader:1533:32)
2026-05-10 12:06:50:     at Module._load (node:internal/modules/cjs/loader:1335:12)
2026-05-10 12:06:50:     at wrapModuleLoad (node:internal/modules/cjs/loader:255:19)
2026-05-10 12:06:50:     at Module.executeUserEntryPoint [as runMain] (node:internal/modules/run_main:154:5)
2026-05-10 12:06:50:     at node:internal/main/run_main_module:33:47
2026-05-10 12:06:50: 
2026-05-10 12:06:50: Node.js v24.14.0
2026-05-10 12:06:52: D:\new er\node_modules\.bin\next:2
2026-05-10 12:06:52: basedir=$(dirname "$(echo "$0" | sed -e 's,\\,/,g')")
2026-05-10 12:06:52:           ^^^^^^^
2026-05-10 12:06:52: 
2026-05-10 12:06:52: SyntaxError: missing ) after argument list
2026-05-10 12:06:52:     at wrapSafe (node:internal/modules/cjs/loader:1743:18)
2026-05-10 12:06:52:     at Module._compile (node:internal/modules/cjs/loader:1786:20)
2026-05-10 12:06:52:     at Object..js (node:internal/modules/cjs/loader:1943:10)
2026-05-10 12:06:52:     at Module.load (node:internal/modules/cjs/loader:1533:32)
2026-05-10 12:06:52:     at Module._load (node:internal/modules/cjs/loader:1335:12)
2026-05-10 12:06:52:     at wrapModuleLoad (node:internal/modules/cjs/loader:255:19)
2026-05-10 12:06:52:     at Module.executeUserEntryPoint [as runMain] (node:internal/modules/run_main:154:5)
2026-05-10 12:06:52:     at node:internal/main/run_main_module:33:47
2026-05-10 12:06:52: 
2026-05-10 12:06:52: Node.js v24.14.0
2026-05-10 12:06:53: D:\new er\node_modules\.bin\next:2
2026-05-10 12:06:53: basedir=$(dirname "$(echo "$0" | sed -e 's,\\,/,g')")
2026-05-10 12:06:53:           ^^^^^^^
2026-05-10 12:06:53: 
2026-05-10 12:06:53: SyntaxError: missing ) after argument list
2026-05-10 12:06:53:     at wrapSafe (node:internal/modules/cjs/loader:1743:18)
2026-05-10 12:06:53:     at Module._compile (node:internal/modules/cjs/loader:1786:20)
2026-05-10 12:06:53:     at Object..js (node:internal/modules/cjs/loader:1943:10)
2026-05-10 12:06:53:     at Module.load (node:internal/modules/cjs/loader:1533:32)
2026-05-10 12:06:53:     at Module._load (node:internal/modules/cjs/loader:1335:12)
2026-05-10 12:06:53:     at wrapModuleLoad (node:internal/modules/cjs/loader:255:19)
2026-05-10 12:06:53:     at Module.executeUserEntryPoint [as runMain] (node:internal/modules/run_main:154:5)
2026-05-10 12:06:53:     at node:internal/main/run_main_module:33:47
2026-05-10 12:06:53: 
2026-05-10 12:06:53: Node.js v24.14.0
2026-05-10 12:06:54: D:\new er\node_modules\.bin\next:2
2026-05-10 12:06:54: basedir=$(dirname "$(echo "$0" | sed -e 's,\\,/,g')")
2026-05-10 12:06:54:           ^^^^^^^
2026-05-10 12:06:54: 
2026-05-10 12:06:54: SyntaxError: missing ) after argument list
2026-05-10 12:06:54:     at wrapSafe (node:internal/modules/cjs/loader:1743:18)
2026-05-10 12:06:54:     at Module._compile (node:internal/modules/cjs/loader:1786:20)
2026-05-10 12:06:54:     at Object..js (node:internal/modules/cjs/loader:1943:10)
2026-05-10 12:06:54:     at Module.load (node:internal/modules/cjs/loader:1533:32)
2026-05-10 12:06:54:     at Module._load (node:internal/modules/cjs/loader:1335:12)
2026-05-10 12:06:54:     at wrapModuleLoad (node:internal/modules/cjs/loader:255:19)
2026-05-10 12:06:54:     at Module.executeUserEntryPoint [as runMain] (node:internal/modules/run_main:154:5)
2026-05-10 12:06:54:     at node:internal/main/run_main_module:33:47
2026-05-10 12:06:54: 
2026-05-10 12:06:54: Node.js v24.14.0
2026-05-10 12:06:55: D:\new er\node_modules\.bin\next:2
2026-05-10 12:06:55: basedir=$(dirname "$(echo "$0" | sed -e 's,\\,/,g')")
2026-05-10 12:06:55:           ^^^^^^^
2026-05-10 12:06:55: 
2026-05-10 12:06:55: SyntaxError: missing ) after argument list
2026-05-10 12:06:55:     at wrapSafe (node:internal/modules/cjs/loader:1743:18)
2026-05-10 12:06:55:     at Module._compile (node:internal/modules/cjs/loader:1786:20)
2026-05-10 12:06:55:     at Object..js (node:internal/modules/cjs/loader:1943:10)
2026-05-10 12:06:55:     at Module.load (node:internal/modules/cjs/loader:1533:32)
2026-05-10 12:06:55:     at Module._load (node:internal/modules/cjs/loader:1335:12)
2026-05-10 12:06:55:     at wrapModuleLoad (node:internal/modules/cjs/loader:255:19)
2026-05-10 12:06:55:     at Module.executeUserEntryPoint [as runMain] (node:internal/modules/run_main:154:5)
2026-05-10 12:06:55:     at node:internal/main/run_main_module:33:47
2026-05-10 12:06:55: 
2026-05-10 12:06:55: Node.js v24.14.0
2026-05-10 12:06:56: D:\new er\node_modules\.bin\next:2
2026-05-10 12:06:56: basedir=$(dirname "$(echo "$0" | sed -e 's,\\,/,g')")
2026-05-10 12:06:56:           ^^^^^^^
2026-05-10 12:06:56: 
2026-05-10 12:06:56: SyntaxError: missing ) after argument list
2026-05-10 12:06:56:     at wrapSafe (node:internal/modules/cjs/loader:1743:18)
2026-05-10 12:06:56:     at Module._compile (node:internal/modules/cjs/loader:1786:20)
2026-05-10 12:06:56:     at Object..js (node:internal/modules/cjs/loader:1943:10)
2026-05-10 12:06:56:     at Module.load (node:internal/modules/cjs/loader:1533:32)
2026-05-10 12:06:56:     at Module._load (node:internal/modules/cjs/loader:1335:12)
2026-05-10 12:06:56:     at wrapModuleLoad (node:internal/modules/cjs/loader:255:19)
2026-05-10 12:06:56:     at Module.executeUserEntryPoint [as runMain] (node:internal/modules/run_main:154:5)
2026-05-10 12:06:56:     at node:internal/main/run_main_module:33:47
2026-05-10 12:06:56: 
2026-05-10 12:06:56: Node.js v24.14.0
2026-05-10 12:06:57: D:\new er\node_modules\.bin\next:2
2026-05-10 12:06:57: basedir=$(dirname "$(echo "$0" | sed -e 's,\\,/,g')")
2026-05-10 12:06:57:           ^^^^^^^
2026-05-10 12:06:57: 
2026-05-10 12:06:57: SyntaxError: missing ) after argument list
2026-05-10 12:06:57:     at wrapSafe (node:internal/modules/cjs/loader:1743:18)
2026-05-10 12:06:57:     at Module._compile (node:internal/modules/cjs/loader:1786:20)
2026-05-10 12:06:57:     at Object..js (node:internal/modules/cjs/loader:1943:10)
2026-05-10 12:06:57:     at Module.load (node:internal/modules/cjs/loader:1533:32)
2026-05-10 12:06:57:     at Module._load (node:internal/modules/cjs/loader:1335:12)
2026-05-10 12:06:57:     at wrapModuleLoad (node:internal/modules/cjs/loader:255:19)
2026-05-10 12:06:57:     at Module.executeUserEntryPoint [as runMain] (node:internal/modules/run_main:154:5)
2026-05-10 12:06:57:     at node:internal/main/run_main_module:33:47
2026-05-10 12:06:57: 
2026-05-10 12:06:57: Node.js v24.14.0
2026-05-10 12:06:58: D:\new er\node_modules\.bin\next:2
2026-05-10 12:06:58: basedir=$(dirname "$(echo "$0" | sed -e 's,\\,/,g')")
2026-05-10 12:06:58:           ^^^^^^^
2026-05-10 12:06:58: 
2026-05-10 12:06:58: SyntaxError: missing ) after argument list
2026-05-10 12:06:58:     at wrapSafe (node:internal/modules/cjs/loader:1743:18)
2026-05-10 12:06:58:     at Module._compile (node:internal/modules/cjs/loader:1786:20)
2026-05-10 12:06:58:     at Object..js (node:internal/modules/cjs/loader:1943:10)
2026-05-10 12:06:58:     at Module.load (node:internal/modules/cjs/loader:1533:32)
2026-05-10 12:06:58:     at Module._load (node:internal/modules/cjs/loader:1335:12)
2026-05-10 12:06:58:     at wrapModuleLoad (node:internal/modules/cjs/loader:255:19)
2026-05-10 12:06:58:     at Module.executeUserEntryPoint [as runMain] (node:internal/modules/run_main:154:5)
2026-05-10 12:06:58:     at node:internal/main/run_main_module:33:47
2026-05-10 12:06:58: 
2026-05-10 12:06:58: Node.js v24.14.0
2026-05-10 12:06:59: D:\new er\node_modules\.bin\next:2
2026-05-10 12:06:59: basedir=$(dirname "$(echo "$0" | sed -e 's,\\,/,g')")
2026-05-10 12:06:59:           ^^^^^^^
2026-05-10 12:06:59: 
2026-05-10 12:06:59: SyntaxError: missing ) after argument list
2026-05-10 12:06:59:     at wrapSafe (node:internal/modules/cjs/loader:1743:18)
2026-05-10 12:06:59:     at Module._compile (node:internal/modules/cjs/loader:1786:20)
2026-05-10 12:06:59:     at Object..js (node:internal/modules/cjs/loader:1943:10)
2026-05-10 12:06:59:     at Module.load (node:internal/modules/cjs/loader:1533:32)
2026-05-10 12:06:59:     at Module._load (node:internal/modules/cjs/loader:1335:12)
2026-05-10 12:06:59:     at wrapModuleLoad (node:internal/modules/cjs/loader:255:19)
2026-05-10 12:06:59:     at Module.executeUserEntryPoint [as runMain] (node:internal/modules/run_main:154:5)
2026-05-10 12:06:59:     at node:internal/main/run_main_module:33:47
2026-05-10 12:06:59: 
2026-05-10 12:06:59: Node.js v24.14.0
2026-05-10 12:07:00: D:\new er\node_modules\.bin\next:2
2026-05-10 12:07:00: basedir=$(dirname "$(echo "$0" | sed -e 's,\\,/,g')")
2026-05-10 12:07:00:           ^^^^^^^
2026-05-10 12:07:00: 
2026-05-10 12:07:00: SyntaxError: missing ) after argument list
2026-05-10 12:07:00:     at wrapSafe (node:internal/modules/cjs/loader:1743:18)
2026-05-10 12:07:00:     at Module._compile (node:internal/modules/cjs/loader:1786:20)
2026-05-10 12:07:00:     at Object..js (node:internal/modules/cjs/loader:1943:10)
2026-05-10 12:07:00:     at Module.load (node:internal/modules/cjs/loader:1533:32)
2026-05-10 12:07:00:     at Module._load (node:internal/modules/cjs/loader:1335:12)
2026-05-10 12:07:00:     at wrapModuleLoad (node:internal/modules/cjs/loader:255:19)
2026-05-10 12:07:00:     at Module.executeUserEntryPoint [as runMain] (node:internal/modules/run_main:154:5)
2026-05-10 12:07:00:     at node:internal/main/run_main_module:33:47
2026-05-10 12:07:00: 
2026-05-10 12:07:00: Node.js v24.14.0
2026-05-10 12:07:01: D:\new er\node_modules\.bin\next:2
2026-05-10 12:07:01: basedir=$(dirname "$(echo "$0" | sed -e 's,\\,/,g')")
2026-05-10 12:07:01:           ^^^^^^^
2026-05-10 12:07:01: 
2026-05-10 12:07:01: SyntaxError: missing ) after argument list
2026-05-10 12:07:01:     at wrapSafe (node:internal/modules/cjs/loader:1743:18)
2026-05-10 12:07:01:     at Module._compile (node:internal/modules/cjs/loader:1786:20)
2026-05-10 12:07:01:     at Object..js (node:internal/modules/cjs/loader:1943:10)
2026-05-10 12:07:01:     at Module.load (node:internal/modules/cjs/loader:1533:32)
2026-05-10 12:07:01:     at Module._load (node:internal/modules/cjs/loader:1335:12)
2026-05-10 12:07:01:     at wrapModuleLoad (node:internal/modules/cjs/loader:255:19)
2026-05-10 12:07:01:     at Module.executeUserEntryPoint [as runMain] (node:internal/modules/run_main:154:5)
2026-05-10 12:07:01:     at node:internal/main/run_main_module:33:47
2026-05-10 12:07:01: 
2026-05-10 12:07:01: Node.js v24.14.0
2026-05-10 12:07:02: D:\new er\node_modules\.bin\next:2
2026-05-10 12:07:02: basedir=$(dirname "$(echo "$0" | sed -e 's,\\,/,g')")
2026-05-10 12:07:02:           ^^^^^^^
2026-05-10 12:07:02: 
2026-05-10 12:07:02: SyntaxError: missing ) after argument list
2026-05-10 12:07:02:     at wrapSafe (node:internal/modules/cjs/loader:1743:18)
2026-05-10 12:07:02:     at Module._compile (node:internal/modules/cjs/loader:1786:20)
2026-05-10 12:07:02:     at Object..js (node:internal/modules/cjs/loader:1943:10)
2026-05-10 12:07:02:     at Module.load (node:internal/modules/cjs/loader:1533:32)
2026-05-10 12:07:02:     at Module._load (node:internal/modules/cjs/loader:1335:12)
2026-05-10 12:07:02:     at wrapModuleLoad (node:internal/modules/cjs/loader:255:19)
2026-05-10 12:07:02:     at Module.executeUserEntryPoint [as runMain] (node:internal/modules/run_main:154:5)
2026-05-10 12:07:02:     at node:internal/main/run_main_module:33:47
2026-05-10 12:07:02: 
2026-05-10 12:07:02: Node.js v24.14.0
2026-05-10 12:07:03: D:\new er\node_modules\.bin\next:2
2026-05-10 12:07:03: basedir=$(dirname "$(echo "$0" | sed -e 's,\\,/,g')")
2026-05-10 12:07:03:           ^^^^^^^
2026-05-10 12:07:03: 
2026-05-10 12:07:03: SyntaxError: missing ) after argument list
2026-05-10 12:07:03:     at wrapSafe (node:internal/modules/cjs/loader:1743:18)
2026-05-10 12:07:03:     at Module._compile (node:internal/modules/cjs/loader:1786:20)
2026-05-10 12:07:03:     at Object..js (node:internal/modules/cjs/loader:1943:10)
2026-05-10 12:07:03:     at Module.load (node:internal/modules/cjs/loader:1533:32)
2026-05-10 12:07:03:     at Module._load (node:internal/modules/cjs/loader:1335:12)
2026-05-10 12:07:03:     at wrapModuleLoad (node:internal/modules/cjs/loader:255:19)
2026-05-10 12:07:03:     at Module.executeUserEntryPoint [as runMain] (node:internal/modules/run_main:154:5)
2026-05-10 12:07:03:     at node:internal/main/run_main_module:33:47
2026-05-10 12:07:03: 
2026-05-10 12:07:03: Node.js v24.14.0
2026-05-10 12:07:04: D:\new er\node_modules\.bin\next:2
2026-05-10 12:07:04: basedir=$(dirname "$(echo "$0" | sed -e 's,\\,/,g')")
2026-05-10 12:07:04:           ^^^^^^^
2026-05-10 12:07:04: 
2026-05-10 12:07:04: SyntaxError: missing ) after argument list
2026-05-10 12:07:04:     at wrapSafe (node:internal/modules/cjs/loader:1743:18)
2026-05-10 12:07:04:     at Module._compile (node:internal/modules/cjs/loader:1786:20)
2026-05-10 12:07:04:     at Object..js (node:internal/modules/cjs/loader:1943:10)
2026-05-10 12:07:04:     at Module.load (node:internal/modules/cjs/loader:1533:32)
2026-05-10 12:07:04:     at Module._load (node:internal/modules/cjs/loader:1335:12)
2026-05-10 12:07:04:     at wrapModuleLoad (node:internal/modules/cjs/loader:255:19)
2026-05-10 12:07:04:     at Module.executeUserEntryPoint [as runMain] (node:internal/modules/run_main:154:5)
2026-05-10 12:07:04:     at node:internal/main/run_main_module:33:47
2026-05-10 12:07:04: 
2026-05-10 12:07:04: Node.js v24.14.0
2026-05-10 12:07:05: D:\new er\node_modules\.bin\next:2
2026-05-10 12:07:05: basedir=$(dirname "$(echo "$0" | sed -e 's,\\,/,g')")
2026-05-10 12:07:05:           ^^^^^^^
2026-05-10 12:07:05: 
2026-05-10 12:07:05: SyntaxError: missing ) after argument list
2026-05-10 12:07:05:     at wrapSafe (node:internal/modules/cjs/loader:1743:18)
2026-05-10 12:07:05:     at Module._compile (node:internal/modules/cjs/loader:1786:20)
2026-05-10 12:07:05:     at Object..js (node:internal/modules/cjs/loader:1943:10)
2026-05-10 12:07:05:     at Module.load (node:internal/modules/cjs/loader:1533:32)
2026-05-10 12:07:05:     at Module._load (node:internal/modules/cjs/loader:1335:12)
2026-05-10 12:07:05:     at wrapModuleLoad (node:internal/modules/cjs/loader:255:19)
2026-05-10 12:07:05:     at Module.executeUserEntryPoint [as runMain] (node:internal/modules/run_main:154:5)
2026-05-10 12:07:05:     at node:internal/main/run_main_module:33:47
2026-05-10 12:07:05: 
2026-05-10 12:07:05: Node.js v24.14.0
2026-05-10 12:07:06: D:\new er\node_modules\.bin\next:2
2026-05-10 12:07:06: basedir=$(dirname "$(echo "$0" | sed -e 's,\\,/,g')")
2026-05-10 12:07:06:           ^^^^^^^
2026-05-10 12:07:06: 
2026-05-10 12:07:06: SyntaxError: missing ) after argument list
2026-05-10 12:07:06:     at wrapSafe (node:internal/modules/cjs/loader:1743:18)
2026-05-10 12:07:06:     at Module._compile (node:internal/modules/cjs/loader:1786:20)
2026-05-10 12:07:06:     at Object..js (node:internal/modules/cjs/loader:1943:10)
2026-05-10 12:07:06:     at Module.load (node:internal/modules/cjs/loader:1533:32)
2026-05-10 12:07:06:     at Module._load (node:internal/modules/cjs/loader:1335:12)
2026-05-10 12:07:06:     at wrapModuleLoad (node:internal/modules/cjs/loader:255:19)
2026-05-10 12:07:06:     at Module.executeUserEntryPoint [as runMain] (node:internal/modules/run_main:154:5)
2026-05-10 12:07:06:     at node:internal/main/run_main_module:33:47
2026-05-10 12:07:06: 
2026-05-10 12:07:06: Node.js v24.14.0
2026-05-10 12:07:07: D:\new er\node_modules\.bin\next:2
2026-05-10 12:07:07: basedir=$(dirname "$(echo "$0" | sed -e 's,\\,/,g')")
2026-05-10 12:07:07:           ^^^^^^^
2026-05-10 12:07:07: 
2026-05-10 12:07:07: SyntaxError: missing ) after argument list
2026-05-10 12:07:07:     at wrapSafe (node:internal/modules/cjs/loader:1743:18)
2026-05-10 12:07:07:     at Module._compile (node:internal/modules/cjs/loader:1786:20)
2026-05-10 12:07:07:     at Object..js (node:internal/modules/cjs/loader:1943:10)
2026-05-10 12:07:07:     at Module.load (node:internal/modules/cjs/loader:1533:32)
2026-05-10 12:07:07:     at Module._load (node:internal/modules/cjs/loader:1335:12)
2026-05-10 12:07:07:     at wrapModuleLoad (node:internal/modules/cjs/loader:255:19)
2026-05-10 12:07:07:     at Module.executeUserEntryPoint [as runMain] (node:internal/modules/run_main:154:5)
2026-05-10 12:07:07:     at node:internal/main/run_main_module:33:47
2026-05-10 12:07:07: 
2026-05-10 12:07:07: Node.js v24.14.0
2026-05-10 12:07:08: D:\new er\node_modules\.bin\next:2
2026-05-10 12:07:08: basedir=$(dirname "$(echo "$0" | sed -e 's,\\,/,g')")
2026-05-10 12:07:08:           ^^^^^^^
2026-05-10 12:07:08: 
2026-05-10 12:07:08: SyntaxError: missing ) after argument list
2026-05-10 12:07:08:     at wrapSafe (node:internal/modules/cjs/loader:1743:18)
2026-05-10 12:07:08:     at Module._compile (node:internal/modules/cjs/loader:1786:20)
2026-05-10 12:07:08:     at Object..js (node:internal/modules/cjs/loader:1943:10)
2026-05-10 12:07:08:     at Module.load (node:internal/modules/cjs/loader:1533:32)
2026-05-10 12:07:08:     at Module._load (node:internal/modules/cjs/loader:1335:12)
2026-05-10 12:07:08:     at wrapModuleLoad (node:internal/modules/cjs/loader:255:19)
2026-05-10 12:07:08:     at Module.executeUserEntryPoint [as runMain] (node:internal/modules/run_main:154:5)
2026-05-10 12:07:08:     at node:internal/main/run_main_module:33:47
2026-05-10 12:07:08: 
2026-05-10 12:07:08: Node.js v24.14.0
2026-05-10 12:07:09: D:\new er\node_modules\.bin\next:2
2026-05-10 12:07:09: basedir=$(dirname "$(echo "$0" | sed -e 's,\\,/,g')")
2026-05-10 12:07:09:           ^^^^^^^
2026-05-10 12:07:09: 
2026-05-10 12:07:09: SyntaxError: missing ) after argument list
2026-05-10 12:07:09:     at wrapSafe (node:internal/modules/cjs/loader:1743:18)
2026-05-10 12:07:09:     at Module._compile (node:internal/modules/cjs/loader:1786:20)
2026-05-10 12:07:09:     at Object..js (node:internal/modules/cjs/loader:1943:10)
2026-05-10 12:07:09:     at Module.load (node:internal/modules/cjs/loader:1533:32)
2026-05-10 12:07:09:     at Module._load (node:internal/modules/cjs/loader:1335:12)
2026-05-10 12:07:09:     at wrapModuleLoad (node:internal/modules/cjs/loader:255:19)
2026-05-10 12:07:09:     at Module.executeUserEntryPoint [as runMain] (node:internal/modules/run_main:154:5)
2026-05-10 12:07:09:     at node:internal/main/run_main_module:33:47
2026-05-10 12:07:09: 
2026-05-10 12:07:09: Node.js v24.14.0
2026-05-10 12:07:10: D:\new er\node_modules\.bin\next:2
2026-05-10 12:07:10: basedir=$(dirname "$(echo "$0" | sed -e 's,\\,/,g')")
2026-05-10 12:07:10:           ^^^^^^^
2026-05-10 12:07:10: 
2026-05-10 12:07:10: SyntaxError: missing ) after argument list
2026-05-10 12:07:10:     at wrapSafe (node:internal/modules/cjs/loader:1743:18)
2026-05-10 12:07:10:     at Module._compile (node:internal/modules/cjs/loader:1786:20)
2026-05-10 12:07:10:     at Object..js (node:internal/modules/cjs/loader:1943:10)
2026-05-10 12:07:10:     at Module.load (node:internal/modules/cjs/loader:1533:32)
2026-05-10 12:07:10:     at Module._load (node:internal/modules/cjs/loader:1335:12)
2026-05-10 12:07:10:     at wrapModuleLoad (node:internal/modules/cjs/loader:255:19)
2026-05-10 12:07:10:     at Module.executeUserEntryPoint [as runMain] (node:internal/modules/run_main:154:5)
2026-05-10 12:07:10:     at node:internal/main/run_main_module:33:47
2026-05-10 12:07:10: 
2026-05-10 12:07:10: Node.js v24.14.0
2026-05-10 12:07:11: D:\new er\node_modules\.bin\next:2
2026-05-10 12:07:11: basedir=$(dirname "$(echo "$0" | sed -e 's,\\,/,g')")
2026-05-10 12:07:11:           ^^^^^^^
2026-05-10 12:07:11: 
2026-05-10 12:07:11: SyntaxError: missing ) after argument list
2026-05-10 12:07:11:     at wrapSafe (node:internal/modules/cjs/loader:1743:18)
2026-05-10 12:07:11:     at Module._compile (node:internal/modules/cjs/loader:1786:20)
2026-05-10 12:07:11:     at Object..js (node:internal/modules/cjs/loader:1943:10)
2026-05-10 12:07:11:     at Module.load (node:internal/modules/cjs/loader:1533:32)
2026-05-10 12:07:11:     at Module._load (node:internal/modules/cjs/loader:1335:12)
2026-05-10 12:07:11:     at wrapModuleLoad (node:internal/modules/cjs/loader:255:19)
2026-05-10 12:07:11:     at Module.executeUserEntryPoint [as runMain] (node:internal/modules/run_main:154:5)
2026-05-10 12:07:11:     at node:internal/main/run_main_module:33:47
2026-05-10 12:07:11: 
2026-05-10 12:07:11: Node.js v24.14.0
2026-05-10 12:07:12: D:\new er\node_modules\.bin\next:2
2026-05-10 12:07:12: basedir=$(dirname "$(echo "$0" | sed -e 's,\\,/,g')")
2026-05-10 12:07:12:           ^^^^^^^
2026-05-10 12:07:12: 
2026-05-10 12:07:12: SyntaxError: missing ) after argument list
2026-05-10 12:07:12:     at wrapSafe (node:internal/modules/cjs/loader:1743:18)
2026-05-10 12:07:12:     at Module._compile (node:internal/modules/cjs/loader:1786:20)
2026-05-10 12:07:12:     at Object..js (node:internal/modules/cjs/loader:1943:10)
2026-05-10 12:07:12:     at Module.load (node:internal/modules/cjs/loader:1533:32)
2026-05-10 12:07:12:     at Module._load (node:internal/modules/cjs/loader:1335:12)
2026-05-10 12:07:12:     at wrapModuleLoad (node:internal/modules/cjs/loader:255:19)
2026-05-10 12:07:12:     at Module.executeUserEntryPoint [as runMain] (node:internal/modules/run_main:154:5)
2026-05-10 12:07:12:     at node:internal/main/run_main_module:33:47
2026-05-10 12:07:12: 
2026-05-10 12:07:12: Node.js v24.14.0
2026-05-10 12:07:13: D:\new er\node_modules\.bin\next:2
2026-05-10 12:07:13: basedir=$(dirname "$(echo "$0" | sed -e 's,\\,/,g')")
2026-05-10 12:07:13:           ^^^^^^^
2026-05-10 12:07:13: 
2026-05-10 12:07:13: SyntaxError: missing ) after argument list
2026-05-10 12:07:13:     at wrapSafe (node:internal/modules/cjs/loader:1743:18)
2026-05-10 12:07:13:     at Module._compile (node:internal/modules/cjs/loader:1786:20)
2026-05-10 12:07:13:     at Object..js (node:internal/modules/cjs/loader:1943:10)
2026-05-10 12:07:13:     at Module.load (node:internal/modules/cjs/loader:1533:32)
2026-05-10 12:07:13:     at Module._load (node:internal/modules/cjs/loader:1335:12)
2026-05-10 12:07:13:     at wrapModuleLoad (node:internal/modules/cjs/loader:255:19)
2026-05-10 12:07:13:     at Module.executeUserEntryPoint [as runMain] (node:internal/modules/run_main:154:5)
2026-05-10 12:07:13:     at node:internal/main/run_main_module:33:47
2026-05-10 12:07:13: 
2026-05-10 12:07:13: Node.js v24.14.0
2026-05-10 12:07:14: D:\new er\node_modules\.bin\next:2
2026-05-10 12:07:14: basedir=$(dirname "$(echo "$0" | sed -e 's,\\,/,g')")
2026-05-10 12:07:14:           ^^^^^^^
2026-05-10 12:07:14: 
2026-05-10 12:07:14: SyntaxError: missing ) after argument list
2026-05-10 12:07:14:     at wrapSafe (node:internal/modules/cjs/loader:1743:18)
2026-05-10 12:07:14:     at Module._compile (node:internal/modules/cjs/loader:1786:20)
2026-05-10 12:07:14:     at Object..js (node:internal/modules/cjs/loader:1943:10)
2026-05-10 12:07:14:     at Module.load (node:internal/modules/cjs/loader:1533:32)
2026-05-10 12:07:14:     at Module._load (node:internal/modules/cjs/loader:1335:12)
2026-05-10 12:07:14:     at wrapModuleLoad (node:internal/modules/cjs/loader:255:19)
2026-05-10 12:07:14:     at Module.executeUserEntryPoint [as runMain] (node:internal/modules/run_main:154:5)
2026-05-10 12:07:14:     at node:internal/main/run_main_module:33:47
2026-05-10 12:07:14: 
2026-05-10 12:07:14: Node.js v24.14.0
2026-05-10 12:07:15: D:\new er\node_modules\.bin\next:2
2026-05-10 12:07:15: basedir=$(dirname "$(echo "$0" | sed -e 's,\\,/,g')")
2026-05-10 12:07:15:           ^^^^^^^
2026-05-10 12:07:15: 
2026-05-10 12:07:15: SyntaxError: missing ) after argument list
2026-05-10 12:07:15:     at wrapSafe (node:internal/modules/cjs/loader:1743:18)
2026-05-10 12:07:15:     at Module._compile (node:internal/modules/cjs/loader:1786:20)
2026-05-10 12:07:15:     at Object..js (node:internal/modules/cjs/loader:1943:10)
2026-05-10 12:07:15:     at Module.load (node:internal/modules/cjs/loader:1533:32)
2026-05-10 12:07:15:     at Module._load (node:internal/modules/cjs/loader:1335:12)
2026-05-10 12:07:15:     at wrapModuleLoad (node:internal/modules/cjs/loader:255:19)
2026-05-10 12:07:15:     at Module.executeUserEntryPoint [as runMain] (node:internal/modules/run_main:154:5)
2026-05-10 12:07:15:     at node:internal/main/run_main_module:33:47
2026-05-10 12:07:15: 
2026-05-10 12:07:15: Node.js v24.14.0
2026-05-10 12:07:16: D:\new er\node_modules\.bin\next:2
2026-05-10 12:07:16: basedir=$(dirname "$(echo "$0" | sed -e 's,\\,/,g')")
2026-05-10 12:07:16:           ^^^^^^^
2026-05-10 12:07:16: 
2026-05-10 12:07:16: SyntaxError: missing ) after argument list
2026-05-10 12:07:16:     at wrapSafe (node:internal/modules/cjs/loader:1743:18)
2026-05-10 12:07:16:     at Module._compile (node:internal/modules/cjs/loader:1786:20)
2026-05-10 12:07:16:     at Object..js (node:internal/modules/cjs/loader:1943:10)
2026-05-10 12:07:16:     at Module.load (node:internal/modules/cjs/loader:1533:32)
2026-05-10 12:07:16:     at Module._load (node:internal/modules/cjs/loader:1335:12)
2026-05-10 12:07:16:     at wrapModuleLoad (node:internal/modules/cjs/loader:255:19)
2026-05-10 12:07:16:     at Module.executeUserEntryPoint [as runMain] (node:internal/modules/run_main:154:5)
2026-05-10 12:07:16:     at node:internal/main/run_main_module:33:47
2026-05-10 12:07:16: 
2026-05-10 12:07:16: Node.js v24.14.0
2026-05-10 12:07:17: D:\new er\node_modules\.bin\next:2
2026-05-10 12:07:17: basedir=$(dirname "$(echo "$0" | sed -e 's,\\,/,g')")
2026-05-10 12:07:17:           ^^^^^^^
2026-05-10 12:07:17: 
2026-05-10 12:07:17: SyntaxError: missing ) after argument list
2026-05-10 12:07:17:     at wrapSafe (node:internal/modules/cjs/loader:1743:18)
2026-05-10 12:07:17:     at Module._compile (node:internal/modules/cjs/loader:1786:20)
2026-05-10 12:07:17:     at Object..js (node:internal/modules/cjs/loader:1943:10)
2026-05-10 12:07:17:     at Module.load (node:internal/modules/cjs/loader:1533:32)
2026-05-10 12:07:17:     at Module._load (node:internal/modules/cjs/loader:1335:12)
2026-05-10 12:07:17:     at wrapModuleLoad (node:internal/modules/cjs/loader:255:19)
2026-05-10 12:07:17:     at Module.executeUserEntryPoint [as runMain] (node:internal/modules/run_main:154:5)
2026-05-10 12:07:17:     at node:internal/main/run_main_module:33:47
2026-05-10 12:07:17: 
2026-05-10 12:07:17: Node.js v24.14.0
2026-05-10 12:07:18: D:\new er\node_modules\.bin\next:2
2026-05-10 12:07:18: basedir=$(dirname "$(echo "$0" | sed -e 's,\\,/,g')")
2026-05-10 12:07:18:           ^^^^^^^
2026-05-10 12:07:18: 
2026-05-10 12:07:18: SyntaxError: missing ) after argument list
2026-05-10 12:07:18:     at wrapSafe (node:internal/modules/cjs/loader:1743:18)
2026-05-10 12:07:18:     at Module._compile (node:internal/modules/cjs/loader:1786:20)
2026-05-10 12:07:18:     at Object..js (node:internal/modules/cjs/loader:1943:10)
2026-05-10 12:07:18:     at Module.load (node:internal/modules/cjs/loader:1533:32)
2026-05-10 12:07:18:     at Module._load (node:internal/modules/cjs/loader:1335:12)
2026-05-10 12:07:18:     at wrapModuleLoad (node:internal/modules/cjs/loader:255:19)
2026-05-10 12:07:18:     at Module.executeUserEntryPoint [as runMain] (node:internal/modules/run_main:154:5)
2026-05-10 12:07:18:     at node:internal/main/run_main_module:33:47
2026-05-10 12:07:18: 
2026-05-10 12:07:18: Node.js v24.14.0
2026-05-10 12:07:19: D:\new er\node_modules\.bin\next:2
2026-05-10 12:07:19: basedir=$(dirname "$(echo "$0" | sed -e 's,\\,/,g')")
2026-05-10 12:07:19:           ^^^^^^^
2026-05-10 12:07:19: 
2026-05-10 12:07:19: SyntaxError: missing ) after argument list
2026-05-10 12:07:19:     at wrapSafe (node:internal/modules/cjs/loader:1743:18)
2026-05-10 12:07:19:     at Module._compile (node:internal/modules/cjs/loader:1786:20)
2026-05-10 12:07:19:     at Object..js (node:internal/modules/cjs/loader:1943:10)
2026-05-10 12:07:19:     at Module.load (node:internal/modules/cjs/loader:1533:32)
2026-05-10 12:07:19:     at Module._load (node:internal/modules/cjs/loader:1335:12)
2026-05-10 12:07:19:     at wrapModuleLoad (node:internal/modules/cjs/loader:255:19)
2026-05-10 12:07:19:     at Module.executeUserEntryPoint [as runMain] (node:internal/modules/run_main:154:5)
2026-05-10 12:07:19:     at node:internal/main/run_main_module:33:47
2026-05-10 12:07:19: 
2026-05-10 12:07:19: Node.js v24.14.0
2026-05-10 12:07:20: D:\new er\node_modules\.bin\next:2
2026-05-10 12:07:20: basedir=$(dirname "$(echo "$0" | sed -e 's,\\,/,g')")
2026-05-10 12:07:20:           ^^^^^^^
2026-05-10 12:07:20: 
2026-05-10 12:07:20: SyntaxError: missing ) after argument list
2026-05-10 12:07:20:     at wrapSafe (node:internal/modules/cjs/loader:1743:18)
2026-05-10 12:07:20:     at Module._compile (node:internal/modules/cjs/loader:1786:20)
2026-05-10 12:07:20:     at Object..js (node:internal/modules/cjs/loader:1943:10)
2026-05-10 12:07:20:     at Module.load (node:internal/modules/cjs/loader:1533:32)
2026-05-10 12:07:20:     at Module._load (node:internal/modules/cjs/loader:1335:12)
2026-05-10 12:07:20:     at wrapModuleLoad (node:internal/modules/cjs/loader:255:19)
2026-05-10 12:07:20:     at Module.executeUserEntryPoint [as runMain] (node:internal/modules/run_main:154:5)
2026-05-10 12:07:20:     at node:internal/main/run_main_module:33:47
2026-05-10 12:07:20: 
2026-05-10 12:07:20: Node.js v24.14.0
2026-05-10 12:07:21: D:\new er\node_modules\.bin\next:2
2026-05-10 12:07:21: basedir=$(dirname "$(echo "$0" | sed -e 's,\\,/,g')")
2026-05-10 12:07:21:           ^^^^^^^
2026-05-10 12:07:21: 
2026-05-10 12:07:21: SyntaxError: missing ) after argument list
2026-05-10 12:07:21:     at wrapSafe (node:internal/modules/cjs/loader:1743:18)
2026-05-10 12:07:21:     at Module._compile (node:internal/modules/cjs/loader:1786:20)
2026-05-10 12:07:21:     at Object..js (node:internal/modules/cjs/loader:1943:10)
2026-05-10 12:07:21:     at Module.load (node:internal/modules/cjs/loader:1533:32)
2026-05-10 12:07:21:     at Module._load (node:internal/modules/cjs/loader:1335:12)
2026-05-10 12:07:21:     at wrapModuleLoad (node:internal/modules/cjs/loader:255:19)
2026-05-10 12:07:21:     at Module.executeUserEntryPoint [as runMain] (node:internal/modules/run_main:154:5)
2026-05-10 12:07:21:     at node:internal/main/run_main_module:33:47
2026-05-10 12:07:21: 
2026-05-10 12:07:21: Node.js v24.14.0
2026-05-10 12:07:22: D:\new er\node_modules\.bin\next:2
2026-05-10 12:07:22: basedir=$(dirname "$(echo "$0" | sed -e 's,\\,/,g')")
2026-05-10 12:07:22:           ^^^^^^^
2026-05-10 12:07:22: 
2026-05-10 12:07:22: SyntaxError: missing ) after argument list
2026-05-10 12:07:22:     at wrapSafe (node:internal/modules/cjs/loader:1743:18)
2026-05-10 12:07:22:     at Module._compile (node:internal/modules/cjs/loader:1786:20)
2026-05-10 12:07:22:     at Object..js (node:internal/modules/cjs/loader:1943:10)
2026-05-10 12:07:22:     at Module.load (node:internal/modules/cjs/loader:1533:32)
2026-05-10 12:07:22:     at Module._load (node:internal/modules/cjs/loader:1335:12)
2026-05-10 12:07:22:     at wrapModuleLoad (node:internal/modules/cjs/loader:255:19)
2026-05-10 12:07:22:     at Module.executeUserEntryPoint [as runMain] (node:internal/modules/run_main:154:5)
2026-05-10 12:07:22:     at node:internal/main/run_main_module:33:47
2026-05-10 12:07:22: 
2026-05-10 12:07:22: Node.js v24.14.0
2026-05-10 12:07:23: D:\new er\node_modules\.bin\next:2
2026-05-10 12:07:23: basedir=$(dirname "$(echo "$0" | sed -e 's,\\,/,g')")
2026-05-10 12:07:23:           ^^^^^^^
2026-05-10 12:07:23: 
2026-05-10 12:07:23: SyntaxError: missing ) after argument list
2026-05-10 12:07:23:     at wrapSafe (node:internal/modules/cjs/loader:1743:18)
2026-05-10 12:07:23:     at Module._compile (node:internal/modules/cjs/loader:1786:20)
2026-05-10 12:07:23:     at Object..js (node:internal/modules/cjs/loader:1943:10)
2026-05-10 12:07:23:     at Module.load (node:internal/modules/cjs/loader:1533:32)
2026-05-10 12:07:23:     at Module._load (node:internal/modules/cjs/loader:1335:12)
2026-05-10 12:07:23:     at wrapModuleLoad (node:internal/modules/cjs/loader:255:19)
2026-05-10 12:07:23:     at Module.executeUserEntryPoint [as runMain] (node:internal/modules/run_main:154:5)
2026-05-10 12:07:23:     at node:internal/main/run_main_module:33:47
2026-05-10 12:07:23: 
2026-05-10 12:07:23: Node.js v24.14.0
2026-05-10 12:07:24: D:\new er\node_modules\.bin\next:2
2026-05-10 12:07:24: basedir=$(dirname "$(echo "$0" | sed -e 's,\\,/,g')")
2026-05-10 12:07:24:           ^^^^^^^
2026-05-10 12:07:24: 
2026-05-10 12:07:24: SyntaxError: missing ) after argument list
2026-05-10 12:07:24:     at wrapSafe (node:internal/modules/cjs/loader:1743:18)
2026-05-10 12:07:24:     at Module._compile (node:internal/modules/cjs/loader:1786:20)
2026-05-10 12:07:24:     at Object..js (node:internal/modules/cjs/loader:1943:10)
2026-05-10 12:07:24:     at Module.load (node:internal/modules/cjs/loader:1533:32)
2026-05-10 12:07:24:     at Module._load (node:internal/modules/cjs/loader:1335:12)
2026-05-10 12:07:24:     at wrapModuleLoad (node:internal/modules/cjs/loader:255:19)
2026-05-10 12:07:24:     at Module.executeUserEntryPoint [as runMain] (node:internal/modules/run_main:154:5)
2026-05-10 12:07:24:     at node:internal/main/run_main_module:33:47
2026-05-10 12:07:24: 
2026-05-10 12:07:24: Node.js v24.14.0
2026-05-10 12:07:25: D:\new er\node_modules\.bin\next:2
2026-05-10 12:07:25: basedir=$(dirname "$(echo "$0" | sed -e 's,\\,/,g')")
2026-05-10 12:07:25:           ^^^^^^^
2026-05-10 12:07:25: 
2026-05-10 12:07:25: SyntaxError: missing ) after argument list
2026-05-10 12:07:25:     at wrapSafe (node:internal/modules/cjs/loader:1743:18)
2026-05-10 12:07:25:     at Module._compile (node:internal/modules/cjs/loader:1786:20)
2026-05-10 12:07:25:     at Object..js (node:internal/modules/cjs/loader:1943:10)
2026-05-10 12:07:25:     at Module.load (node:internal/modules/cjs/loader:1533:32)
2026-05-10 12:07:25:     at Module._load (node:internal/modules/cjs/loader:1335:12)
2026-05-10 12:07:25:     at wrapModuleLoad (node:internal/modules/cjs/loader:255:19)
2026-05-10 12:07:25:     at Module.executeUserEntryPoint [as runMain] (node:internal/modules/run_main:154:5)
2026-05-10 12:07:25:     at node:internal/main/run_main_module:33:47
2026-05-10 12:07:25: 
2026-05-10 12:07:25: Node.js v24.14.0
2026-05-10 12:07:26: D:\new er\node_modules\.bin\next:2
2026-05-10 12:07:26: basedir=$(dirname "$(echo "$0" | sed -e 's,\\,/,g')")
2026-05-10 12:07:26:           ^^^^^^^
2026-05-10 12:07:26: 
2026-05-10 12:07:26: SyntaxError: missing ) after argument list
2026-05-10 12:07:26:     at wrapSafe (node:internal/modules/cjs/loader:1743:18)
2026-05-10 12:07:26:     at Module._compile (node:internal/modules/cjs/loader:1786:20)
2026-05-10 12:07:26:     at Object..js (node:internal/modules/cjs/loader:1943:10)
2026-05-10 12:07:26:     at Module.load (node:internal/modules/cjs/loader:1533:32)
2026-05-10 12:07:26:     at Module._load (node:internal/modules/cjs/loader:1335:12)
2026-05-10 12:07:26:     at wrapModuleLoad (node:internal/modules/cjs/loader:255:19)
2026-05-10 12:07:26:     at Module.executeUserEntryPoint [as runMain] (node:internal/modules/run_main:154:5)
2026-05-10 12:07:26:     at node:internal/main/run_main_module:33:47
2026-05-10 12:07:26: 
2026-05-10 12:07:26: Node.js v24.14.0
2026-05-10 12:07:26: D:\new er\node_modules\.bin\next:2
2026-05-10 12:07:26: basedir=$(dirname "$(echo "$0" | sed -e 's,\\,/,g')")
2026-05-10 12:07:26:           ^^^^^^^
2026-05-10 12:07:26: 
2026-05-10 12:07:26: SyntaxError: missing ) after argument list
2026-05-10 12:07:26:     at wrapSafe (node:internal/modules/cjs/loader:1743:18)
2026-05-10 12:07:26:     at Module._compile (node:internal/modules/cjs/loader:1786:20)
2026-05-10 12:07:26:     at Object..js (node:internal/modules/cjs/loader:1943:10)
2026-05-10 12:07:26:     at Module.load (node:internal/modules/cjs/loader:1533:32)
2026-05-10 12:07:26:     at Module._load (node:internal/modules/cjs/loader:1335:12)
2026-05-10 12:07:26:     at wrapModuleLoad (node:internal/modules/cjs/loader:255:19)
2026-05-10 12:07:26:     at Module.executeUserEntryPoint [as runMain] (node:internal/modules/run_main:154:5)
2026-05-10 12:07:26:     at node:internal/main/run_main_module:33:47
2026-05-10 12:07:26: 
2026-05-10 12:07:26: Node.js v24.14.0
2026-05-10 12:07:27: D:\new er\node_modules\.bin\next:2
2026-05-10 12:07:27: basedir=$(dirname "$(echo "$0" | sed -e 's,\\,/,g')")
2026-05-10 12:07:27:           ^^^^^^^
2026-05-10 12:07:27: 
2026-05-10 12:07:27: SyntaxError: missing ) after argument list
2026-05-10 12:07:27:     at wrapSafe (node:internal/modules/cjs/loader:1743:18)
2026-05-10 12:07:27:     at Module._compile (node:internal/modules/cjs/loader:1786:20)
2026-05-10 12:07:27:     at Object..js (node:internal/modules/cjs/loader:1943:10)
2026-05-10 12:07:27:     at Module.load (node:internal/modules/cjs/loader:1533:32)
2026-05-10 12:07:27:     at Module._load (node:internal/modules/cjs/loader:1335:12)
2026-05-10 12:07:27:     at wrapModuleLoad (node:internal/modules/cjs/loader:255:19)
2026-05-10 12:07:27:     at Module.executeUserEntryPoint [as runMain] (node:internal/modules/run_main:154:5)
2026-05-10 12:07:27:     at node:internal/main/run_main_module:33:47
2026-05-10 12:07:27: 
2026-05-10 12:07:27: Node.js v24.14.0
2026-05-10 12:07:28: D:\new er\node_modules\.bin\next:2
2026-05-10 12:07:28: basedir=$(dirname "$(echo "$0" | sed -e 's,\\,/,g')")
2026-05-10 12:07:28:           ^^^^^^^
2026-05-10 12:07:28: 
2026-05-10 12:07:28: SyntaxError: missing ) after argument list
2026-05-10 12:07:28:     at wrapSafe (node:internal/modules/cjs/loader:1743:18)
2026-05-10 12:07:28:     at Module._compile (node:internal/modules/cjs/loader:1786:20)
2026-05-10 12:07:28:     at Object..js (node:internal/modules/cjs/loader:1943:10)
2026-05-10 12:07:28:     at Module.load (node:internal/modules/cjs/loader:1533:32)
2026-05-10 12:07:28:     at Module._load (node:internal/modules/cjs/loader:1335:12)
2026-05-10 12:07:28:     at wrapModuleLoad (node:internal/modules/cjs/loader:255:19)
2026-05-10 12:07:28:     at Module.executeUserEntryPoint [as runMain] (node:internal/modules/run_main:154:5)
2026-05-10 12:07:28:     at node:internal/main/run_main_module:33:47
2026-05-10 12:07:28: 
2026-05-10 12:07:28: Node.js v24.14.0
2026-05-10 12:07:29: D:\new er\node_modules\.bin\next:2
2026-05-10 12:07:29: basedir=$(dirname "$(echo "$0" | sed -e 's,\\,/,g')")
2026-05-10 12:07:29:           ^^^^^^^
2026-05-10 12:07:29: 
2026-05-10 12:07:29: SyntaxError: missing ) after argument list
2026-05-10 12:07:29:     at wrapSafe (node:internal/modules/cjs/loader:1743:18)
2026-05-10 12:07:29:     at Module._compile (node:internal/modules/cjs/loader:1786:20)
2026-05-10 12:07:29:     at Object..js (node:internal/modules/cjs/loader:1943:10)
2026-05-10 12:07:29:     at Module.load (node:internal/modules/cjs/loader:1533:32)
2026-05-10 12:07:29:     at Module._load (node:internal/modules/cjs/loader:1335:12)
2026-05-10 12:07:29:     at wrapModuleLoad (node:internal/modules/cjs/loader:255:19)
2026-05-10 12:07:29:     at Module.executeUserEntryPoint [as runMain] (node:internal/modules/run_main:154:5)
2026-05-10 12:07:29:     at node:internal/main/run_main_module:33:47
2026-05-10 12:07:29: 
2026-05-10 12:07:29: Node.js v24.14.0
2026-05-10 12:07:30: D:\new er\node_modules\.bin\next:2
2026-05-10 12:07:30: basedir=$(dirname "$(echo "$0" | sed -e 's,\\,/,g')")
2026-05-10 12:07:30:           ^^^^^^^
2026-05-10 12:07:30: 
2026-05-10 12:07:30: SyntaxError: missing ) after argument list
2026-05-10 12:07:30:     at wrapSafe (node:internal/modules/cjs/loader:1743:18)
2026-05-10 12:07:30:     at Module._compile (node:internal/modules/cjs/loader:1786:20)
2026-05-10 12:07:30:     at Object..js (node:internal/modules/cjs/loader:1943:10)
2026-05-10 12:07:30:     at Module.load (node:internal/modules/cjs/loader:1533:32)
2026-05-10 12:07:30:     at Module._load (node:internal/modules/cjs/loader:1335:12)
2026-05-10 12:07:30:     at wrapModuleLoad (node:internal/modules/cjs/loader:255:19)
2026-05-10 12:07:30:     at Module.executeUserEntryPoint [as runMain] (node:internal/modules/run_main:154:5)
2026-05-10 12:07:30:     at node:internal/main/run_main_module:33:47
2026-05-10 12:07:30: 
2026-05-10 12:07:30: Node.js v24.14.0
2026-05-10 12:07:31: D:\new er\node_modules\.bin\next:2
2026-05-10 12:07:31: basedir=$(dirname "$(echo "$0" | sed -e 's,\\,/,g')")
2026-05-10 12:07:31:           ^^^^^^^
2026-05-10 12:07:31: 
2026-05-10 12:07:31: SyntaxError: missing ) after argument list
2026-05-10 12:07:31:     at wrapSafe (node:internal/modules/cjs/loader:1743:18)
2026-05-10 12:07:31:     at Module._compile (node:internal/modules/cjs/loader:1786:20)
2026-05-10 12:07:31:     at Object..js (node:internal/modules/cjs/loader:1943:10)
2026-05-10 12:07:31:     at Module.load (node:internal/modules/cjs/loader:1533:32)
2026-05-10 12:07:31:     at Module._load (node:internal/modules/cjs/loader:1335:12)
2026-05-10 12:07:31:     at wrapModuleLoad (node:internal/modules/cjs/loader:255:19)
2026-05-10 12:07:31:     at Module.executeUserEntryPoint [as runMain] (node:internal/modules/run_main:154:5)
2026-05-10 12:07:31:     at node:internal/main/run_main_module:33:47
2026-05-10 12:07:31: 
2026-05-10 12:07:31: Node.js v24.14.0
2026-05-10 12:07:32: D:\new er\node_modules\.bin\next:2
2026-05-10 12:07:32: basedir=$(dirname "$(echo "$0" | sed -e 's,\\,/,g')")
2026-05-10 12:07:32:           ^^^^^^^
2026-05-10 12:07:32: 
2026-05-10 12:07:32: SyntaxError: missing ) after argument list
2026-05-10 12:07:32:     at wrapSafe (node:internal/modules/cjs/loader:1743:18)
2026-05-10 12:07:32:     at Module._compile (node:internal/modules/cjs/loader:1786:20)
2026-05-10 12:07:32:     at Object..js (node:internal/modules/cjs/loader:1943:10)
2026-05-10 12:07:32:     at Module.load (node:internal/modules/cjs/loader:1533:32)
2026-05-10 12:07:32:     at Module._load (node:internal/modules/cjs/loader:1335:12)
2026-05-10 12:07:32:     at wrapModuleLoad (node:internal/modules/cjs/loader:255:19)
2026-05-10 12:07:32:     at Module.executeUserEntryPoint [as runMain] (node:internal/modules/run_main:154:5)
2026-05-10 12:07:32:     at node:internal/main/run_main_module:33:47
2026-05-10 12:07:32: 
2026-05-10 12:07:32: Node.js v24.14.0
2026-05-10 12:07:33: D:\new er\node_modules\.bin\next:2
2026-05-10 12:07:33: basedir=$(dirname "$(echo "$0" | sed -e 's,\\,/,g')")
2026-05-10 12:07:33:           ^^^^^^^
2026-05-10 12:07:33: 
2026-05-10 12:07:33: SyntaxError: missing ) after argument list
2026-05-10 12:07:33:     at wrapSafe (node:internal/modules/cjs/loader:1743:18)
2026-05-10 12:07:33:     at Module._compile (node:internal/modules/cjs/loader:1786:20)
2026-05-10 12:07:33:     at Object..js (node:internal/modules/cjs/loader:1943:10)
2026-05-10 12:07:33:     at Module.load (node:internal/modules/cjs/loader:1533:32)
2026-05-10 12:07:33:     at Module._load (node:internal/modules/cjs/loader:1335:12)
2026-05-10 12:07:33:     at wrapModuleLoad (node:internal/modules/cjs/loader:255:19)
2026-05-10 12:07:33:     at Module.executeUserEntryPoint [as runMain] (node:internal/modules/run_main:154:5)
2026-05-10 12:07:33:     at node:internal/main/run_main_module:33:47
2026-05-10 12:07:33: 
2026-05-10 12:07:33: Node.js v24.14.0
2026-05-10 12:07:34: D:\new er\node_modules\.bin\next:2
2026-05-10 12:07:34: basedir=$(dirname "$(echo "$0" | sed -e 's,\\,/,g')")
2026-05-10 12:07:34:           ^^^^^^^
2026-05-10 12:07:34: 
2026-05-10 12:07:34: SyntaxError: missing ) after argument list
2026-05-10 12:07:34:     at wrapSafe (node:internal/modules/cjs/loader:1743:18)
2026-05-10 12:07:34:     at Module._compile (node:internal/modules/cjs/loader:1786:20)
2026-05-10 12:07:34:     at Object..js (node:internal/modules/cjs/loader:1943:10)
2026-05-10 12:07:34:     at Module.load (node:internal/modules/cjs/loader:1533:32)
2026-05-10 12:07:34:     at Module._load (node:internal/modules/cjs/loader:1335:12)
2026-05-10 12:07:34:     at wrapModuleLoad (node:internal/modules/cjs/loader:255:19)
2026-05-10 12:07:34:     at Module.executeUserEntryPoint [as runMain] (node:internal/modules/run_main:154:5)
2026-05-10 12:07:34:     at node:internal/main/run_main_module:33:47
2026-05-10 12:07:34: 
2026-05-10 12:07:34: Node.js v24.14.0
2026-05-10 12:07:35: D:\new er\node_modules\.bin\next:2
2026-05-10 12:07:35: basedir=$(dirname "$(echo "$0" | sed -e 's,\\,/,g')")
2026-05-10 12:07:35:           ^^^^^^^
2026-05-10 12:07:35: 
2026-05-10 12:07:35: SyntaxError: missing ) after argument list
2026-05-10 12:07:35:     at wrapSafe (node:internal/modules/cjs/loader:1743:18)
2026-05-10 12:07:35:     at Module._compile (node:internal/modules/cjs/loader:1786:20)
2026-05-10 12:07:35:     at Object..js (node:internal/modules/cjs/loader:1943:10)
2026-05-10 12:07:35:     at Module.load (node:internal/modules/cjs/loader:1533:32)
2026-05-10 12:07:35:     at Module._load (node:internal/modules/cjs/loader:1335:12)
2026-05-10 12:07:35:     at wrapModuleLoad (node:internal/modules/cjs/loader:255:19)
2026-05-10 12:07:35:     at Module.executeUserEntryPoint [as runMain] (node:internal/modules/run_main:154:5)
2026-05-10 12:07:35:     at node:internal/main/run_main_module:33:47
2026-05-10 12:07:35: 
2026-05-10 12:07:35: Node.js v24.14.0
2026-05-10 12:07:36: D:\new er\node_modules\.bin\next:2
2026-05-10 12:07:36: basedir=$(dirname "$(echo "$0" | sed -e 's,\\,/,g')")
2026-05-10 12:07:36:           ^^^^^^^
2026-05-10 12:07:36: 
2026-05-10 12:07:36: SyntaxError: missing ) after argument list
2026-05-10 12:07:36:     at wrapSafe (node:internal/modules/cjs/loader:1743:18)
2026-05-10 12:07:36:     at Module._compile (node:internal/modules/cjs/loader:1786:20)
2026-05-10 12:07:36:     at Object..js (node:internal/modules/cjs/loader:1943:10)
2026-05-10 12:07:36:     at Module.load (node:internal/modules/cjs/loader:1533:32)
2026-05-10 12:07:36:     at Module._load (node:internal/modules/cjs/loader:1335:12)
2026-05-10 12:07:36:     at wrapModuleLoad (node:internal/modules/cjs/loader:255:19)
2026-05-10 12:07:36:     at Module.executeUserEntryPoint [as runMain] (node:internal/modules/run_main:154:5)
2026-05-10 12:07:36:     at node:internal/main/run_main_module:33:47
2026-05-10 12:07:36: 
2026-05-10 12:07:36: Node.js v24.14.0
2026-05-10 12:07:37: D:\new er\node_modules\.bin\next:2
2026-05-10 12:07:37: basedir=$(dirname "$(echo "$0" | sed -e 's,\\,/,g')")
2026-05-10 12:07:37:           ^^^^^^^
2026-05-10 12:07:37: 
2026-05-10 12:07:37: SyntaxError: missing ) after argument list
2026-05-10 12:07:37:     at wrapSafe (node:internal/modules/cjs/loader:1743:18)
2026-05-10 12:07:37:     at Module._compile (node:internal/modules/cjs/loader:1786:20)
2026-05-10 12:07:37:     at Object..js (node:internal/modules/cjs/loader:1943:10)
2026-05-10 12:07:37:     at Module.load (node:internal/modules/cjs/loader:1533:32)
2026-05-10 12:07:37:     at Module._load (node:internal/modules/cjs/loader:1335:12)
2026-05-10 12:07:37:     at wrapModuleLoad (node:internal/modules/cjs/loader:255:19)
2026-05-10 12:07:37:     at Module.executeUserEntryPoint [as runMain] (node:internal/modules/run_main:154:5)
2026-05-10 12:07:37:     at node:internal/main/run_main_module:33:47
2026-05-10 12:07:37: 
2026-05-10 12:07:37: Node.js v24.14.0
2026-05-10 12:07:38: D:\new er\node_modules\.bin\next:2
2026-05-10 12:07:38: basedir=$(dirname "$(echo "$0" | sed -e 's,\\,/,g')")
2026-05-10 12:07:38:           ^^^^^^^
2026-05-10 12:07:38: 
2026-05-10 12:07:38: SyntaxError: missing ) after argument list
2026-05-10 12:07:38:     at wrapSafe (node:internal/modules/cjs/loader:1743:18)
2026-05-10 12:07:38:     at Module._compile (node:internal/modules/cjs/loader:1786:20)
2026-05-10 12:07:38:     at Object..js (node:internal/modules/cjs/loader:1943:10)
2026-05-10 12:07:38:     at Module.load (node:internal/modules/cjs/loader:1533:32)
2026-05-10 12:07:38:     at Module._load (node:internal/modules/cjs/loader:1335:12)
2026-05-10 12:07:38:     at wrapModuleLoad (node:internal/modules/cjs/loader:255:19)
2026-05-10 12:07:38:     at Module.executeUserEntryPoint [as runMain] (node:internal/modules/run_main:154:5)
2026-05-10 12:07:38:     at node:internal/main/run_main_module:33:47
2026-05-10 12:07:38: 
2026-05-10 12:07:38: Node.js v24.14.0
2026-05-10 12:07:38: D:\new er\node_modules\.bin\next:2
2026-05-10 12:07:38: basedir=$(dirname "$(echo "$0" | sed -e 's,\\,/,g')")
2026-05-10 12:07:38:           ^^^^^^^
2026-05-10 12:07:38: 
2026-05-10 12:07:38: SyntaxError: missing ) after argument list
2026-05-10 12:07:38:     at wrapSafe (node:internal/modules/cjs/loader:1743:18)
2026-05-10 12:07:38:     at Module._compile (node:internal/modules/cjs/loader:1786:20)
2026-05-10 12:07:38:     at Object..js (node:internal/modules/cjs/loader:1943:10)
2026-05-10 12:07:38:     at Module.load (node:internal/modules/cjs/loader:1533:32)
2026-05-10 12:07:38:     at Module._load (node:internal/modules/cjs/loader:1335:12)
2026-05-10 12:07:38:     at wrapModuleLoad (node:internal/modules/cjs/loader:255:19)
2026-05-10 12:07:38:     at Module.executeUserEntryPoint [as runMain] (node:internal/modules/run_main:154:5)
2026-05-10 12:07:38:     at node:internal/main/run_main_module:33:47
2026-05-10 12:07:38: 
2026-05-10 12:07:38: Node.js v24.14.0
2026-05-10 12:07:39: D:\new er\node_modules\.bin\next:2
2026-05-10 12:07:39: basedir=$(dirname "$(echo "$0" | sed -e 's,\\,/,g')")
2026-05-10 12:07:39:           ^^^^^^^
2026-05-10 12:07:39: 
2026-05-10 12:07:39: SyntaxError: missing ) after argument list
2026-05-10 12:07:39:     at wrapSafe (node:internal/modules/cjs/loader:1743:18)
2026-05-10 12:07:39:     at Module._compile (node:internal/modules/cjs/loader:1786:20)
2026-05-10 12:07:39:     at Object..js (node:internal/modules/cjs/loader:1943:10)
2026-05-10 12:07:39:     at Module.load (node:internal/modules/cjs/loader:1533:32)
2026-05-10 12:07:39:     at Module._load (node:internal/modules/cjs/loader:1335:12)
2026-05-10 12:07:39:     at wrapModuleLoad (node:internal/modules/cjs/loader:255:19)
2026-05-10 12:07:39:     at Module.executeUserEntryPoint [as runMain] (node:internal/modules/run_main:154:5)
2026-05-10 12:07:39:     at node:internal/main/run_main_module:33:47
2026-05-10 12:07:39: 
2026-05-10 12:07:39: Node.js v24.14.0
2026-05-10 12:07:40: D:\new er\node_modules\.bin\next:2
2026-05-10 12:07:40: basedir=$(dirname "$(echo "$0" | sed -e 's,\\,/,g')")
2026-05-10 12:07:40:           ^^^^^^^
2026-05-10 12:07:40: 
2026-05-10 12:07:40: SyntaxError: missing ) after argument list
2026-05-10 12:07:40:     at wrapSafe (node:internal/modules/cjs/loader:1743:18)
2026-05-10 12:07:40:     at Module._compile (node:internal/modules/cjs/loader:1786:20)
2026-05-10 12:07:40:     at Object..js (node:internal/modules/cjs/loader:1943:10)
2026-05-10 12:07:40:     at Module.load (node:internal/modules/cjs/loader:1533:32)
2026-05-10 12:07:40:     at Module._load (node:internal/modules/cjs/loader:1335:12)
2026-05-10 12:07:40:     at wrapModuleLoad (node:internal/modules/cjs/loader:255:19)
2026-05-10 12:07:40:     at Module.executeUserEntryPoint [as runMain] (node:internal/modules/run_main:154:5)
2026-05-10 12:07:40:     at node:internal/main/run_main_module:33:47
2026-05-10 12:07:40: 
2026-05-10 12:07:40: Node.js v24.14.0
2026-05-10 12:07:41: D:\new er\node_modules\.bin\next:2
2026-05-10 12:07:41: basedir=$(dirname "$(echo "$0" | sed -e 's,\\,/,g')")
2026-05-10 12:07:41:           ^^^^^^^
2026-05-10 12:07:41: 
2026-05-10 12:07:41: SyntaxError: missing ) after argument list
2026-05-10 12:07:41:     at wrapSafe (node:internal/modules/cjs/loader:1743:18)
2026-05-10 12:07:41:     at Module._compile (node:internal/modules/cjs/loader:1786:20)
2026-05-10 12:07:41:     at Object..js (node:internal/modules/cjs/loader:1943:10)
2026-05-10 12:07:41:     at Module.load (node:internal/modules/cjs/loader:1533:32)
2026-05-10 12:07:41:     at Module._load (node:internal/modules/cjs/loader:1335:12)
2026-05-10 12:07:41:     at wrapModuleLoad (node:internal/modules/cjs/loader:255:19)
2026-05-10 12:07:41:     at Module.executeUserEntryPoint [as runMain] (node:internal/modules/run_main:154:5)
2026-05-10 12:07:41:     at node:internal/main/run_main_module:33:47
2026-05-10 12:07:41: 
2026-05-10 12:07:41: Node.js v24.14.0
2026-05-10 12:07:42: D:\new er\node_modules\.bin\next:2
2026-05-10 12:07:42: basedir=$(dirname "$(echo "$0" | sed -e 's,\\,/,g')")
2026-05-10 12:07:42:           ^^^^^^^
2026-05-10 12:07:42: 
2026-05-10 12:07:42: SyntaxError: missing ) after argument list
2026-05-10 12:07:42:     at wrapSafe (node:internal/modules/cjs/loader:1743:18)
2026-05-10 12:07:42:     at Module._compile (node:internal/modules/cjs/loader:1786:20)
2026-05-10 12:07:42:     at Object..js (node:internal/modules/cjs/loader:1943:10)
2026-05-10 12:07:42:     at Module.load (node:internal/modules/cjs/loader:1533:32)
2026-05-10 12:07:42:     at Module._load (node:internal/modules/cjs/loader:1335:12)
2026-05-10 12:07:42:     at wrapModuleLoad (node:internal/modules/cjs/loader:255:19)
2026-05-10 12:07:42:     at Module.executeUserEntryPoint [as runMain] (node:internal/modules/run_main:154:5)
2026-05-10 12:07:42:     at node:internal/main/run_main_module:33:47
2026-05-10 12:07:42: 
2026-05-10 12:07:42: Node.js v24.14.0
2026-05-10 12:07:43: D:\new er\node_modules\.bin\next:2
2026-05-10 12:07:43: basedir=$(dirname "$(echo "$0" | sed -e 's,\\,/,g')")
2026-05-10 12:07:43:           ^^^^^^^
2026-05-10 12:07:43: 
2026-05-10 12:07:43: SyntaxError: missing ) after argument list
2026-05-10 12:07:43:     at wrapSafe (node:internal/modules/cjs/loader:1743:18)
2026-05-10 12:07:43:     at Module._compile (node:internal/modules/cjs/loader:1786:20)
2026-05-10 12:07:43:     at Object..js (node:internal/modules/cjs/loader:1943:10)
2026-05-10 12:07:43:     at Module.load (node:internal/modules/cjs/loader:1533:32)
2026-05-10 12:07:43:     at Module._load (node:internal/modules/cjs/loader:1335:12)
2026-05-10 12:07:43:     at wrapModuleLoad (node:internal/modules/cjs/loader:255:19)
2026-05-10 12:07:43:     at Module.executeUserEntryPoint [as runMain] (node:internal/modules/run_main:154:5)
2026-05-10 12:07:43:     at node:internal/main/run_main_module:33:47
2026-05-10 12:07:43: 
2026-05-10 12:07:43: Node.js v24.14.0
2026-05-10 12:07:44: D:\new er\node_modules\.bin\next:2
2026-05-10 12:07:44: basedir=$(dirname "$(echo "$0" | sed -e 's,\\,/,g')")
2026-05-10 12:07:44:           ^^^^^^^
2026-05-10 12:07:44: 
2026-05-10 12:07:44: SyntaxError: missing ) after argument list
2026-05-10 12:07:44:     at wrapSafe (node:internal/modules/cjs/loader:1743:18)
2026-05-10 12:07:44:     at Module._compile (node:internal/modules/cjs/loader:1786:20)
2026-05-10 12:07:44:     at Object..js (node:internal/modules/cjs/loader:1943:10)
2026-05-10 12:07:44:     at Module.load (node:internal/modules/cjs/loader:1533:32)
2026-05-10 12:07:44:     at Module._load (node:internal/modules/cjs/loader:1335:12)
2026-05-10 12:07:44:     at wrapModuleLoad (node:internal/modules/cjs/loader:255:19)
2026-05-10 12:07:44:     at Module.executeUserEntryPoint [as runMain] (node:internal/modules/run_main:154:5)
2026-05-10 12:07:44:     at node:internal/main/run_main_module:33:47
2026-05-10 12:07:44: 
2026-05-10 12:07:44: Node.js v24.14.0
2026-05-10 12:07:45: D:\new er\node_modules\.bin\next:2
2026-05-10 12:07:45: basedir=$(dirname "$(echo "$0" | sed -e 's,\\,/,g')")
2026-05-10 12:07:45:           ^^^^^^^
2026-05-10 12:07:45: 
2026-05-10 12:07:45: SyntaxError: missing ) after argument list
2026-05-10 12:07:45:     at wrapSafe (node:internal/modules/cjs/loader:1743:18)
2026-05-10 12:07:45:     at Module._compile (node:internal/modules/cjs/loader:1786:20)
2026-05-10 12:07:45:     at Object..js (node:internal/modules/cjs/loader:1943:10)
2026-05-10 12:07:45:     at Module.load (node:internal/modules/cjs/loader:1533:32)
2026-05-10 12:07:45:     at Module._load (node:internal/modules/cjs/loader:1335:12)
2026-05-10 12:07:45:     at wrapModuleLoad (node:internal/modules/cjs/loader:255:19)
2026-05-10 12:07:45:     at Module.executeUserEntryPoint [as runMain] (node:internal/modules/run_main:154:5)
2026-05-10 12:07:45:     at node:internal/main/run_main_module:33:47
2026-05-10 12:07:45: 
2026-05-10 12:07:45: Node.js v24.14.0
2026-05-10 12:07:46: D:\new er\node_modules\.bin\next:2
2026-05-10 12:07:46: basedir=$(dirname "$(echo "$0" | sed -e 's,\\,/,g')")
2026-05-10 12:07:46:           ^^^^^^^
2026-05-10 12:07:46: 
2026-05-10 12:07:46: SyntaxError: missing ) after argument list
2026-05-10 12:07:46:     at wrapSafe (node:internal/modules/cjs/loader:1743:18)
2026-05-10 12:07:46:     at Module._compile (node:internal/modules/cjs/loader:1786:20)
2026-05-10 12:07:46:     at Object..js (node:internal/modules/cjs/loader:1943:10)
2026-05-10 12:07:46:     at Module.load (node:internal/modules/cjs/loader:1533:32)
2026-05-10 12:07:46:     at Module._load (node:internal/modules/cjs/loader:1335:12)
2026-05-10 12:07:46:     at wrapModuleLoad (node:internal/modules/cjs/loader:255:19)
2026-05-10 12:07:46:     at Module.executeUserEntryPoint [as runMain] (node:internal/modules/run_main:154:5)
2026-05-10 12:07:46:     at node:internal/main/run_main_module:33:47
2026-05-10 12:07:46: 
2026-05-10 12:07:46: Node.js v24.14.0
2026-05-10 12:07:47: D:\new er\node_modules\.bin\next:2
2026-05-10 12:07:47: basedir=$(dirname "$(echo "$0" | sed -e 's,\\,/,g')")
2026-05-10 12:07:47:           ^^^^^^^
2026-05-10 12:07:47: 
2026-05-10 12:07:47: SyntaxError: missing ) after argument list
2026-05-10 12:07:47:     at wrapSafe (node:internal/modules/cjs/loader:1743:18)
2026-05-10 12:07:47:     at Module._compile (node:internal/modules/cjs/loader:1786:20)
2026-05-10 12:07:47:     at Object..js (node:internal/modules/cjs/loader:1943:10)
2026-05-10 12:07:47:     at Module.load (node:internal/modules/cjs/loader:1533:32)
2026-05-10 12:07:47:     at Module._load (node:internal/modules/cjs/loader:1335:12)
2026-05-10 12:07:47:     at wrapModuleLoad (node:internal/modules/cjs/loader:255:19)
2026-05-10 12:07:47:     at Module.executeUserEntryPoint [as runMain] (node:internal/modules/run_main:154:5)
2026-05-10 12:07:47:     at node:internal/main/run_main_module:33:47
2026-05-10 12:07:47: 
2026-05-10 12:07:47: Node.js v24.14.0
2026-05-10 12:07:48: D:\new er\node_modules\.bin\next:2
2026-05-10 12:07:48: basedir=$(dirname "$(echo "$0" | sed -e 's,\\,/,g')")
2026-05-10 12:07:48:           ^^^^^^^
2026-05-10 12:07:48: 
2026-05-10 12:07:48: SyntaxError: missing ) after argument list
2026-05-10 12:07:48:     at wrapSafe (node:internal/modules/cjs/loader:1743:18)
2026-05-10 12:07:48:     at Module._compile (node:internal/modules/cjs/loader:1786:20)
2026-05-10 12:07:48:     at Object..js (node:internal/modules/cjs/loader:1943:10)
2026-05-10 12:07:48:     at Module.load (node:internal/modules/cjs/loader:1533:32)
2026-05-10 12:07:48:     at Module._load (node:internal/modules/cjs/loader:1335:12)
2026-05-10 12:07:48:     at wrapModuleLoad (node:internal/modules/cjs/loader:255:19)
2026-05-10 12:07:48:     at Module.executeUserEntryPoint [as runMain] (node:internal/modules/run_main:154:5)
2026-05-10 12:07:48:     at node:internal/main/run_main_module:33:47
2026-05-10 12:07:48: 
2026-05-10 12:07:48: Node.js v24.14.0
2026-05-10 12:07:49: D:\new er\node_modules\.bin\next:2
2026-05-10 12:07:49: basedir=$(dirname "$(echo "$0" | sed -e 's,\\,/,g')")
2026-05-10 12:07:49:           ^^^^^^^
2026-05-10 12:07:49: 
2026-05-10 12:07:49: SyntaxError: missing ) after argument list
2026-05-10 12:07:49:     at wrapSafe (node:internal/modules/cjs/loader:1743:18)
2026-05-10 12:07:49:     at Module._compile (node:internal/modules/cjs/loader:1786:20)
2026-05-10 12:07:49:     at Object..js (node:internal/modules/cjs/loader:1943:10)
2026-05-10 12:07:49:     at Module.load (node:internal/modules/cjs/loader:1533:32)
2026-05-10 12:07:49:     at Module._load (node:internal/modules/cjs/loader:1335:12)
2026-05-10 12:07:49:     at wrapModuleLoad (node:internal/modules/cjs/loader:255:19)
2026-05-10 12:07:49:     at Module.executeUserEntryPoint [as runMain] (node:internal/modules/run_main:154:5)
2026-05-10 12:07:49:     at node:internal/main/run_main_module:33:47
2026-05-10 12:07:49: 
2026-05-10 12:07:49: Node.js v24.14.0
2026-05-10 12:07:50: D:\new er\node_modules\.bin\next:2
2026-05-10 12:07:50: basedir=$(dirname "$(echo "$0" | sed -e 's,\\,/,g')")
2026-05-10 12:07:50:           ^^^^^^^
2026-05-10 12:07:50: 
2026-05-10 12:07:50: SyntaxError: missing ) after argument list
2026-05-10 12:07:50:     at wrapSafe (node:internal/modules/cjs/loader:1743:18)
2026-05-10 12:07:50:     at Module._compile (node:internal/modules/cjs/loader:1786:20)
2026-05-10 12:07:50:     at Object..js (node:internal/modules/cjs/loader:1943:10)
2026-05-10 12:07:50:     at Module.load (node:internal/modules/cjs/loader:1533:32)
2026-05-10 12:07:50:     at Module._load (node:internal/modules/cjs/loader:1335:12)
2026-05-10 12:07:50:     at wrapModuleLoad (node:internal/modules/cjs/loader:255:19)
2026-05-10 12:07:50:     at Module.executeUserEntryPoint [as runMain] (node:internal/modules/run_main:154:5)
2026-05-10 12:07:50:     at node:internal/main/run_main_module:33:47
2026-05-10 12:07:50: 
2026-05-10 12:07:50: Node.js v24.14.0
2026-05-10 12:07:50: D:\new er\node_modules\.bin\next:2
2026-05-10 12:07:50: basedir=$(dirname "$(echo "$0" | sed -e 's,\\,/,g')")
2026-05-10 12:07:50:           ^^^^^^^
2026-05-10 12:07:50: 
2026-05-10 12:07:50: SyntaxError: missing ) after argument list
2026-05-10 12:07:50:     at wrapSafe (node:internal/modules/cjs/loader:1743:18)
2026-05-10 12:07:50:     at Module._compile (node:internal/modules/cjs/loader:1786:20)
2026-05-10 12:07:50:     at Object..js (node:internal/modules/cjs/loader:1943:10)
2026-05-10 12:07:50:     at Module.load (node:internal/modules/cjs/loader:1533:32)
2026-05-10 12:07:50:     at Module._load (node:internal/modules/cjs/loader:1335:12)
2026-05-10 12:07:50:     at wrapModuleLoad (node:internal/modules/cjs/loader:255:19)
2026-05-10 12:07:50:     at Module.executeUserEntryPoint [as runMain] (node:internal/modules/run_main:154:5)
2026-05-10 12:07:50:     at node:internal/main/run_main_module:33:47
2026-05-10 12:07:50: 
2026-05-10 12:07:50: Node.js v24.14.0
2026-05-10 12:07:51: D:\new er\node_modules\.bin\next:2
2026-05-10 12:07:51: basedir=$(dirname "$(echo "$0" | sed -e 's,\\,/,g')")
2026-05-10 12:07:51:           ^^^^^^^
2026-05-10 12:07:51: 
2026-05-10 12:07:51: SyntaxError: missing ) after argument list
2026-05-10 12:07:51:     at wrapSafe (node:internal/modules/cjs/loader:1743:18)
2026-05-10 12:07:51:     at Module._compile (node:internal/modules/cjs/loader:1786:20)
2026-05-10 12:07:51:     at Object..js (node:internal/modules/cjs/loader:1943:10)
2026-05-10 12:07:51:     at Module.load (node:internal/modules/cjs/loader:1533:32)
2026-05-10 12:07:51:     at Module._load (node:internal/modules/cjs/loader:1335:12)
2026-05-10 12:07:51:     at wrapModuleLoad (node:internal/modules/cjs/loader:255:19)
2026-05-10 12:07:51:     at Module.executeUserEntryPoint [as runMain] (node:internal/modules/run_main:154:5)
2026-05-10 12:07:51:     at node:internal/main/run_main_module:33:47
2026-05-10 12:07:51: 
2026-05-10 12:07:51: Node.js v24.14.0
2026-05-10 12:07:52: D:\new er\node_modules\.bin\next:2
2026-05-10 12:07:52: basedir=$(dirname "$(echo "$0" | sed -e 's,\\,/,g')")
2026-05-10 12:07:52:           ^^^^^^^
2026-05-10 12:07:52: 
2026-05-10 12:07:52: SyntaxError: missing ) after argument list
2026-05-10 12:07:52:     at wrapSafe (node:internal/modules/cjs/loader:1743:18)
2026-05-10 12:07:52:     at Module._compile (node:internal/modules/cjs/loader:1786:20)
2026-05-10 12:07:52:     at Object..js (node:internal/modules/cjs/loader:1943:10)
2026-05-10 12:07:52:     at Module.load (node:internal/modules/cjs/loader:1533:32)
2026-05-10 12:07:52:     at Module._load (node:internal/modules/cjs/loader:1335:12)
2026-05-10 12:07:52:     at wrapModuleLoad (node:internal/modules/cjs/loader:255:19)
2026-05-10 12:07:52:     at Module.executeUserEntryPoint [as runMain] (node:internal/modules/run_main:154:5)
2026-05-10 12:07:52:     at node:internal/main/run_main_module:33:47
2026-05-10 12:07:52: 
2026-05-10 12:07:52: Node.js v24.14.0
2026-05-10 12:07:53: D:\new er\node_modules\.bin\next:2
2026-05-10 12:07:53: basedir=$(dirname "$(echo "$0" | sed -e 's,\\,/,g')")
2026-05-10 12:07:53:           ^^^^^^^
2026-05-10 12:07:53: 
2026-05-10 12:07:53: SyntaxError: missing ) after argument list
2026-05-10 12:07:53:     at wrapSafe (node:internal/modules/cjs/loader:1743:18)
2026-05-10 12:07:53:     at Module._compile (node:internal/modules/cjs/loader:1786:20)
2026-05-10 12:07:53:     at Object..js (node:internal/modules/cjs/loader:1943:10)
2026-05-10 12:07:53:     at Module.load (node:internal/modules/cjs/loader:1533:32)
2026-05-10 12:07:53:     at Module._load (node:internal/modules/cjs/loader:1335:12)
2026-05-10 12:07:53:     at wrapModuleLoad (node:internal/modules/cjs/loader:255:19)
2026-05-10 12:07:53:     at Module.executeUserEntryPoint [as runMain] (node:internal/modules/run_main:154:5)
2026-05-10 12:07:53:     at node:internal/main/run_main_module:33:47
2026-05-10 12:07:53: 
2026-05-10 12:07:53: Node.js v24.14.0
2026-05-10 12:07:54: D:\new er\node_modules\.bin\next:2
2026-05-10 12:07:54: basedir=$(dirname "$(echo "$0" | sed -e 's,\\,/,g')")
2026-05-10 12:07:54:           ^^^^^^^
2026-05-10 12:07:54: 
2026-05-10 12:07:54: SyntaxError: missing ) after argument list
2026-05-10 12:07:54:     at wrapSafe (node:internal/modules/cjs/loader:1743:18)
2026-05-10 12:07:54:     at Module._compile (node:internal/modules/cjs/loader:1786:20)
2026-05-10 12:07:54:     at Object..js (node:internal/modules/cjs/loader:1943:10)
2026-05-10 12:07:54:     at Module.load (node:internal/modules/cjs/loader:1533:32)
2026-05-10 12:07:54:     at Module._load (node:internal/modules/cjs/loader:1335:12)
2026-05-10 12:07:54:     at wrapModuleLoad (node:internal/modules/cjs/loader:255:19)
2026-05-10 12:07:54:     at Module.executeUserEntryPoint [as runMain] (node:internal/modules/run_main:154:5)
2026-05-10 12:07:54:     at node:internal/main/run_main_module:33:47
2026-05-10 12:07:54: 
2026-05-10 12:07:54: Node.js v24.14.0
2026-05-10 12:07:55: D:\new er\node_modules\.bin\next:2
2026-05-10 12:07:55: basedir=$(dirname "$(echo "$0" | sed -e 's,\\,/,g')")
2026-05-10 12:07:55:           ^^^^^^^
2026-05-10 12:07:55: 
2026-05-10 12:07:55: SyntaxError: missing ) after argument list
2026-05-10 12:07:55:     at wrapSafe (node:internal/modules/cjs/loader:1743:18)
2026-05-10 12:07:55:     at Module._compile (node:internal/modules/cjs/loader:1786:20)
2026-05-10 12:07:55:     at Object..js (node:internal/modules/cjs/loader:1943:10)
2026-05-10 12:07:55:     at Module.load (node:internal/modules/cjs/loader:1533:32)
2026-05-10 12:07:55:     at Module._load (node:internal/modules/cjs/loader:1335:12)
2026-05-10 12:07:55:     at wrapModuleLoad (node:internal/modules/cjs/loader:255:19)
2026-05-10 12:07:55:     at Module.executeUserEntryPoint [as runMain] (node:internal/modules/run_main:154:5)
2026-05-10 12:07:55:     at node:internal/main/run_main_module:33:47
2026-05-10 12:07:55: 
2026-05-10 12:07:55: Node.js v24.14.0
2026-05-10 12:07:56: D:\new er\node_modules\.bin\next:2
2026-05-10 12:07:56: basedir=$(dirname "$(echo "$0" | sed -e 's,\\,/,g')")
2026-05-10 12:07:56:           ^^^^^^^
2026-05-10 12:07:56: 
2026-05-10 12:07:56: SyntaxError: missing ) after argument list
2026-05-10 12:07:56:     at wrapSafe (node:internal/modules/cjs/loader:1743:18)
2026-05-10 12:07:56:     at Module._compile (node:internal/modules/cjs/loader:1786:20)
2026-05-10 12:07:56:     at Object..js (node:internal/modules/cjs/loader:1943:10)
2026-05-10 12:07:56:     at Module.load (node:internal/modules/cjs/loader:1533:32)
2026-05-10 12:07:56:     at Module._load (node:internal/modules/cjs/loader:1335:12)
2026-05-10 12:07:56:     at wrapModuleLoad (node:internal/modules/cjs/loader:255:19)
2026-05-10 12:07:56:     at Module.executeUserEntryPoint [as runMain] (node:internal/modules/run_main:154:5)
2026-05-10 12:07:56:     at node:internal/main/run_main_module:33:47
2026-05-10 12:07:56: 
2026-05-10 12:07:56: Node.js v24.14.0
2026-05-10 12:07:57: D:\new er\node_modules\.bin\next:2
2026-05-10 12:07:57: basedir=$(dirname "$(echo "$0" | sed -e 's,\\,/,g')")
2026-05-10 12:07:57:           ^^^^^^^
2026-05-10 12:07:57: 
2026-05-10 12:07:57: SyntaxError: missing ) after argument list
2026-05-10 12:07:57:     at wrapSafe (node:internal/modules/cjs/loader:1743:18)
2026-05-10 12:07:57:     at Module._compile (node:internal/modules/cjs/loader:1786:20)
2026-05-10 12:07:57:     at Object..js (node:internal/modules/cjs/loader:1943:10)
2026-05-10 12:07:57:     at Module.load (node:internal/modules/cjs/loader:1533:32)
2026-05-10 12:07:57:     at Module._load (node:internal/modules/cjs/loader:1335:12)
2026-05-10 12:07:57:     at wrapModuleLoad (node:internal/modules/cjs/loader:255:19)
2026-05-10 12:07:57:     at Module.executeUserEntryPoint [as runMain] (node:internal/modules/run_main:154:5)
2026-05-10 12:07:57:     at node:internal/main/run_main_module:33:47
2026-05-10 12:07:57: 
2026-05-10 12:07:57: Node.js v24.14.0
2026-05-10 12:07:58: D:\new er\node_modules\.bin\next:2
2026-05-10 12:07:58: basedir=$(dirname "$(echo "$0" | sed -e 's,\\,/,g')")
2026-05-10 12:07:58:           ^^^^^^^
2026-05-10 12:07:58: 
2026-05-10 12:07:58: SyntaxError: missing ) after argument list
2026-05-10 12:07:58:     at wrapSafe (node:internal/modules/cjs/loader:1743:18)
2026-05-10 12:07:58:     at Module._compile (node:internal/modules/cjs/loader:1786:20)
2026-05-10 12:07:58:     at Object..js (node:internal/modules/cjs/loader:1943:10)
2026-05-10 12:07:58:     at Module.load (node:internal/modules/cjs/loader:1533:32)
2026-05-10 12:07:58:     at Module._load (node:internal/modules/cjs/loader:1335:12)
2026-05-10 12:07:58:     at wrapModuleLoad (node:internal/modules/cjs/loader:255:19)
2026-05-10 12:07:58:     at Module.executeUserEntryPoint [as runMain] (node:internal/modules/run_main:154:5)
2026-05-10 12:07:58:     at node:internal/main/run_main_module:33:47
2026-05-10 12:07:58: 
2026-05-10 12:07:58: Node.js v24.14.0
2026-05-10 12:07:59: D:\new er\node_modules\.bin\next:2
2026-05-10 12:07:59: basedir=$(dirname "$(echo "$0" | sed -e 's,\\,/,g')")
2026-05-10 12:07:59:           ^^^^^^^
2026-05-10 12:07:59: 
2026-05-10 12:07:59: SyntaxError: missing ) after argument list
2026-05-10 12:07:59:     at wrapSafe (node:internal/modules/cjs/loader:1743:18)
2026-05-10 12:07:59:     at Module._compile (node:internal/modules/cjs/loader:1786:20)
2026-05-10 12:07:59:     at Object..js (node:internal/modules/cjs/loader:1943:10)
2026-05-10 12:07:59:     at Module.load (node:internal/modules/cjs/loader:1533:32)
2026-05-10 12:07:59:     at Module._load (node:internal/modules/cjs/loader:1335:12)
2026-05-10 12:07:59:     at wrapModuleLoad (node:internal/modules/cjs/loader:255:19)
2026-05-10 12:07:59:     at Module.executeUserEntryPoint [as runMain] (node:internal/modules/run_main:154:5)
2026-05-10 12:07:59:     at node:internal/main/run_main_module:33:47
2026-05-10 12:07:59: 
2026-05-10 12:07:59: Node.js v24.14.0
2026-05-10 12:08:00: D:\new er\node_modules\.bin\next:2
2026-05-10 12:08:00: basedir=$(dirname "$(echo "$0" | sed -e 's,\\,/,g')")
2026-05-10 12:08:00:           ^^^^^^^
2026-05-10 12:08:00: 
2026-05-10 12:08:00: SyntaxError: missing ) after argument list
2026-05-10 12:08:00:     at wrapSafe (node:internal/modules/cjs/loader:1743:18)
2026-05-10 12:08:00:     at Module._compile (node:internal/modules/cjs/loader:1786:20)
2026-05-10 12:08:00:     at Object..js (node:internal/modules/cjs/loader:1943:10)
2026-05-10 12:08:00:     at Module.load (node:internal/modules/cjs/loader:1533:32)
2026-05-10 12:08:00:     at Module._load (node:internal/modules/cjs/loader:1335:12)
2026-05-10 12:08:00:     at wrapModuleLoad (node:internal/modules/cjs/loader:255:19)
2026-05-10 12:08:00:     at Module.executeUserEntryPoint [as runMain] (node:internal/modules/run_main:154:5)
2026-05-10 12:08:00:     at node:internal/main/run_main_module:33:47
2026-05-10 12:08:00: 
2026-05-10 12:08:00: Node.js v24.14.0
2026-05-10 12:08:01: D:\new er\node_modules\.bin\next:2
2026-05-10 12:08:01: basedir=$(dirname "$(echo "$0" | sed -e 's,\\,/,g')")
2026-05-10 12:08:01:           ^^^^^^^
2026-05-10 12:08:01: 
2026-05-10 12:08:01: SyntaxError: missing ) after argument list
2026-05-10 12:08:01:     at wrapSafe (node:internal/modules/cjs/loader:1743:18)
2026-05-10 12:08:01:     at Module._compile (node:internal/modules/cjs/loader:1786:20)
2026-05-10 12:08:01:     at Object..js (node:internal/modules/cjs/loader:1943:10)
2026-05-10 12:08:01:     at Module.load (node:internal/modules/cjs/loader:1533:32)
2026-05-10 12:08:01:     at Module._load (node:internal/modules/cjs/loader:1335:12)
2026-05-10 12:08:01:     at wrapModuleLoad (node:internal/modules/cjs/loader:255:19)
2026-05-10 12:08:01:     at Module.executeUserEntryPoint [as runMain] (node:internal/modules/run_main:154:5)
2026-05-10 12:08:01:     at node:internal/main/run_main_module:33:47
2026-05-10 12:08:01: 
2026-05-10 12:08:01: Node.js v24.14.0
2026-05-10 12:08:02: D:\new er\node_modules\.bin\next:2
2026-05-10 12:08:02: basedir=$(dirname "$(echo "$0" | sed -e 's,\\,/,g')")
2026-05-10 12:08:02:           ^^^^^^^
2026-05-10 12:08:02: 
2026-05-10 12:08:02: SyntaxError: missing ) after argument list
2026-05-10 12:08:02:     at wrapSafe (node:internal/modules/cjs/loader:1743:18)
2026-05-10 12:08:02:     at Module._compile (node:internal/modules/cjs/loader:1786:20)
2026-05-10 12:08:02:     at Object..js (node:internal/modules/cjs/loader:1943:10)
2026-05-10 12:08:02:     at Module.load (node:internal/modules/cjs/loader:1533:32)
2026-05-10 12:08:02:     at Module._load (node:internal/modules/cjs/loader:1335:12)
2026-05-10 12:08:02:     at wrapModuleLoad (node:internal/modules/cjs/loader:255:19)
2026-05-10 12:08:02:     at Module.executeUserEntryPoint [as runMain] (node:internal/modules/run_main:154:5)
2026-05-10 12:08:02:     at node:internal/main/run_main_module:33:47
2026-05-10 12:08:02: 
2026-05-10 12:08:02: Node.js v24.14.0
2026-05-10 12:08:03: D:\new er\node_modules\.bin\next:2
2026-05-10 12:08:03: basedir=$(dirname "$(echo "$0" | sed -e 's,\\,/,g')")
2026-05-10 12:08:03:           ^^^^^^^
2026-05-10 12:08:03: 
2026-05-10 12:08:03: SyntaxError: missing ) after argument list
2026-05-10 12:08:03:     at wrapSafe (node:internal/modules/cjs/loader:1743:18)
2026-05-10 12:08:03:     at Module._compile (node:internal/modules/cjs/loader:1786:20)
2026-05-10 12:08:03:     at Object..js (node:internal/modules/cjs/loader:1943:10)
2026-05-10 12:08:03:     at Module.load (node:internal/modules/cjs/loader:1533:32)
2026-05-10 12:08:03:     at Module._load (node:internal/modules/cjs/loader:1335:12)
2026-05-10 12:08:03:     at wrapModuleLoad (node:internal/modules/cjs/loader:255:19)
2026-05-10 12:08:03:     at Module.executeUserEntryPoint [as runMain] (node:internal/modules/run_main:154:5)
2026-05-10 12:08:03:     at node:internal/main/run_main_module:33:47
2026-05-10 12:08:03: 
2026-05-10 12:08:03: Node.js v24.14.0
2026-05-10 12:08:04: D:\new er\node_modules\.bin\next:2
2026-05-10 12:08:04: basedir=$(dirname "$(echo "$0" | sed -e 's,\\,/,g')")
2026-05-10 12:08:04:           ^^^^^^^
2026-05-10 12:08:04: 
2026-05-10 12:08:04: SyntaxError: missing ) after argument list
2026-05-10 12:08:04:     at wrapSafe (node:internal/modules/cjs/loader:1743:18)
2026-05-10 12:08:04:     at Module._compile (node:internal/modules/cjs/loader:1786:20)
2026-05-10 12:08:04:     at Object..js (node:internal/modules/cjs/loader:1943:10)
2026-05-10 12:08:04:     at Module.load (node:internal/modules/cjs/loader:1533:32)
2026-05-10 12:08:04:     at Module._load (node:internal/modules/cjs/loader:1335:12)
2026-05-10 12:08:04:     at wrapModuleLoad (node:internal/modules/cjs/loader:255:19)
2026-05-10 12:08:04:     at Module.executeUserEntryPoint [as runMain] (node:internal/modules/run_main:154:5)
2026-05-10 12:08:04:     at node:internal/main/run_main_module:33:47
2026-05-10 12:08:04: 
2026-05-10 12:08:04: Node.js v24.14.0
2026-05-10 12:08:04: D:\new er\node_modules\.bin\next:2
2026-05-10 12:08:04: basedir=$(dirname "$(echo "$0" | sed -e 's,\\,/,g')")
2026-05-10 12:08:04:           ^^^^^^^
2026-05-10 12:08:04: 
2026-05-10 12:08:04: SyntaxError: missing ) after argument list
2026-05-10 12:08:04:     at wrapSafe (node:internal/modules/cjs/loader:1743:18)
2026-05-10 12:08:04:     at Module._compile (node:internal/modules/cjs/loader:1786:20)
2026-05-10 12:08:04:     at Object..js (node:internal/modules/cjs/loader:1943:10)
2026-05-10 12:08:04:     at Module.load (node:internal/modules/cjs/loader:1533:32)
2026-05-10 12:08:04:     at Module._load (node:internal/modules/cjs/loader:1335:12)
2026-05-10 12:08:04:     at wrapModuleLoad (node:internal/modules/cjs/loader:255:19)
2026-05-10 12:08:04:     at Module.executeUserEntryPoint [as runMain] (node:internal/modules/run_main:154:5)
2026-05-10 12:08:04:     at node:internal/main/run_main_module:33:47
2026-05-10 12:08:04: 
2026-05-10 12:08:04: Node.js v24.14.0
2026-05-10 12:08:05: D:\new er\node_modules\.bin\next:2
2026-05-10 12:08:05: basedir=$(dirname "$(echo "$0" | sed -e 's,\\,/,g')")
2026-05-10 12:08:05:           ^^^^^^^
2026-05-10 12:08:05: 
2026-05-10 12:08:05: SyntaxError: missing ) after argument list
2026-05-10 12:08:05:     at wrapSafe (node:internal/modules/cjs/loader:1743:18)
2026-05-10 12:08:05:     at Module._compile (node:internal/modules/cjs/loader:1786:20)
2026-05-10 12:08:05:     at Object..js (node:internal/modules/cjs/loader:1943:10)
2026-05-10 12:08:05:     at Module.load (node:internal/modules/cjs/loader:1533:32)
2026-05-10 12:08:05:     at Module._load (node:internal/modules/cjs/loader:1335:12)
2026-05-10 12:08:05:     at wrapModuleLoad (node:internal/modules/cjs/loader:255:19)
2026-05-10 12:08:05:     at Module.executeUserEntryPoint [as runMain] (node:internal/modules/run_main:154:5)
2026-05-10 12:08:05:     at node:internal/main/run_main_module:33:47
2026-05-10 12:08:05: 
2026-05-10 12:08:05: Node.js v24.14.0
2026-05-10 12:08:06: D:\new er\node_modules\.bin\next:2
2026-05-10 12:08:06: basedir=$(dirname "$(echo "$0" | sed -e 's,\\,/,g')")
2026-05-10 12:08:06:           ^^^^^^^
2026-05-10 12:08:06: 
2026-05-10 12:08:06: SyntaxError: missing ) after argument list
2026-05-10 12:08:06:     at wrapSafe (node:internal/modules/cjs/loader:1743:18)
2026-05-10 12:08:06:     at Module._compile (node:internal/modules/cjs/loader:1786:20)
2026-05-10 12:08:06:     at Object..js (node:internal/modules/cjs/loader:1943:10)
2026-05-10 12:08:06:     at Module.load (node:internal/modules/cjs/loader:1533:32)
2026-05-10 12:08:06:     at Module._load (node:internal/modules/cjs/loader:1335:12)
2026-05-10 12:08:06:     at wrapModuleLoad (node:internal/modules/cjs/loader:255:19)
2026-05-10 12:08:06:     at Module.executeUserEntryPoint [as runMain] (node:internal/modules/run_main:154:5)
2026-05-10 12:08:06:     at node:internal/main/run_main_module:33:47
2026-05-10 12:08:06: 
2026-05-10 12:08:06: Node.js v24.14.0
2026-05-10 12:08:07: D:\new er\node_modules\.bin\next:2
2026-05-10 12:08:07: basedir=$(dirname "$(echo "$0" | sed -e 's,\\,/,g')")
2026-05-10 12:08:07:           ^^^^^^^
2026-05-10 12:08:07: 
2026-05-10 12:08:07: SyntaxError: missing ) after argument list
2026-05-10 12:08:07:     at wrapSafe (node:internal/modules/cjs/loader:1743:18)
2026-05-10 12:08:07:     at Module._compile (node:internal/modules/cjs/loader:1786:20)
2026-05-10 12:08:07:     at Object..js (node:internal/modules/cjs/loader:1943:10)
2026-05-10 12:08:07:     at Module.load (node:internal/modules/cjs/loader:1533:32)
2026-05-10 12:08:07:     at Module._load (node:internal/modules/cjs/loader:1335:12)
2026-05-10 12:08:07:     at wrapModuleLoad (node:internal/modules/cjs/loader:255:19)
2026-05-10 12:08:07:     at Module.executeUserEntryPoint [as runMain] (node:internal/modules/run_main:154:5)
2026-05-10 12:08:07:     at node:internal/main/run_main_module:33:47
2026-05-10 12:08:07: 
2026-05-10 12:08:07: Node.js v24.14.0
2026-05-10 12:08:08: D:\new er\node_modules\.bin\next:2
2026-05-10 12:08:08: basedir=$(dirname "$(echo "$0" | sed -e 's,\\,/,g')")
2026-05-10 12:08:08:           ^^^^^^^
2026-05-10 12:08:08: 
2026-05-10 12:08:08: SyntaxError: missing ) after argument list
2026-05-10 12:08:08:     at wrapSafe (node:internal/modules/cjs/loader:1743:18)
2026-05-10 12:08:08:     at Module._compile (node:internal/modules/cjs/loader:1786:20)
2026-05-10 12:08:08:     at Object..js (node:internal/modules/cjs/loader:1943:10)
2026-05-10 12:08:08:     at Module.load (node:internal/modules/cjs/loader:1533:32)
2026-05-10 12:08:08:     at Module._load (node:internal/modules/cjs/loader:1335:12)
2026-05-10 12:08:08:     at wrapModuleLoad (node:internal/modules/cjs/loader:255:19)
2026-05-10 12:08:08:     at Module.executeUserEntryPoint [as runMain] (node:internal/modules/run_main:154:5)
2026-05-10 12:08:08:     at node:internal/main/run_main_module:33:47
2026-05-10 12:08:08: 
2026-05-10 12:08:08: Node.js v24.14.0
2026-05-10 12:08:09: D:\new er\node_modules\.bin\next:2
2026-05-10 12:08:09: basedir=$(dirname "$(echo "$0" | sed -e 's,\\,/,g')")
2026-05-10 12:08:09:           ^^^^^^^
2026-05-10 12:08:09: 
2026-05-10 12:08:09: SyntaxError: missing ) after argument list
2026-05-10 12:08:09:     at wrapSafe (node:internal/modules/cjs/loader:1743:18)
2026-05-10 12:08:09:     at Module._compile (node:internal/modules/cjs/loader:1786:20)
2026-05-10 12:08:09:     at Object..js (node:internal/modules/cjs/loader:1943:10)
2026-05-10 12:08:09:     at Module.load (node:internal/modules/cjs/loader:1533:32)
2026-05-10 12:08:09:     at Module._load (node:internal/modules/cjs/loader:1335:12)
2026-05-10 12:08:09:     at wrapModuleLoad (node:internal/modules/cjs/loader:255:19)
2026-05-10 12:08:09:     at Module.executeUserEntryPoint [as runMain] (node:internal/modules/run_main:154:5)
2026-05-10 12:08:09:     at node:internal/main/run_main_module:33:47
2026-05-10 12:08:09: 
2026-05-10 12:08:09: Node.js v24.14.0
2026-05-10 12:08:10: D:\new er\node_modules\.bin\next:2
2026-05-10 12:08:10: basedir=$(dirname "$(echo "$0" | sed -e 's,\\,/,g')")
2026-05-10 12:08:10:           ^^^^^^^
2026-05-10 12:08:10: 
2026-05-10 12:08:10: SyntaxError: missing ) after argument list
2026-05-10 12:08:10:     at wrapSafe (node:internal/modules/cjs/loader:1743:18)
2026-05-10 12:08:10:     at Module._compile (node:internal/modules/cjs/loader:1786:20)
2026-05-10 12:08:10:     at Object..js (node:internal/modules/cjs/loader:1943:10)
2026-05-10 12:08:10:     at Module.load (node:internal/modules/cjs/loader:1533:32)
2026-05-10 12:08:10:     at Module._load (node:internal/modules/cjs/loader:1335:12)
2026-05-10 12:08:10:     at wrapModuleLoad (node:internal/modules/cjs/loader:255:19)
2026-05-10 12:08:10:     at Module.executeUserEntryPoint [as runMain] (node:internal/modules/run_main:154:5)
2026-05-10 12:08:10:     at node:internal/main/run_main_module:33:47
2026-05-10 12:08:10: 
2026-05-10 12:08:10: Node.js v24.14.0
2026-05-10 12:08:11: D:\new er\node_modules\.bin\next:2
2026-05-10 12:08:11: basedir=$(dirname "$(echo "$0" | sed -e 's,\\,/,g')")
2026-05-10 12:08:11:           ^^^^^^^
2026-05-10 12:08:11: 
2026-05-10 12:08:11: SyntaxError: missing ) after argument list
2026-05-10 12:08:11:     at wrapSafe (node:internal/modules/cjs/loader:1743:18)
2026-05-10 12:08:11:     at Module._compile (node:internal/modules/cjs/loader:1786:20)
2026-05-10 12:08:11:     at Object..js (node:internal/modules/cjs/loader:1943:10)
2026-05-10 12:08:11:     at Module.load (node:internal/modules/cjs/loader:1533:32)
2026-05-10 12:08:11:     at Module._load (node:internal/modules/cjs/loader:1335:12)
2026-05-10 12:08:11:     at wrapModuleLoad (node:internal/modules/cjs/loader:255:19)
2026-05-10 12:08:11:     at Module.executeUserEntryPoint [as runMain] (node:internal/modules/run_main:154:5)
2026-05-10 12:08:11:     at node:internal/main/run_main_module:33:47
2026-05-10 12:08:11: 
2026-05-10 12:08:11: Node.js v24.14.0
2026-05-10 12:08:12: D:\new er\node_modules\.bin\next:2
2026-05-10 12:08:12: basedir=$(dirname "$(echo "$0" | sed -e 's,\\,/,g')")
2026-05-10 12:08:12:           ^^^^^^^
2026-05-10 12:08:12: 
2026-05-10 12:08:12: SyntaxError: missing ) after argument list
2026-05-10 12:08:12:     at wrapSafe (node:internal/modules/cjs/loader:1743:18)
2026-05-10 12:08:12:     at Module._compile (node:internal/modules/cjs/loader:1786:20)
2026-05-10 12:08:12:     at Object..js (node:internal/modules/cjs/loader:1943:10)
2026-05-10 12:08:12:     at Module.load (node:internal/modules/cjs/loader:1533:32)
2026-05-10 12:08:12:     at Module._load (node:internal/modules/cjs/loader:1335:12)
2026-05-10 12:08:12:     at wrapModuleLoad (node:internal/modules/cjs/loader:255:19)
2026-05-10 12:08:12:     at Module.executeUserEntryPoint [as runMain] (node:internal/modules/run_main:154:5)
2026-05-10 12:08:12:     at node:internal/main/run_main_module:33:47
2026-05-10 12:08:12: 
2026-05-10 12:08:12: Node.js v24.14.0
2026-05-10 12:08:13: D:\new er\node_modules\.bin\next:2
2026-05-10 12:08:13: basedir=$(dirname "$(echo "$0" | sed -e 's,\\,/,g')")
2026-05-10 12:08:13:           ^^^^^^^
2026-05-10 12:08:13: 
2026-05-10 12:08:13: SyntaxError: missing ) after argument list
2026-05-10 12:08:13:     at wrapSafe (node:internal/modules/cjs/loader:1743:18)
2026-05-10 12:08:13:     at Module._compile (node:internal/modules/cjs/loader:1786:20)
2026-05-10 12:08:13:     at Object..js (node:internal/modules/cjs/loader:1943:10)
2026-05-10 12:08:13:     at Module.load (node:internal/modules/cjs/loader:1533:32)
2026-05-10 12:08:13:     at Module._load (node:internal/modules/cjs/loader:1335:12)
2026-05-10 12:08:13:     at wrapModuleLoad (node:internal/modules/cjs/loader:255:19)
2026-05-10 12:08:13:     at Module.executeUserEntryPoint [as runMain] (node:internal/modules/run_main:154:5)
2026-05-10 12:08:13:     at node:internal/main/run_main_module:33:47
2026-05-10 12:08:13: 
2026-05-10 12:08:13: Node.js v24.14.0
2026-05-10 12:08:13: D:\new er\node_modules\.bin\next:2
2026-05-10 12:08:13: basedir=$(dirname "$(echo "$0" | sed -e 's,\\,/,g')")
2026-05-10 12:08:13:           ^^^^^^^
2026-05-10 12:08:13: 
2026-05-10 12:08:13: SyntaxError: missing ) after argument list
2026-05-10 12:08:13:     at wrapSafe (node:internal/modules/cjs/loader:1743:18)
2026-05-10 12:08:13:     at Module._compile (node:internal/modules/cjs/loader:1786:20)
2026-05-10 12:08:13:     at Object..js (node:internal/modules/cjs/loader:1943:10)
2026-05-10 12:08:13:     at Module.load (node:internal/modules/cjs/loader:1533:32)
2026-05-10 12:08:13:     at Module._load (node:internal/modules/cjs/loader:1335:12)
2026-05-10 12:08:13:     at wrapModuleLoad (node:internal/modules/cjs/loader:255:19)
2026-05-10 12:08:13:     at Module.executeUserEntryPoint [as runMain] (node:internal/modules/run_main:154:5)
2026-05-10 12:08:13:     at node:internal/main/run_main_module:33:47
2026-05-10 12:08:13: 
2026-05-10 12:08:13: Node.js v24.14.0
2026-05-10 12:08:14: D:\new er\node_modules\.bin\next:2
2026-05-10 12:08:14: basedir=$(dirname "$(echo "$0" | sed -e 's,\\,/,g')")
2026-05-10 12:08:14:           ^^^^^^^
2026-05-10 12:08:14: 
2026-05-10 12:08:14: SyntaxError: missing ) after argument list
2026-05-10 12:08:14:     at wrapSafe (node:internal/modules/cjs/loader:1743:18)
2026-05-10 12:08:14:     at Module._compile (node:internal/modules/cjs/loader:1786:20)
2026-05-10 12:08:14:     at Object..js (node:internal/modules/cjs/loader:1943:10)
2026-05-10 12:08:14:     at Module.load (node:internal/modules/cjs/loader:1533:32)
2026-05-10 12:08:14:     at Module._load (node:internal/modules/cjs/loader:1335:12)
2026-05-10 12:08:14:     at wrapModuleLoad (node:internal/modules/cjs/loader:255:19)
2026-05-10 12:08:14:     at Module.executeUserEntryPoint [as runMain] (node:internal/modules/run_main:154:5)
2026-05-10 12:08:14:     at node:internal/main/run_main_module:33:47
2026-05-10 12:08:14: 
2026-05-10 12:08:14: Node.js v24.14.0
2026-05-10 12:08:15: D:\new er\node_modules\.bin\next:2
2026-05-10 12:08:15: basedir=$(dirname "$(echo "$0" | sed -e 's,\\,/,g')")
2026-05-10 12:08:15:           ^^^^^^^
2026-05-10 12:08:15: 
2026-05-10 12:08:15: SyntaxError: missing ) after argument list
2026-05-10 12:08:15:     at wrapSafe (node:internal/modules/cjs/loader:1743:18)
2026-05-10 12:08:15:     at Module._compile (node:internal/modules/cjs/loader:1786:20)
2026-05-10 12:08:15:     at Object..js (node:internal/modules/cjs/loader:1943:10)
2026-05-10 12:08:15:     at Module.load (node:internal/modules/cjs/loader:1533:32)
2026-05-10 12:08:15:     at Module._load (node:internal/modules/cjs/loader:1335:12)
2026-05-10 12:08:15:     at wrapModuleLoad (node:internal/modules/cjs/loader:255:19)
2026-05-10 12:08:15:     at Module.executeUserEntryPoint [as runMain] (node:internal/modules/run_main:154:5)
2026-05-10 12:08:15:     at node:internal/main/run_main_module:33:47
2026-05-10 12:08:15: 
2026-05-10 12:08:15: Node.js v24.14.0
2026-05-10 12:08:16: D:\new er\node_modules\.bin\next:2
2026-05-10 12:08:16: basedir=$(dirname "$(echo "$0" | sed -e 's,\\,/,g')")
2026-05-10 12:08:16:           ^^^^^^^
2026-05-10 12:08:16: 
2026-05-10 12:08:16: SyntaxError: missing ) after argument list
2026-05-10 12:08:16:     at wrapSafe (node:internal/modules/cjs/loader:1743:18)
2026-05-10 12:08:16:     at Module._compile (node:internal/modules/cjs/loader:1786:20)
2026-05-10 12:08:16:     at Object..js (node:internal/modules/cjs/loader:1943:10)
2026-05-10 12:08:16:     at Module.load (node:internal/modules/cjs/loader:1533:32)
2026-05-10 12:08:16:     at Module._load (node:internal/modules/cjs/loader:1335:12)
2026-05-10 12:08:16:     at wrapModuleLoad (node:internal/modules/cjs/loader:255:19)
2026-05-10 12:08:16:     at Module.executeUserEntryPoint [as runMain] (node:internal/modules/run_main:154:5)
2026-05-10 12:08:16:     at node:internal/main/run_main_module:33:47
2026-05-10 12:08:16: 
2026-05-10 12:08:16: Node.js v24.14.0
2026-05-10 12:08:17: D:\new er\node_modules\.bin\next:2
2026-05-10 12:08:17: basedir=$(dirname "$(echo "$0" | sed -e 's,\\,/,g')")
2026-05-10 12:08:17:           ^^^^^^^
2026-05-10 12:08:17: 
2026-05-10 12:08:17: SyntaxError: missing ) after argument list
2026-05-10 12:08:17:     at wrapSafe (node:internal/modules/cjs/loader:1743:18)
2026-05-10 12:08:17:     at Module._compile (node:internal/modules/cjs/loader:1786:20)
2026-05-10 12:08:17:     at Object..js (node:internal/modules/cjs/loader:1943:10)
2026-05-10 12:08:17:     at Module.load (node:internal/modules/cjs/loader:1533:32)
2026-05-10 12:08:17:     at Module._load (node:internal/modules/cjs/loader:1335:12)
2026-05-10 12:08:17:     at wrapModuleLoad (node:internal/modules/cjs/loader:255:19)
2026-05-10 12:08:17:     at Module.executeUserEntryPoint [as runMain] (node:internal/modules/run_main:154:5)
2026-05-10 12:08:17:     at node:internal/main/run_main_module:33:47
2026-05-10 12:08:17: 
2026-05-10 12:08:17: Node.js v24.14.0
2026-05-10 12:08:18: D:\new er\node_modules\.bin\next:2
2026-05-10 12:08:18: basedir=$(dirname "$(echo "$0" | sed -e 's,\\,/,g')")
2026-05-10 12:08:18:           ^^^^^^^
2026-05-10 12:08:18: 
2026-05-10 12:08:18: SyntaxError: missing ) after argument list
2026-05-10 12:08:18:     at wrapSafe (node:internal/modules/cjs/loader:1743:18)
2026-05-10 12:08:18:     at Module._compile (node:internal/modules/cjs/loader:1786:20)
2026-05-10 12:08:18:     at Object..js (node:internal/modules/cjs/loader:1943:10)
2026-05-10 12:08:18:     at Module.load (node:internal/modules/cjs/loader:1533:32)
2026-05-10 12:08:18:     at Module._load (node:internal/modules/cjs/loader:1335:12)
2026-05-10 12:08:18:     at wrapModuleLoad (node:internal/modules/cjs/loader:255:19)
2026-05-10 12:08:18:     at Module.executeUserEntryPoint [as runMain] (node:internal/modules/run_main:154:5)
2026-05-10 12:08:18:     at node:internal/main/run_main_module:33:47
2026-05-10 12:08:18: 
2026-05-10 12:08:18: Node.js v24.14.0
2026-05-10 12:08:19: D:\new er\node_modules\.bin\next:2
2026-05-10 12:08:19: basedir=$(dirname "$(echo "$0" | sed -e 's,\\,/,g')")
2026-05-10 12:08:19:           ^^^^^^^
2026-05-10 12:08:19: 
2026-05-10 12:08:19: SyntaxError: missing ) after argument list
2026-05-10 12:08:19:     at wrapSafe (node:internal/modules/cjs/loader:1743:18)
2026-05-10 12:08:19:     at Module._compile (node:internal/modules/cjs/loader:1786:20)
2026-05-10 12:08:19:     at Object..js (node:internal/modules/cjs/loader:1943:10)
2026-05-10 12:08:19:     at Module.load (node:internal/modules/cjs/loader:1533:32)
2026-05-10 12:08:19:     at Module._load (node:internal/modules/cjs/loader:1335:12)
2026-05-10 12:08:19:     at wrapModuleLoad (node:internal/modules/cjs/loader:255:19)
2026-05-10 12:08:19:     at Module.executeUserEntryPoint [as runMain] (node:internal/modules/run_main:154:5)
2026-05-10 12:08:19:     at node:internal/main/run_main_module:33:47
2026-05-10 12:08:19: 
2026-05-10 12:08:19: Node.js v24.14.0
2026-05-10 12:08:20: D:\new er\node_modules\.bin\next:2
2026-05-10 12:08:20: basedir=$(dirname "$(echo "$0" | sed -e 's,\\,/,g')")
2026-05-10 12:08:20:           ^^^^^^^
2026-05-10 12:08:20: 
2026-05-10 12:08:20: SyntaxError: missing ) after argument list
2026-05-10 12:08:20:     at wrapSafe (node:internal/modules/cjs/loader:1743:18)
2026-05-10 12:08:20:     at Module._compile (node:internal/modules/cjs/loader:1786:20)
2026-05-10 12:08:20:     at Object..js (node:internal/modules/cjs/loader:1943:10)
2026-05-10 12:08:20:     at Module.load (node:internal/modules/cjs/loader:1533:32)
2026-05-10 12:08:20:     at Module._load (node:internal/modules/cjs/loader:1335:12)
2026-05-10 12:08:20:     at wrapModuleLoad (node:internal/modules/cjs/loader:255:19)
2026-05-10 12:08:20:     at Module.executeUserEntryPoint [as runMain] (node:internal/modules/run_main:154:5)
2026-05-10 12:08:20:     at node:internal/main/run_main_module:33:47
2026-05-10 12:08:20: 
2026-05-10 12:08:20: Node.js v24.14.0
2026-05-10 12:08:21: D:\new er\node_modules\.bin\next:2
2026-05-10 12:08:21: basedir=$(dirname "$(echo "$0" | sed -e 's,\\,/,g')")
2026-05-10 12:08:21:           ^^^^^^^
2026-05-10 12:08:21: 
2026-05-10 12:08:21: SyntaxError: missing ) after argument list
2026-05-10 12:08:21:     at wrapSafe (node:internal/modules/cjs/loader:1743:18)
2026-05-10 12:08:21:     at Module._compile (node:internal/modules/cjs/loader:1786:20)
2026-05-10 12:08:21:     at Object..js (node:internal/modules/cjs/loader:1943:10)
2026-05-10 12:08:21:     at Module.load (node:internal/modules/cjs/loader:1533:32)
2026-05-10 12:08:21:     at Module._load (node:internal/modules/cjs/loader:1335:12)
2026-05-10 12:08:21:     at wrapModuleLoad (node:internal/modules/cjs/loader:255:19)
2026-05-10 12:08:21:     at Module.executeUserEntryPoint [as runMain] (node:internal/modules/run_main:154:5)
2026-05-10 12:08:21:     at node:internal/main/run_main_module:33:47
2026-05-10 12:08:21: 
2026-05-10 12:08:21: Node.js v24.14.0
2026-05-10 12:08:22: D:\new er\node_modules\.bin\next:2
2026-05-10 12:08:22: basedir=$(dirname "$(echo "$0" | sed -e 's,\\,/,g')")
2026-05-10 12:08:22:           ^^^^^^^
2026-05-10 12:08:22: 
2026-05-10 12:08:22: SyntaxError: missing ) after argument list
2026-05-10 12:08:22:     at wrapSafe (node:internal/modules/cjs/loader:1743:18)
2026-05-10 12:08:22:     at Module._compile (node:internal/modules/cjs/loader:1786:20)
2026-05-10 12:08:22:     at Object..js (node:internal/modules/cjs/loader:1943:10)
2026-05-10 12:08:22:     at Module.load (node:internal/modules/cjs/loader:1533:32)
2026-05-10 12:08:22:     at Module._load (node:internal/modules/cjs/loader:1335:12)
2026-05-10 12:08:22:     at wrapModuleLoad (node:internal/modules/cjs/loader:255:19)
2026-05-10 12:08:22:     at Module.executeUserEntryPoint [as runMain] (node:internal/modules/run_main:154:5)
2026-05-10 12:08:22:     at node:internal/main/run_main_module:33:47
2026-05-10 12:08:22: 
2026-05-10 12:08:22: Node.js v24.14.0
2026-05-10 12:08:23: D:\new er\node_modules\.bin\next:2
2026-05-10 12:08:23: basedir=$(dirname "$(echo "$0" | sed -e 's,\\,/,g')")
2026-05-10 12:08:23:           ^^^^^^^
2026-05-10 12:08:23: 
2026-05-10 12:08:23: SyntaxError: missing ) after argument list
2026-05-10 12:08:23:     at wrapSafe (node:internal/modules/cjs/loader:1743:18)
2026-05-10 12:08:23:     at Module._compile (node:internal/modules/cjs/loader:1786:20)
2026-05-10 12:08:23:     at Object..js (node:internal/modules/cjs/loader:1943:10)
2026-05-10 12:08:23:     at Module.load (node:internal/modules/cjs/loader:1533:32)
2026-05-10 12:08:23:     at Module._load (node:internal/modules/cjs/loader:1335:12)
2026-05-10 12:08:23:     at wrapModuleLoad (node:internal/modules/cjs/loader:255:19)
2026-05-10 12:08:23:     at Module.executeUserEntryPoint [as runMain] (node:internal/modules/run_main:154:5)
2026-05-10 12:08:23:     at node:internal/main/run_main_module:33:47
2026-05-10 12:08:23: 
2026-05-10 12:08:23: Node.js v24.14.0
2026-05-10 12:08:24: D:\new er\node_modules\.bin\next:2
2026-05-10 12:08:24: basedir=$(dirname "$(echo "$0" | sed -e 's,\\,/,g')")
2026-05-10 12:08:24:           ^^^^^^^
2026-05-10 12:08:24: 
2026-05-10 12:08:24: SyntaxError: missing ) after argument list
2026-05-10 12:08:24:     at wrapSafe (node:internal/modules/cjs/loader:1743:18)
2026-05-10 12:08:24:     at Module._compile (node:internal/modules/cjs/loader:1786:20)
2026-05-10 12:08:24:     at Object..js (node:internal/modules/cjs/loader:1943:10)
2026-05-10 12:08:24:     at Module.load (node:internal/modules/cjs/loader:1533:32)
2026-05-10 12:08:24:     at Module._load (node:internal/modules/cjs/loader:1335:12)
2026-05-10 12:08:24:     at wrapModuleLoad (node:internal/modules/cjs/loader:255:19)
2026-05-10 12:08:24:     at Module.executeUserEntryPoint [as runMain] (node:internal/modules/run_main:154:5)
2026-05-10 12:08:24:     at node:internal/main/run_main_module:33:47
2026-05-10 12:08:24: 
2026-05-10 12:08:24: Node.js v24.14.0
2026-05-10 12:08:25: D:\new er\node_modules\.bin\next:2
2026-05-10 12:08:25: basedir=$(dirname "$(echo "$0" | sed -e 's,\\,/,g')")
2026-05-10 12:08:25:           ^^^^^^^
2026-05-10 12:08:25: 
2026-05-10 12:08:25: SyntaxError: missing ) after argument list
2026-05-10 12:08:25:     at wrapSafe (node:internal/modules/cjs/loader:1743:18)
2026-05-10 12:08:25:     at Module._compile (node:internal/modules/cjs/loader:1786:20)
2026-05-10 12:08:25:     at Object..js (node:internal/modules/cjs/loader:1943:10)
2026-05-10 12:08:25:     at Module.load (node:internal/modules/cjs/loader:1533:32)
2026-05-10 12:08:25:     at Module._load (node:internal/modules/cjs/loader:1335:12)
2026-05-10 12:08:25:     at wrapModuleLoad (node:internal/modules/cjs/loader:255:19)
2026-05-10 12:08:25:     at Module.executeUserEntryPoint [as runMain] (node:internal/modules/run_main:154:5)
2026-05-10 12:08:25:     at node:internal/main/run_main_module:33:47
2026-05-10 12:08:25: 
2026-05-10 12:08:25: Node.js v24.14.0
2026-05-10 12:08:26: D:\new er\node_modules\.bin\next:2
2026-05-10 12:08:26: basedir=$(dirname "$(echo "$0" | sed -e 's,\\,/,g')")
2026-05-10 12:08:26:           ^^^^^^^
2026-05-10 12:08:26: 
2026-05-10 12:08:26: SyntaxError: missing ) after argument list
2026-05-10 12:08:26:     at wrapSafe (node:internal/modules/cjs/loader:1743:18)
2026-05-10 12:08:26:     at Module._compile (node:internal/modules/cjs/loader:1786:20)
2026-05-10 12:08:26:     at Object..js (node:internal/modules/cjs/loader:1943:10)
2026-05-10 12:08:26:     at Module.load (node:internal/modules/cjs/loader:1533:32)
2026-05-10 12:08:26:     at Module._load (node:internal/modules/cjs/loader:1335:12)
2026-05-10 12:08:26:     at wrapModuleLoad (node:internal/modules/cjs/loader:255:19)
2026-05-10 12:08:26:     at Module.executeUserEntryPoint [as runMain] (node:internal/modules/run_main:154:5)
2026-05-10 12:08:26:     at node:internal/main/run_main_module:33:47
2026-05-10 12:08:26: 
2026-05-10 12:08:26: Node.js v24.14.0
2026-05-10 12:08:27: D:\new er\node_modules\.bin\next:2
2026-05-10 12:08:27: basedir=$(dirname "$(echo "$0" | sed -e 's,\\,/,g')")
2026-05-10 12:08:27:           ^^^^^^^
2026-05-10 12:08:27: 
2026-05-10 12:08:27: SyntaxError: missing ) after argument list
2026-05-10 12:08:27:     at wrapSafe (node:internal/modules/cjs/loader:1743:18)
2026-05-10 12:08:27:     at Module._compile (node:internal/modules/cjs/loader:1786:20)
2026-05-10 12:08:27:     at Object..js (node:internal/modules/cjs/loader:1943:10)
2026-05-10 12:08:27:     at Module.load (node:internal/modules/cjs/loader:1533:32)
2026-05-10 12:08:27:     at Module._load (node:internal/modules/cjs/loader:1335:12)
2026-05-10 12:08:27:     at wrapModuleLoad (node:internal/modules/cjs/loader:255:19)
2026-05-10 12:08:27:     at Module.executeUserEntryPoint [as runMain] (node:internal/modules/run_main:154:5)
2026-05-10 12:08:27:     at node:internal/main/run_main_module:33:47
2026-05-10 12:08:27: 
2026-05-10 12:08:27: Node.js v24.14.0
2026-05-10 12:08:28: D:\new er\node_modules\.bin\next:2
2026-05-10 12:08:28: basedir=$(dirname "$(echo "$0" | sed -e 's,\\,/,g')")
2026-05-10 12:08:28:           ^^^^^^^
2026-05-10 12:08:28: 
2026-05-10 12:08:28: SyntaxError: missing ) after argument list
2026-05-10 12:08:28:     at wrapSafe (node:internal/modules/cjs/loader:1743:18)
2026-05-10 12:08:28:     at Module._compile (node:internal/modules/cjs/loader:1786:20)
2026-05-10 12:08:28:     at Object..js (node:internal/modules/cjs/loader:1943:10)
2026-05-10 12:08:28:     at Module.load (node:internal/modules/cjs/loader:1533:32)
2026-05-10 12:08:28:     at Module._load (node:internal/modules/cjs/loader:1335:12)
2026-05-10 12:08:28:     at wrapModuleLoad (node:internal/modules/cjs/loader:255:19)
2026-05-10 12:08:28:     at Module.executeUserEntryPoint [as runMain] (node:internal/modules/run_main:154:5)
2026-05-10 12:08:28:     at node:internal/main/run_main_module:33:47
2026-05-10 12:08:28: 
2026-05-10 12:08:28: Node.js v24.14.0
2026-05-10 12:08:29: D:\new er\node_modules\.bin\next:2
2026-05-10 12:08:29: basedir=$(dirname "$(echo "$0" | sed -e 's,\\,/,g')")
2026-05-10 12:08:29:           ^^^^^^^
2026-05-10 12:08:29: 
2026-05-10 12:08:29: SyntaxError: missing ) after argument list
2026-05-10 12:08:29:     at wrapSafe (node:internal/modules/cjs/loader:1743:18)
2026-05-10 12:08:29:     at Module._compile (node:internal/modules/cjs/loader:1786:20)
2026-05-10 12:08:29:     at Object..js (node:internal/modules/cjs/loader:1943:10)
2026-05-10 12:08:29:     at Module.load (node:internal/modules/cjs/loader:1533:32)
2026-05-10 12:08:29:     at Module._load (node:internal/modules/cjs/loader:1335:12)
2026-05-10 12:08:29:     at wrapModuleLoad (node:internal/modules/cjs/loader:255:19)
2026-05-10 12:08:29:     at Module.executeUserEntryPoint [as runMain] (node:internal/modules/run_main:154:5)
2026-05-10 12:08:29:     at node:internal/main/run_main_module:33:47
2026-05-10 12:08:29: 
2026-05-10 12:08:29: Node.js v24.14.0
2026-05-10 15:48:12: Error: Could not find a production build in the '.next' directory. Try building your app with 'next build' before starting the production server. https://nextjs.org/docs/messages/production-start-no-build-id
    at ignore-listed frames
2026-05-10 15:48:16: Error: Could not find a production build in the '.next' directory. Try building your app with 'next build' before starting the production server. https://nextjs.org/docs/messages/production-start-no-build-id
    at ignore-listed frames
2026-05-10 15:48:18: Error: Could not find a production build in the '.next' directory. Try building your app with 'next build' before starting the production server. https://nextjs.org/docs/messages/production-start-no-build-id
    at ignore-listed frames
2026-05-10 15:48:20: Error: Could not find a production build in the '.next' directory. Try building your app with 'next build' before starting the production server. https://nextjs.org/docs/messages/production-start-no-build-id
    at ignore-listed frames
2026-05-10 15:48:22: Error: Could not find a production build in the '.next' directory. Try building your app with 'next build' before starting the production server. https://nextjs.org/docs/messages/production-start-no-build-id
    at ignore-listed frames
2026-05-10 15:48:24: Error: Could not find a production build in the '.next' directory. Try building your app with 'next build' before starting the production server. https://nextjs.org/docs/messages/production-start-no-build-id
    at ignore-listed frames
2026-05-10 15:48:26: Error: Could not find a production build in the '.next' directory. Try building your app with 'next build' before starting the production server. https://nextjs.org/docs/messages/production-start-no-build-id
    at ignore-listed frames
2026-05-10 15:48:29: Error: Could not find a production build in the '.next' directory. Try building your app with 'next build' before starting the production server. https://nextjs.org/docs/messages/production-start-no-build-id
    at ignore-listed frames
2026-05-10 15:48:31: Error: Could not find a production build in the '.next' directory. Try building your app with 'next build' before starting the production server. https://nextjs.org/docs/messages/production-start-no-build-id
    at ignore-listed frames
2026-05-10 15:48:33: Error: Could not find a production build in the '.next' directory. Try building your app with 'next build' before starting the production server. https://nextjs.org/docs/messages/production-start-no-build-id
    at ignore-listed frames
2026-05-10 15:48:35: Error: Could not find a production build in the '.next' directory. Try building your app with 'next build' before starting the production server. https://nextjs.org/docs/messages/production-start-no-build-id
    at ignore-listed frames
2026-05-10 15:48:37: Error: Could not find a production build in the '.next' directory. Try building your app with 'next build' before starting the production server. https://nextjs.org/docs/messages/production-start-no-build-id
    at ignore-listed frames
2026-05-10 15:48:41: Error: Could not find a production build in the '.next' directory. Try building your app with 'next build' before starting the production server. https://nextjs.org/docs/messages/production-start-no-build-id
    at ignore-listed frames
2026-05-10 15:48:45: Error: Could not find a production build in the '.next' directory. Try building your app with 'next build' before starting the production server. https://nextjs.org/docs/messages/production-start-no-build-id
    at ignore-listed frames
2026-05-10 15:48:48: Error: Could not find a production build in the '.next' directory. Try building your app with 'next build' before starting the production server. https://nextjs.org/docs/messages/production-start-no-build-id
    at ignore-listed frames
2026-05-10 15:48:52: Error: Could not find a production build in the '.next' directory. Try building your app with 'next build' before starting the production server. https://nextjs.org/docs/messages/production-start-no-build-id
    at ignore-listed frames
2026-05-10 15:48:55: Error: Could not find a production build in the '.next' directory. Try building your app with 'next build' before starting the production server. https://nextjs.org/docs/messages/production-start-no-build-id
    at ignore-listed frames
2026-05-10 15:48:58: Error: Could not find a production build in the '.next' directory. Try building your app with 'next build' before starting the production server. https://nextjs.org/docs/messages/production-start-no-build-id
    at ignore-listed frames
2026-05-10 15:49:01: Error: Could not find a production build in the '.next' directory. Try building your app with 'next build' before starting the production server. https://nextjs.org/docs/messages/production-start-no-build-id
    at ignore-listed frames
2026-05-10 15:49:04: Error: Could not find a production build in the '.next' directory. Try building your app with 'next build' before starting the production server. https://nextjs.org/docs/messages/production-start-no-build-id
    at ignore-listed frames
2026-05-10 15:49:06: Error: Could not find a production build in the '.next' directory. Try building your app with 'next build' before starting the production server. https://nextjs.org/docs/messages/production-start-no-build-id
    at ignore-listed frames
2026-05-10 15:49:10: Error: Could not find a production build in the '.next' directory. Try building your app with 'next build' before starting the production server. https://nextjs.org/docs/messages/production-start-no-build-id
    at ignore-listed frames
2026-05-10 15:49:13: Error: Could not find a production build in the '.next' directory. Try building your app with 'next build' before starting the production server. https://nextjs.org/docs/messages/production-start-no-build-id
    at ignore-listed frames
2026-05-10 15:49:15: Error: Could not find a production build in the '.next' directory. Try building your app with 'next build' before starting the production server. https://nextjs.org/docs/messages/production-start-no-build-id
    at ignore-listed frames
2026-05-10 15:49:17: Error: Could not find a production build in the '.next' directory. Try building your app with 'next build' before starting the production server. https://nextjs.org/docs/messages/production-start-no-build-id
    at ignore-listed frames
2026-05-10 15:49:20: Error: Could not find a production build in the '.next' directory. Try building your app with 'next build' before starting the production server. https://nextjs.org/docs/messages/production-start-no-build-id
    at ignore-listed frames
2026-05-10 15:49:22: Error: Could not find a production build in the '.next' directory. Try building your app with 'next build' before starting the production server. https://nextjs.org/docs/messages/production-start-no-build-id
    at ignore-listed frames
2026-05-10 15:49:25: Error: Could not find a production build in the '.next' directory. Try building your app with 'next build' before starting the production server. https://nextjs.org/docs/messages/production-start-no-build-id
    at ignore-listed frames
2026-05-10 15:49:27: Error: Could not find a production build in the '.next' directory. Try building your app with 'next build' before starting the production server. https://nextjs.org/docs/messages/production-start-no-build-id
    at ignore-listed frames
2026-05-10 15:49:29: Error: Could not find a production build in the '.next' directory. Try building your app with 'next build' before starting the production server. https://nextjs.org/docs/messages/production-start-no-build-id
    at ignore-listed frames
2026-05-10 15:49:31: Error: Could not find a production build in the '.next' directory. Try building your app with 'next build' before starting the production server. https://nextjs.org/docs/messages/production-start-no-build-id
    at ignore-listed frames
2026-05-10 15:49:33: Error: Could not find a production build in the '.next' directory. Try building your app with 'next build' before starting the production server. https://nextjs.org/docs/messages/production-start-no-build-id
    at ignore-listed frames
2026-05-10 15:49:35: Error: Could not find a production build in the '.next' directory. Try building your app with 'next build' before starting the production server. https://nextjs.org/docs/messages/production-start-no-build-id
    at ignore-listed frames
2026-05-10 15:49:38: Error: Could not find a production build in the '.next' directory. Try building your app with 'next build' before starting the production server. https://nextjs.org/docs/messages/production-start-no-build-id
    at ignore-listed frames
2026-05-10 15:49:40: Error: Could not find a production build in the '.next' directory. Try building your app with 'next build' before starting the production server. https://nextjs.org/docs/messages/production-start-no-build-id
    at ignore-listed frames
2026-05-10 15:49:42: Error: Could not find a production build in the '.next' directory. Try building your app with 'next build' before starting the production server. https://nextjs.org/docs/messages/production-start-no-build-id
    at ignore-listed frames
2026-05-10 15:49:43: Error: Could not find a production build in the '.next' directory. Try building your app with 'next build' before starting the production server. https://nextjs.org/docs/messages/production-start-no-build-id
    at ignore-listed frames
2026-05-10 15:49:46: Error: Could not find a production build in the '.next' directory. Try building your app with 'next build' before starting the production server. https://nextjs.org/docs/messages/production-start-no-build-id
    at ignore-listed frames
2026-05-10 15:49:50: Error: Could not find a production build in the '.next' directory. Try building your app with 'next build' before starting the production server. https://nextjs.org/docs/messages/production-start-no-build-id
    at ignore-listed frames
2026-05-10 15:49:56: Error: Could not find a production build in the '.next' directory. Try building your app with 'next build' before starting the production server. https://nextjs.org/docs/messages/production-start-no-build-id
    at ignore-listed frames
2026-05-10 15:50:00: Error: Could not find a production build in the '.next' directory. Try building your app with 'next build' before starting the production server. https://nextjs.org/docs/messages/production-start-no-build-id
    at ignore-listed frames
2026-05-10 15:50:04: Error: Could not find a production build in the '.next' directory. Try building your app with 'next build' before starting the production server. https://nextjs.org/docs/messages/production-start-no-build-id
    at ignore-listed frames
2026-05-10 15:50:08: Error: Could not find a production build in the '.next' directory. Try building your app with 'next build' before starting the production server. https://nextjs.org/docs/messages/production-start-no-build-id
    at ignore-listed frames
2026-05-10 15:50:13: Error: Could not find a production build in the '.next' directory. Try building your app with 'next build' before starting the production server. https://nextjs.org/docs/messages/production-start-no-build-id
    at ignore-listed frames
2026-05-10 15:50:17: Error: Could not find a production build in the '.next' directory. Try building your app with 'next build' before starting the production server. https://nextjs.org/docs/messages/production-start-no-build-id
    at ignore-listed frames
2026-05-10 15:50:20: Error: Could not find a production build in the '.next' directory. Try building your app with 'next build' before starting the production server. https://nextjs.org/docs/messages/production-start-no-build-id
    at ignore-listed frames
2026-05-10 15:50:22: Error: Could not find a production build in the '.next' directory. Try building your app with 'next build' before starting the production server. https://nextjs.org/docs/messages/production-start-no-build-id
    at ignore-listed frames
2026-05-10 15:50:24: Error: Could not find a production build in the '.next' directory. Try building your app with 'next build' before starting the production server. https://nextjs.org/docs/messages/production-start-no-build-id
    at ignore-listed frames
2026-05-10 15:50:26: Error: Could not find a production build in the '.next' directory. Try building your app with 'next build' before starting the production server. https://nextjs.org/docs/messages/production-start-no-build-id
    at ignore-listed frames
2026-05-10 15:50:28: Error: Could not find a production build in the '.next' directory. Try building your app with 'next build' before starting the production server. https://nextjs.org/docs/messages/production-start-no-build-id
    at ignore-listed frames
2026-05-10 15:50:31: Error: Could not find a production build in the '.next' directory. Try building your app with 'next build' before starting the production server. https://nextjs.org/docs/messages/production-start-no-build-id
    at ignore-listed frames
2026-05-10 15:50:34: Error: Could not find a production build in the '.next' directory. Try building your app with 'next build' before starting the production server. https://nextjs.org/docs/messages/production-start-no-build-id
    at ignore-listed frames
2026-05-10 15:50:39: Error: Could not find a production build in the '.next' directory. Try building your app with 'next build' before starting the production server. https://nextjs.org/docs/messages/production-start-no-build-id
    at ignore-listed frames
2026-05-10 15:50:42: Error: Could not find a production build in the '.next' directory. Try building your app with 'next build' before starting the production server. https://nextjs.org/docs/messages/production-start-no-build-id
    at ignore-listed frames
2026-05-10 15:50:44: Error: Could not find a production build in the '.next' directory. Try building your app with 'next build' before starting the production server. https://nextjs.org/docs/messages/production-start-no-build-id
    at ignore-listed frames
2026-05-10 15:50:46: Error: Could not find a production build in the '.next' directory. Try building your app with 'next build' before starting the production server. https://nextjs.org/docs/messages/production-start-no-build-id
    at ignore-listed frames
2026-05-10 15:50:51: Error: Could not find a production build in the '.next' directory. Try building your app with 'next build' before starting the production server. https://nextjs.org/docs/messages/production-start-no-build-id
    at ignore-listed frames
2026-05-10 15:50:55: Error: Could not find a production build in the '.next' directory. Try building your app with 'next build' before starting the production server. https://nextjs.org/docs/messages/production-start-no-build-id
    at ignore-listed frames
2026-05-10 15:50:58: Error: Could not find a production build in the '.next' directory. Try building your app with 'next build' before starting the production server. https://nextjs.org/docs/messages/production-start-no-build-id
    at ignore-listed frames
2026-05-10 15:51:02: Error: Could not find a production build in the '.next' directory. Try building your app with 'next build' before starting the production server. https://nextjs.org/docs/messages/production-start-no-build-id
    at ignore-listed frames
2026-05-10 15:51:06: Error: Could not find a production build in the '.next' directory. Try building your app with 'next build' before starting the production server. https://nextjs.org/docs/messages/production-start-no-build-id
    at ignore-listed frames
2026-05-10 15:51:09: Error: Could not find a production build in the '.next' directory. Try building your app with 'next build' before starting the production server. https://nextjs.org/docs/messages/production-start-no-build-id
    at ignore-listed frames
2026-05-10 15:51:13: Error: Could not find a production build in the '.next' directory. Try building your app with 'next build' before starting the production server. https://nextjs.org/docs/messages/production-start-no-build-id
    at ignore-listed frames
2026-05-10 15:51:16: Error: Could not find a production build in the '.next' directory. Try building your app with 'next build' before starting the production server. https://nextjs.org/docs/messages/production-start-no-build-id
    at ignore-listed frames
2026-05-10 15:51:18: Error: Could not find a production build in the '.next' directory. Try building your app with 'next build' before starting the production server. https://nextjs.org/docs/messages/production-start-no-build-id
    at ignore-listed frames
2026-05-10 15:51:20: Error: Could not find a production build in the '.next' directory. Try building your app with 'next build' before starting the production server. https://nextjs.org/docs/messages/production-start-no-build-id
    at ignore-listed frames
2026-05-10 15:51:23: Error: Could not find a production build in the '.next' directory. Try building your app with 'next build' before starting the production server. https://nextjs.org/docs/messages/production-start-no-build-id
    at ignore-listed frames
2026-05-10 15:51:26: Error: Could not find a production build in the '.next' directory. Try building your app with 'next build' before starting the production server. https://nextjs.org/docs/messages/production-start-no-build-id
    at ignore-listed frames
2026-05-10 15:51:30: Error: Could not find a production build in the '.next' directory. Try building your app with 'next build' before starting the production server. https://nextjs.org/docs/messages/production-start-no-build-id
    at ignore-listed frames
2026-05-10 15:51:32: Error: Could not find a production build in the '.next' directory. Try building your app with 'next build' before starting the production server. https://nextjs.org/docs/messages/production-start-no-build-id
    at ignore-listed frames
2026-05-10 15:51:34: Error: Could not find a production build in the '.next' directory. Try building your app with 'next build' before starting the production server. https://nextjs.org/docs/messages/production-start-no-build-id
    at ignore-listed frames
2026-05-10 15:51:37: Error: Could not find a production build in the '.next' directory. Try building your app with 'next build' before starting the production server. https://nextjs.org/docs/messages/production-start-no-build-id
    at ignore-listed frames
2026-05-10 15:51:39: Error: Could not find a production build in the '.next' directory. Try building your app with 'next build' before starting the production server. https://nextjs.org/docs/messages/production-start-no-build-id
    at ignore-listed frames
2026-05-10 15:51:42: Error: Could not find a production build in the '.next' directory. Try building your app with 'next build' before starting the production server. https://nextjs.org/docs/messages/production-start-no-build-id
    at ignore-listed frames
2026-05-10 15:51:44: Error: Could not find a production build in the '.next' directory. Try building your app with 'next build' before starting the production server. https://nextjs.org/docs/messages/production-start-no-build-id
    at ignore-listed frames
2026-05-10 15:51:46: Error: Could not find a production build in the '.next' directory. Try building your app with 'next build' before starting the production server. https://nextjs.org/docs/messages/production-start-no-build-id
    at ignore-listed frames
2026-05-10 15:51:48: Error: Could not find a production build in the '.next' directory. Try building your app with 'next build' before starting the production server. https://nextjs.org/docs/messages/production-start-no-build-id
    at ignore-listed frames
2026-05-10 15:51:51: Error: Could not find a production build in the '.next' directory. Try building your app with 'next build' before starting the production server. https://nextjs.org/docs/messages/production-start-no-build-id
    at ignore-listed frames
2026-05-10 15:51:53: Error: Could not find a production build in the '.next' directory. Try building your app with 'next build' before starting the production server. https://nextjs.org/docs/messages/production-start-no-build-id
    at ignore-listed frames
2026-05-10 15:51:55: Error: Could not find a production build in the '.next' directory. Try building your app with 'next build' before starting the production server. https://nextjs.org/docs/messages/production-start-no-build-id
    at ignore-listed frames
2026-05-10 15:51:57: Error: Could not find a production build in the '.next' directory. Try building your app with 'next build' before starting the production server. https://nextjs.org/docs/messages/production-start-no-build-id
    at ignore-listed frames
2026-05-10 15:52:01: Error: Could not find a production build in the '.next' directory. Try building your app with 'next build' before starting the production server. https://nextjs.org/docs/messages/production-start-no-build-id
    at ignore-listed frames
2026-05-10 15:52:03: Error: Could not find a production build in the '.next' directory. Try building your app with 'next build' before starting the production server. https://nextjs.org/docs/messages/production-start-no-build-id
    at ignore-listed frames
2026-05-10 15:52:05: Error: Could not find a production build in the '.next' directory. Try building your app with 'next build' before starting the production server. https://nextjs.org/docs/messages/production-start-no-build-id
    at ignore-listed frames
2026-05-10 15:52:08: Error: Could not find a production build in the '.next' directory. Try building your app with 'next build' before starting the production server. https://nextjs.org/docs/messages/production-start-no-build-id
    at ignore-listed frames
2026-05-10 15:52:11: Error: Could not find a production build in the '.next' directory. Try building your app with 'next build' before starting the production server. https://nextjs.org/docs/messages/production-start-no-build-id
    at ignore-listed frames
2026-05-10 15:52:15: Error: Could not find a production build in the '.next' directory. Try building your app with 'next build' before starting the production server. https://nextjs.org/docs/messages/production-start-no-build-id
    at ignore-listed frames
2026-05-10 15:52:18: Error: Could not find a production build in the '.next' directory. Try building your app with 'next build' before starting the production server. https://nextjs.org/docs/messages/production-start-no-build-id
    at ignore-listed frames
2026-05-10 15:52:21: Error: Could not find a production build in the '.next' directory. Try building your app with 'next build' before starting the production server. https://nextjs.org/docs/messages/production-start-no-build-id
    at ignore-listed frames
2026-05-10 15:52:23: Error: Could not find a production build in the '.next' directory. Try building your app with 'next build' before starting the production server. https://nextjs.org/docs/messages/production-start-no-build-id
    at ignore-listed frames
2026-05-10 15:52:26: Error: Could not find a production build in the '.next' directory. Try building your app with 'next build' before starting the production server. https://nextjs.org/docs/messages/production-start-no-build-id
    at ignore-listed frames
2026-05-10 15:52:28: Error: Could not find a production build in the '.next' directory. Try building your app with 'next build' before starting the production server. https://nextjs.org/docs/messages/production-start-no-build-id
    at ignore-listed frames
2026-05-10 15:52:30: Error: Could not find a production build in the '.next' directory. Try building your app with 'next build' before starting the production server. https://nextjs.org/docs/messages/production-start-no-build-id
    at ignore-listed frames
2026-05-10 15:52:32: Error: Could not find a production build in the '.next' directory. Try building your app with 'next build' before starting the production server. https://nextjs.org/docs/messages/production-start-no-build-id
    at ignore-listed frames
2026-05-10 15:52:35: Error: Could not find a production build in the '.next' directory. Try building your app with 'next build' before starting the production server. https://nextjs.org/docs/messages/production-start-no-build-id
    at ignore-listed frames
2026-05-10 15:52:37: Error: Could not find a production build in the '.next' directory. Try building your app with 'next build' before starting the production server. https://nextjs.org/docs/messages/production-start-no-build-id
    at ignore-listed frames
2026-05-10 15:52:39: Error: Could not find a production build in the '.next' directory. Try building your app with 'next build' before starting the production server. https://nextjs.org/docs/messages/production-start-no-build-id
    at ignore-listed frames
2026-05-10 15:52:41: Error: Could not find a production build in the '.next' directory. Try building your app with 'next build' before starting the production server. https://nextjs.org/docs/messages/production-start-no-build-id
    at ignore-listed frames
2026-05-10 15:52:43: Error: Could not find a production build in the '.next' directory. Try building your app with 'next build' before starting the production server. https://nextjs.org/docs/messages/production-start-no-build-id
    at ignore-listed frames
2026-05-10 15:52:45: Error: Could not find a production build in the '.next' directory. Try building your app with 'next build' before starting the production server. https://nextjs.org/docs/messages/production-start-no-build-id
    at ignore-listed frames
2026-05-10 15:52:47: Error: Could not find a production build in the '.next' directory. Try building your app with 'next build' before starting the production server. https://nextjs.org/docs/messages/production-start-no-build-id
    at ignore-listed frames
2026-05-10 15:52:50: Error: Could not find a production build in the '.next' directory. Try building your app with 'next build' before starting the production server. https://nextjs.org/docs/messages/production-start-no-build-id
    at ignore-listed frames
2026-05-10 15:52:52: Error: Could not find a production build in the '.next' directory. Try building your app with 'next build' before starting the production server. https://nextjs.org/docs/messages/production-start-no-build-id
    at ignore-listed frames
2026-05-10 15:52:55: Error: Could not find a production build in the '.next' directory. Try building your app with 'next build' before starting the production server. https://nextjs.org/docs/messages/production-start-no-build-id
    at ignore-listed frames
2026-05-10 15:52:57: Error: Could not find a production build in the '.next' directory. Try building your app with 'next build' before starting the production server. https://nextjs.org/docs/messages/production-start-no-build-id
    at ignore-listed frames
2026-05-10 15:53:01: Error: Could not find a production build in the '.next' directory. Try building your app with 'next build' before starting the production server. https://nextjs.org/docs/messages/production-start-no-build-id
    at ignore-listed frames
2026-05-10 15:53:04: Error: Could not find a production build in the '.next' directory. Try building your app with 'next build' before starting the production server. https://nextjs.org/docs/messages/production-start-no-build-id
    at ignore-listed frames
2026-05-10 15:53:07: Error: Could not find a production build in the '.next' directory. Try building your app with 'next build' before starting the production server. https://nextjs.org/docs/messages/production-start-no-build-id
    at ignore-listed frames
2026-05-10 15:53:10: Error: Could not find a production build in the '.next' directory. Try building your app with 'next build' before starting the production server. https://nextjs.org/docs/messages/production-start-no-build-id
    at ignore-listed frames
2026-05-10 15:53:12: Error: Could not find a production build in the '.next' directory. Try building your app with 'next build' before starting the production server. https://nextjs.org/docs/messages/production-start-no-build-id
    at ignore-listed frames
2026-05-10 15:53:15: Error: Could not find a production build in the '.next' directory. Try building your app with 'next build' before starting the production server. https://nextjs.org/docs/messages/production-start-no-build-id
    at ignore-listed frames
2026-05-10 15:53:17: Error: Could not find a production build in the '.next' directory. Try building your app with 'next build' before starting the production server. https://nextjs.org/docs/messages/production-start-no-build-id
    at ignore-listed frames
2026-05-10 15:53:19: Error: Could not find a production build in the '.next' directory. Try building your app with 'next build' before starting the production server. https://nextjs.org/docs/messages/production-start-no-build-id
    at ignore-listed frames
2026-05-10 15:53:21: Error: Could not find a production build in the '.next' directory. Try building your app with 'next build' before starting the production server. https://nextjs.org/docs/messages/production-start-no-build-id
    at ignore-listed frames
2026-05-10 15:53:23: Error: Could not find a production build in the '.next' directory. Try building your app with 'next build' before starting the production server. https://nextjs.org/docs/messages/production-start-no-build-id
    at ignore-listed frames
2026-05-10 15:53:25: Error: Could not find a production build in the '.next' directory. Try building your app with 'next build' before starting the production server. https://nextjs.org/docs/messages/production-start-no-build-id
    at ignore-listed frames
2026-05-10 15:53:27: Error: Could not find a production build in the '.next' directory. Try building your app with 'next build' before starting the production server. https://nextjs.org/docs/messages/production-start-no-build-id
    at ignore-listed frames
2026-05-10 15:53:29: Error: Could not find a production build in the '.next' directory. Try building your app with 'next build' before starting the production server. https://nextjs.org/docs/messages/production-start-no-build-id
    at ignore-listed frames
2026-05-10 15:53:30: Error: Could not find a production build in the '.next' directory. Try building your app with 'next build' before starting the production server. https://nextjs.org/docs/messages/production-start-no-build-id
    at ignore-listed frames
2026-05-10 15:53:32: Error: Could not find a production build in the '.next' directory. Try building your app with 'next build' before starting the production server. https://nextjs.org/docs/messages/production-start-no-build-id
    at ignore-listed frames
2026-05-10 15:53:34: Error: Could not find a production build in the '.next' directory. Try building your app with 'next build' before starting the production server. https://nextjs.org/docs/messages/production-start-no-build-id
    at ignore-listed frames
2026-05-10 15:53:36: Error: Could not find a production build in the '.next' directory. Try building your app with 'next build' before starting the production server. https://nextjs.org/docs/messages/production-start-no-build-id
    at ignore-listed frames
2026-05-10 15:53:38: Error: Could not find a production build in the '.next' directory. Try building your app with 'next build' before starting the production server. https://nextjs.org/docs/messages/production-start-no-build-id
    at ignore-listed frames
2026-05-10 15:53:41: Error: Could not find a production build in the '.next' directory. Try building your app with 'next build' before starting the production server. https://nextjs.org/docs/messages/production-start-no-build-id
    at ignore-listed frames
2026-05-10 15:53:43: Error: Could not find a production build in the '.next' directory. Try building your app with 'next build' before starting the production server. https://nextjs.org/docs/messages/production-start-no-build-id
    at ignore-listed frames
2026-05-10 15:53:44: Error: Could not find a production build in the '.next' directory. Try building your app with 'next build' before starting the production server. https://nextjs.org/docs/messages/production-start-no-build-id
    at ignore-listed frames
2026-05-10 15:53:47: Error: Could not find a production build in the '.next' directory. Try building your app with 'next build' before starting the production server. https://nextjs.org/docs/messages/production-start-no-build-id
    at ignore-listed frames
2026-05-10 15:53:50: Error: Could not find a production build in the '.next' directory. Try building your app with 'next build' before starting the production server. https://nextjs.org/docs/messages/production-start-no-build-id
    at ignore-listed frames
2026-05-10 15:53:52: Error: Could not find a production build in the '.next' directory. Try building your app with 'next build' before starting the production server. https://nextjs.org/docs/messages/production-start-no-build-id
    at ignore-listed frames
2026-05-10 15:53:55: Error: Could not find a production build in the '.next' directory. Try building your app with 'next build' before starting the production server. https://nextjs.org/docs/messages/production-start-no-build-id
    at ignore-listed frames
2026-05-10 15:53:57: Error: Could not find a production build in the '.next' directory. Try building your app with 'next build' before starting the production server. https://nextjs.org/docs/messages/production-start-no-build-id
    at ignore-listed frames
2026-05-10 15:53:59: Error: Could not find a production build in the '.next' directory. Try building your app with 'next build' before starting the production server. https://nextjs.org/docs/messages/production-start-no-build-id
    at ignore-listed frames
2026-05-10 15:54:00: Error: Could not find a production build in the '.next' directory. Try building your app with 'next build' before starting the production server. https://nextjs.org/docs/messages/production-start-no-build-id
    at ignore-listed frames
2026-05-10 15:54:02: Error: Could not find a production build in the '.next' directory. Try building your app with 'next build' before starting the production server. https://nextjs.org/docs/messages/production-start-no-build-id
    at ignore-listed frames
2026-05-10 15:54:04: Error: Could not find a production build in the '.next' directory. Try building your app with 'next build' before starting the production server. https://nextjs.org/docs/messages/production-start-no-build-id
    at ignore-listed frames
2026-05-10 15:54:06: Error: Could not find a production build in the '.next' directory. Try building your app with 'next build' before starting the production server. https://nextjs.org/docs/messages/production-start-no-build-id
    at ignore-listed frames
2026-05-10 15:54:08: Error: Could not find a production build in the '.next' directory. Try building your app with 'next build' before starting the production server. https://nextjs.org/docs/messages/production-start-no-build-id
    at ignore-listed frames
2026-05-10 15:54:09: Error: Could not find a production build in the '.next' directory. Try building your app with 'next build' before starting the production server. https://nextjs.org/docs/messages/production-start-no-build-id
    at ignore-listed frames
2026-05-10 15:54:11: Error: Could not find a production build in the '.next' directory. Try building your app with 'next build' before starting the production server. https://nextjs.org/docs/messages/production-start-no-build-id
    at ignore-listed frames
2026-05-10 15:54:13: Error: Could not find a production build in the '.next' directory. Try building your app with 'next build' before starting the production server. https://nextjs.org/docs/messages/production-start-no-build-id
    at ignore-listed frames
2026-05-10 15:54:15: Error: Could not find a production build in the '.next' directory. Try building your app with 'next build' before starting the production server. https://nextjs.org/docs/messages/production-start-no-build-id
    at ignore-listed frames
2026-05-10 15:54:17: Error: Could not find a production build in the '.next' directory. Try building your app with 'next build' before starting the production server. https://nextjs.org/docs/messages/production-start-no-build-id
    at ignore-listed frames
2026-05-10 15:54:19: Error: Could not find a production build in the '.next' directory. Try building your app with 'next build' before starting the production server. https://nextjs.org/docs/messages/production-start-no-build-id
    at ignore-listed frames
2026-05-10 15:54:20: Error: Could not find a production build in the '.next' directory. Try building your app with 'next build' before starting the production server. https://nextjs.org/docs/messages/production-start-no-build-id
    at ignore-listed frames
2026-05-10 15:54:22: Error: Could not find a production build in the '.next' directory. Try building your app with 'next build' before starting the production server. https://nextjs.org/docs/messages/production-start-no-build-id
    at ignore-listed frames
2026-05-10 15:54:24: Error: Could not find a production build in the '.next' directory. Try building your app with 'next build' before starting the production server. https://nextjs.org/docs/messages/production-start-no-build-id
    at ignore-listed frames
2026-05-10 15:54:26: Error: Could not find a production build in the '.next' directory. Try building your app with 'next build' before starting the production server. https://nextjs.org/docs/messages/production-start-no-build-id
    at ignore-listed frames
2026-05-10 15:54:29: Error: Could not find a production build in the '.next' directory. Try building your app with 'next build' before starting the production server. https://nextjs.org/docs/messages/production-start-no-build-id
    at ignore-listed frames
2026-05-10 15:54:31: Error: Could not find a production build in the '.next' directory. Try building your app with 'next build' before starting the production server. https://nextjs.org/docs/messages/production-start-no-build-id
    at ignore-listed frames
2026-05-10 15:54:33: Error: Could not find a production build in the '.next' directory. Try building your app with 'next build' before starting the production server. https://nextjs.org/docs/messages/production-start-no-build-id
    at ignore-listed frames
2026-05-10 15:54:35: Error: Could not find a production build in the '.next' directory. Try building your app with 'next build' before starting the production server. https://nextjs.org/docs/messages/production-start-no-build-id
    at ignore-listed frames
2026-05-10 15:54:36: Error: Could not find a production build in the '.next' directory. Try building your app with 'next build' before starting the production server. https://nextjs.org/docs/messages/production-start-no-build-id
    at ignore-listed frames
2026-05-10 15:54:38: Error: Could not find a production build in the '.next' directory. Try building your app with 'next build' before starting the production server. https://nextjs.org/docs/messages/production-start-no-build-id
    at ignore-listed frames
2026-05-10 15:54:40: Error: Could not find a production build in the '.next' directory. Try building your app with 'next build' before starting the production server. https://nextjs.org/docs/messages/production-start-no-build-id
    at ignore-listed frames
2026-05-10 15:54:42: Error: Could not find a production build in the '.next' directory. Try building your app with 'next build' before starting the production server. https://nextjs.org/docs/messages/production-start-no-build-id
    at ignore-listed frames
2026-05-10 15:54:45: Error: Could not find a production build in the '.next' directory. Try building your app with 'next build' before starting the production server. https://nextjs.org/docs/messages/production-start-no-build-id
    at ignore-listed frames
2026-05-10 15:54:47: Error: Could not find a production build in the '.next' directory. Try building your app with 'next build' before starting the production server. https://nextjs.org/docs/messages/production-start-no-build-id
    at ignore-listed frames
2026-05-10 15:54:50: Error: Could not find a production build in the '.next' directory. Try building your app with 'next build' before starting the production server. https://nextjs.org/docs/messages/production-start-no-build-id
    at ignore-listed frames
2026-05-10 15:54:53: Error: Could not find a production build in the '.next' directory. Try building your app with 'next build' before starting the production server. https://nextjs.org/docs/messages/production-start-no-build-id
    at ignore-listed frames
2026-05-10 15:54:56: Error: Could not find a production build in the '.next' directory. Try building your app with 'next build' before starting the production server. https://nextjs.org/docs/messages/production-start-no-build-id
    at ignore-listed frames
2026-05-10 15:54:58: Error: Could not find a production build in the '.next' directory. Try building your app with 'next build' before starting the production server. https://nextjs.org/docs/messages/production-start-no-build-id
    at ignore-listed frames
2026-05-10 15:55:00: Error: Could not find a production build in the '.next' directory. Try building your app with 'next build' before starting the production server. https://nextjs.org/docs/messages/production-start-no-build-id
    at ignore-listed frames
2026-05-10 15:55:03: Error: Could not find a production build in the '.next' directory. Try building your app with 'next build' before starting the production server. https://nextjs.org/docs/messages/production-start-no-build-id
    at ignore-listed frames
2026-05-10 15:55:05: Error: Could not find a production build in the '.next' directory. Try building your app with 'next build' before starting the production server. https://nextjs.org/docs/messages/production-start-no-build-id
    at ignore-listed frames
2026-05-10 15:55:07: Error: Could not find a production build in the '.next' directory. Try building your app with 'next build' before starting the production server. https://nextjs.org/docs/messages/production-start-no-build-id
    at ignore-listed frames
2026-05-10 15:55:10: Error: Could not find a production build in the '.next' directory. Try building your app with 'next build' before starting the production server. https://nextjs.org/docs/messages/production-start-no-build-id
    at ignore-listed frames
2026-05-10 15:55:12: Error: Could not find a production build in the '.next' directory. Try building your app with 'next build' before starting the production server. https://nextjs.org/docs/messages/production-start-no-build-id
    at ignore-listed frames
2026-05-10 15:55:14: Error: Could not find a production build in the '.next' directory. Try building your app with 'next build' before starting the production server. https://nextjs.org/docs/messages/production-start-no-build-id
    at ignore-listed frames
2026-05-10 15:55:16: Error: Could not find a production build in the '.next' directory. Try building your app with 'next build' before starting the production server. https://nextjs.org/docs/messages/production-start-no-build-id
    at ignore-listed frames
2026-05-10 15:55:18: Error: Could not find a production build in the '.next' directory. Try building your app with 'next build' before starting the production server. https://nextjs.org/docs/messages/production-start-no-build-id
    at ignore-listed frames
2026-05-10 15:55:20: Error: Could not find a production build in the '.next' directory. Try building your app with 'next build' before starting the production server. https://nextjs.org/docs/messages/production-start-no-build-id
    at ignore-listed frames
2026-05-10 15:55:22: Error: Could not find a production build in the '.next' directory. Try building your app with 'next build' before starting the production server. https://nextjs.org/docs/messages/production-start-no-build-id
    at ignore-listed frames
2026-05-10 15:55:23: Error: Could not find a production build in the '.next' directory. Try building your app with 'next build' before starting the production server. https://nextjs.org/docs/messages/production-start-no-build-id
    at ignore-listed frames
2026-05-10 15:55:26: Error: Could not find a production build in the '.next' directory. Try building your app with 'next build' before starting the production server. https://nextjs.org/docs/messages/production-start-no-build-id
    at ignore-listed frames
2026-05-10 15:55:28: Error: Could not find a production build in the '.next' directory. Try building your app with 'next build' before starting the production server. https://nextjs.org/docs/messages/production-start-no-build-id
    at ignore-listed frames
2026-05-10 15:55:30: Error: Could not find a production build in the '.next' directory. Try building your app with 'next build' before starting the production server. https://nextjs.org/docs/messages/production-start-no-build-id
    at ignore-listed frames
2026-05-10 15:55:32: Error: Could not find a production build in the '.next' directory. Try building your app with 'next build' before starting the production server. https://nextjs.org/docs/messages/production-start-no-build-id
    at ignore-listed frames
2026-05-10 15:55:35: Error: Could not find a production build in the '.next' directory. Try building your app with 'next build' before starting the production server. https://nextjs.org/docs/messages/production-start-no-build-id
    at ignore-listed frames
2026-05-10 15:55:37: Error: Could not find a production build in the '.next' directory. Try building your app with 'next build' before starting the production server. https://nextjs.org/docs/messages/production-start-no-build-id
    at ignore-listed frames
2026-05-10 15:55:40: Error: Could not find a production build in the '.next' directory. Try building your app with 'next build' before starting the production server. https://nextjs.org/docs/messages/production-start-no-build-id
    at ignore-listed frames
2026-05-10 15:55:42: Error: Could not find a production build in the '.next' directory. Try building your app with 'next build' before starting the production server. https://nextjs.org/docs/messages/production-start-no-build-id
    at ignore-listed frames
2026-05-10 15:55:44: Error: Could not find a production build in the '.next' directory. Try building your app with 'next build' before starting the production server. https://nextjs.org/docs/messages/production-start-no-build-id
    at ignore-listed frames
2026-05-10 15:55:45: Error: Could not find a production build in the '.next' directory. Try building your app with 'next build' before starting the production server. https://nextjs.org/docs/messages/production-start-no-build-id
    at ignore-listed frames
2026-05-10 15:55:48: Error: Could not find a production build in the '.next' directory. Try building your app with 'next build' before starting the production server. https://nextjs.org/docs/messages/production-start-no-build-id
    at ignore-listed frames
2026-05-10 15:55:49: Error: Could not find a production build in the '.next' directory. Try building your app with 'next build' before starting the production server. https://nextjs.org/docs/messages/production-start-no-build-id
    at ignore-listed frames
2026-05-10 15:55:51: Error: Could not find a production build in the '.next' directory. Try building your app with 'next build' before starting the production server. https://nextjs.org/docs/messages/production-start-no-build-id
    at ignore-listed frames
2026-05-10 15:55:53: Error: Could not find a production build in the '.next' directory. Try building your app with 'next build' before starting the production server. https://nextjs.org/docs/messages/production-start-no-build-id
    at ignore-listed frames
2026-05-10 15:55:55: Error: Could not find a production build in the '.next' directory. Try building your app with 'next build' before starting the production server. https://nextjs.org/docs/messages/production-start-no-build-id
    at ignore-listed frames
2026-05-10 15:55:57: Error: Could not find a production build in the '.next' directory. Try building your app with 'next build' before starting the production server. https://nextjs.org/docs/messages/production-start-no-build-id
    at ignore-listed frames
2026-05-10 15:56:00: Error: Could not find a production build in the '.next' directory. Try building your app with 'next build' before starting the production server. https://nextjs.org/docs/messages/production-start-no-build-id
    at ignore-listed frames
2026-05-10 15:56:01: Error: Could not find a production build in the '.next' directory. Try building your app with 'next build' before starting the production server. https://nextjs.org/docs/messages/production-start-no-build-id
    at ignore-listed frames
2026-05-10 15:56:03: Error: Could not find a production build in the '.next' directory. Try building your app with 'next build' before starting the production server. https://nextjs.org/docs/messages/production-start-no-build-id
    at ignore-listed frames
2026-05-10 15:56:05: Error: Could not find a production build in the '.next' directory. Try building your app with 'next build' before starting the production server. https://nextjs.org/docs/messages/production-start-no-build-id
    at ignore-listed frames
2026-05-10 15:56:07: Error: Could not find a production build in the '.next' directory. Try building your app with 'next build' before starting the production server. https://nextjs.org/docs/messages/production-start-no-build-id
    at ignore-listed frames
2026-05-10 15:56:09: Error: Could not find a production build in the '.next' directory. Try building your app with 'next build' before starting the production server. https://nextjs.org/docs/messages/production-start-no-build-id
    at ignore-listed frames
2026-05-10 15:56:11: Error: Could not find a production build in the '.next' directory. Try building your app with 'next build' before starting the production server. https://nextjs.org/docs/messages/production-start-no-build-id
    at ignore-listed frames
2026-05-10 15:56:13: Error: Could not find a production build in the '.next' directory. Try building your app with 'next build' before starting the production server. https://nextjs.org/docs/messages/production-start-no-build-id
    at ignore-listed frames
2026-05-10 15:56:16: Error: Could not find a production build in the '.next' directory. Try building your app with 'next build' before starting the production server. https://nextjs.org/docs/messages/production-start-no-build-id
    at ignore-listed frames
2026-05-10 15:56:19: Error: Could not find a production build in the '.next' directory. Try building your app with 'next build' before starting the production server. https://nextjs.org/docs/messages/production-start-no-build-id
    at ignore-listed frames
2026-05-10 15:56:22: Error: Could not find a production build in the '.next' directory. Try building your app with 'next build' before starting the production server. https://nextjs.org/docs/messages/production-start-no-build-id
    at ignore-listed frames
2026-05-10 15:56:25: Error: Could not find a production build in the '.next' directory. Try building your app with 'next build' before starting the production server. https://nextjs.org/docs/messages/production-start-no-build-id
    at ignore-listed frames
2026-05-10 15:56:27: Error: Could not find a production build in the '.next' directory. Try building your app with 'next build' before starting the production server. https://nextjs.org/docs/messages/production-start-no-build-id
    at ignore-listed frames
2026-05-10 15:56:30: Error: Could not find a production build in the '.next' directory. Try building your app with 'next build' before starting the production server. https://nextjs.org/docs/messages/production-start-no-build-id
    at ignore-listed frames
2026-05-10 15:56:33: Error: Could not find a production build in the '.next' directory. Try building your app with 'next build' before starting the production server. https://nextjs.org/docs/messages/production-start-no-build-id
    at ignore-listed frames
2026-05-10 15:56:36: Error: Could not find a production build in the '.next' directory. Try building your app with 'next build' before starting the production server. https://nextjs.org/docs/messages/production-start-no-build-id
    at ignore-listed frames
2026-05-10 15:56:38: Error: Could not find a production build in the '.next' directory. Try building your app with 'next build' before starting the production server. https://nextjs.org/docs/messages/production-start-no-build-id
    at ignore-listed frames
2026-05-10 15:56:40: Error: Could not find a production build in the '.next' directory. Try building your app with 'next build' before starting the production server. https://nextjs.org/docs/messages/production-start-no-build-id
    at ignore-listed frames
2026-05-10 15:56:42: Error: Could not find a production build in the '.next' directory. Try building your app with 'next build' before starting the production server. https://nextjs.org/docs/messages/production-start-no-build-id
    at ignore-listed frames
2026-05-10 15:56:44: Error: Could not find a production build in the '.next' directory. Try building your app with 'next build' before starting the production server. https://nextjs.org/docs/messages/production-start-no-build-id
    at ignore-listed frames
2026-05-10 15:56:47: Error: Could not find a production build in the '.next' directory. Try building your app with 'next build' before starting the production server. https://nextjs.org/docs/messages/production-start-no-build-id
    at ignore-listed frames
2026-05-10 15:56:49: Error: Could not find a production build in the '.next' directory. Try building your app with 'next build' before starting the production server. https://nextjs.org/docs/messages/production-start-no-build-id
    at ignore-listed frames
2026-05-10 15:56:50: Error: Could not find a production build in the '.next' directory. Try building your app with 'next build' before starting the production server. https://nextjs.org/docs/messages/production-start-no-build-id
    at ignore-listed frames
2026-05-10 15:56:52: Error: Could not find a production build in the '.next' directory. Try building your app with 'next build' before starting the production server. https://nextjs.org/docs/messages/production-start-no-build-id
    at ignore-listed frames
2026-05-10 15:56:54: Error: Could not find a production build in the '.next' directory. Try building your app with 'next build' before starting the production server. https://nextjs.org/docs/messages/production-start-no-build-id
    at ignore-listed frames
2026-05-10 15:56:56: Error: Could not find a production build in the '.next' directory. Try building your app with 'next build' before starting the production server. https://nextjs.org/docs/messages/production-start-no-build-id
    at ignore-listed frames
2026-05-10 15:56:58: Error: Could not find a production build in the '.next' directory. Try building your app with 'next build' before starting the production server. https://nextjs.org/docs/messages/production-start-no-build-id
    at ignore-listed frames
2026-05-10 15:56:59: Error: Could not find a production build in the '.next' directory. Try building your app with 'next build' before starting the production server. https://nextjs.org/docs/messages/production-start-no-build-id
    at ignore-listed frames
2026-05-10 15:57:02: Error: Could not find a production build in the '.next' directory. Try building your app with 'next build' before starting the production server. https://nextjs.org/docs/messages/production-start-no-build-id
    at ignore-listed frames
2026-05-10 15:57:03: Error: Could not find a production build in the '.next' directory. Try building your app with 'next build' before starting the production server. https://nextjs.org/docs/messages/production-start-no-build-id
    at ignore-listed frames
2026-05-10 15:57:06: Error: Could not find a production build in the '.next' directory. Try building your app with 'next build' before starting the production server. https://nextjs.org/docs/messages/production-start-no-build-id
    at ignore-listed frames
2026-05-10 15:57:08: Error: Could not find a production build in the '.next' directory. Try building your app with 'next build' before starting the production server. https://nextjs.org/docs/messages/production-start-no-build-id
    at ignore-listed frames
2026-05-10 15:57:10: Error: Could not find a production build in the '.next' directory. Try building your app with 'next build' before starting the production server. https://nextjs.org/docs/messages/production-start-no-build-id
    at ignore-listed frames
2026-05-10 15:57:12: Error: Could not find a production build in the '.next' directory. Try building your app with 'next build' before starting the production server. https://nextjs.org/docs/messages/production-start-no-build-id
    at ignore-listed frames
2026-05-10 15:57:14: Error: Could not find a production build in the '.next' directory. Try building your app with 'next build' before starting the production server. https://nextjs.org/docs/messages/production-start-no-build-id
    at ignore-listed frames
2026-05-10 15:57:16: Error: Could not find a production build in the '.next' directory. Try building your app with 'next build' before starting the production server. https://nextjs.org/docs/messages/production-start-no-build-id
    at ignore-listed frames
2026-05-10 15:57:18: Error: Could not find a production build in the '.next' directory. Try building your app with 'next build' before starting the production server. https://nextjs.org/docs/messages/production-start-no-build-id
    at ignore-listed frames
2026-05-10 15:57:20: Error: Could not find a production build in the '.next' directory. Try building your app with 'next build' before starting the production server. https://nextjs.org/docs/messages/production-start-no-build-id
    at ignore-listed frames
2026-05-10 15:57:22: Error: Could not find a production build in the '.next' directory. Try building your app with 'next build' before starting the production server. https://nextjs.org/docs/messages/production-start-no-build-id
    at ignore-listed frames
2026-05-10 15:57:24: Error: Could not find a production build in the '.next' directory. Try building your app with 'next build' before starting the production server. https://nextjs.org/docs/messages/production-start-no-build-id
    at ignore-listed frames
2026-05-10 15:57:26: Error: Could not find a production build in the '.next' directory. Try building your app with 'next build' before starting the production server. https://nextjs.org/docs/messages/production-start-no-build-id
    at ignore-listed frames
2026-05-10 15:57:28: Error: Could not find a production build in the '.next' directory. Try building your app with 'next build' before starting the production server. https://nextjs.org/docs/messages/production-start-no-build-id
    at ignore-listed frames
2026-05-10 15:57:31: Error: Could not find a production build in the '.next' directory. Try building your app with 'next build' before starting the production server. https://nextjs.org/docs/messages/production-start-no-build-id
    at ignore-listed frames
2026-05-10 15:57:33: Error: Could not find a production build in the '.next' directory. Try building your app with 'next build' before starting the production server. https://nextjs.org/docs/messages/production-start-no-build-id
    at ignore-listed frames
2026-05-10 15:57:35: Error: Could not find a production build in the '.next' directory. Try building your app with 'next build' before starting the production server. https://nextjs.org/docs/messages/production-start-no-build-id
    at ignore-listed frames
2026-05-10 15:57:37: Error: Could not find a production build in the '.next' directory. Try building your app with 'next build' before starting the production server. https://nextjs.org/docs/messages/production-start-no-build-id
    at ignore-listed frames
2026-05-10 15:57:40: Error: Could not find a production build in the '.next' directory. Try building your app with 'next build' before starting the production server. https://nextjs.org/docs/messages/production-start-no-build-id
    at ignore-listed frames
2026-05-10 15:57:43: Error: Could not find a production build in the '.next' directory. Try building your app with 'next build' before starting the production server. https://nextjs.org/docs/messages/production-start-no-build-id
    at ignore-listed frames
2026-05-10 15:57:44: Error: Could not find a production build in the '.next' directory. Try building your app with 'next build' before starting the production server. https://nextjs.org/docs/messages/production-start-no-build-id
    at ignore-listed frames
2026-05-10 15:57:46: Error: Could not find a production build in the '.next' directory. Try building your app with 'next build' before starting the production server. https://nextjs.org/docs/messages/production-start-no-build-id
    at ignore-listed frames
2026-05-10 15:57:48: Error: Could not find a production build in the '.next' directory. Try building your app with 'next build' before starting the production server. https://nextjs.org/docs/messages/production-start-no-build-id
    at ignore-listed frames
2026-05-10 15:57:50: Error: Could not find a production build in the '.next' directory. Try building your app with 'next build' before starting the production server. https://nextjs.org/docs/messages/production-start-no-build-id
    at ignore-listed frames
2026-05-10 15:57:51: Error: Could not find a production build in the '.next' directory. Try building your app with 'next build' before starting the production server. https://nextjs.org/docs/messages/production-start-no-build-id
    at ignore-listed frames
2026-05-10 15:57:53: Error: Could not find a production build in the '.next' directory. Try building your app with 'next build' before starting the production server. https://nextjs.org/docs/messages/production-start-no-build-id
    at ignore-listed frames
2026-05-10 15:57:55: Error: Could not find a production build in the '.next' directory. Try building your app with 'next build' before starting the production server. https://nextjs.org/docs/messages/production-start-no-build-id
    at ignore-listed frames
2026-05-10 15:57:57: Error: Could not find a production build in the '.next' directory. Try building your app with 'next build' before starting the production server. https://nextjs.org/docs/messages/production-start-no-build-id
    at ignore-listed frames
2026-05-10 15:57:58: Error: Could not find a production build in the '.next' directory. Try building your app with 'next build' before starting the production server. https://nextjs.org/docs/messages/production-start-no-build-id
    at ignore-listed frames
2026-05-10 15:58:00: Error: Could not find a production build in the '.next' directory. Try building your app with 'next build' before starting the production server. https://nextjs.org/docs/messages/production-start-no-build-id
    at ignore-listed frames
2026-05-10 15:58:02: Error: Could not find a production build in the '.next' directory. Try building your app with 'next build' before starting the production server. https://nextjs.org/docs/messages/production-start-no-build-id
    at ignore-listed frames
2026-05-10 15:58:04: Error: Could not find a production build in the '.next' directory. Try building your app with 'next build' before starting the production server. https://nextjs.org/docs/messages/production-start-no-build-id
    at ignore-listed frames
2026-05-10 15:58:06: Error: Could not find a production build in the '.next' directory. Try building your app with 'next build' before starting the production server. https://nextjs.org/docs/messages/production-start-no-build-id
    at ignore-listed frames
2026-05-10 15:58:07: Error: Could not find a production build in the '.next' directory. Try building your app with 'next build' before starting the production server. https://nextjs.org/docs/messages/production-start-no-build-id
    at ignore-listed frames
2026-05-10 15:58:09: Error: Could not find a production build in the '.next' directory. Try building your app with 'next build' before starting the production server. https://nextjs.org/docs/messages/production-start-no-build-id
    at ignore-listed frames
2026-05-10 15:58:11: Error: Could not find a production build in the '.next' directory. Try building your app with 'next build' before starting the production server. https://nextjs.org/docs/messages/production-start-no-build-id
    at ignore-listed frames
2026-05-10 15:58:13: Error: Could not find a production build in the '.next' directory. Try building your app with 'next build' before starting the production server. https://nextjs.org/docs/messages/production-start-no-build-id
    at ignore-listed frames
2026-05-10 15:58:14: Error: Could not find a production build in the '.next' directory. Try building your app with 'next build' before starting the production server. https://nextjs.org/docs/messages/production-start-no-build-id
    at ignore-listed frames
2026-05-10 15:58:16: Error: Could not find a production build in the '.next' directory. Try building your app with 'next build' before starting the production server. https://nextjs.org/docs/messages/production-start-no-build-id
    at ignore-listed frames
2026-05-10 15:58:18: Error: Could not find a production build in the '.next' directory. Try building your app with 'next build' before starting the production server. https://nextjs.org/docs/messages/production-start-no-build-id
    at ignore-listed frames
2026-05-10 15:58:20: Error: Could not find a production build in the '.next' directory. Try building your app with 'next build' before starting the production server. https://nextjs.org/docs/messages/production-start-no-build-id
    at ignore-listed frames
2026-05-10 15:58:22: Error: Could not find a production build in the '.next' directory. Try building your app with 'next build' before starting the production server. https://nextjs.org/docs/messages/production-start-no-build-id
    at ignore-listed frames
2026-05-10 15:58:23: Error: Could not find a production build in the '.next' directory. Try building your app with 'next build' before starting the production server. https://nextjs.org/docs/messages/production-start-no-build-id
    at ignore-listed frames
2026-05-10 15:58:25: Error: Could not find a production build in the '.next' directory. Try building your app with 'next build' before starting the production server. https://nextjs.org/docs/messages/production-start-no-build-id
    at ignore-listed frames
2026-05-10 15:58:27: Error: Could not find a production build in the '.next' directory. Try building your app with 'next build' before starting the production server. https://nextjs.org/docs/messages/production-start-no-build-id
    at ignore-listed frames
2026-05-10 15:58:29: Error: Could not find a production build in the '.next' directory. Try building your app with 'next build' before starting the production server. https://nextjs.org/docs/messages/production-start-no-build-id
    at ignore-listed frames
2026-05-10 15:58:30: Error: Could not find a production build in the '.next' directory. Try building your app with 'next build' before starting the production server. https://nextjs.org/docs/messages/production-start-no-build-id
    at ignore-listed frames
2026-05-10 15:58:32: Error: Could not find a production build in the '.next' directory. Try building your app with 'next build' before starting the production server. https://nextjs.org/docs/messages/production-start-no-build-id
    at ignore-listed frames
2026-05-10 15:58:34: Error: Could not find a production build in the '.next' directory. Try building your app with 'next build' before starting the production server. https://nextjs.org/docs/messages/production-start-no-build-id
    at ignore-listed frames
2026-05-10 15:58:36: Error: Could not find a production build in the '.next' directory. Try building your app with 'next build' before starting the production server. https://nextjs.org/docs/messages/production-start-no-build-id
    at ignore-listed frames
2026-05-10 15:58:38: Error: Could not find a production build in the '.next' directory. Try building your app with 'next build' before starting the production server. https://nextjs.org/docs/messages/production-start-no-build-id
    at ignore-listed frames
2026-05-10 15:58:40: Error: Could not find a production build in the '.next' directory. Try building your app with 'next build' before starting the production server. https://nextjs.org/docs/messages/production-start-no-build-id
    at ignore-listed frames
2026-05-10 15:58:42: Error: Could not find a production build in the '.next' directory. Try building your app with 'next build' before starting the production server. https://nextjs.org/docs/messages/production-start-no-build-id
    at ignore-listed frames
2026-05-10 15:58:44: Error: Could not find a production build in the '.next' directory. Try building your app with 'next build' before starting the production server. https://nextjs.org/docs/messages/production-start-no-build-id
    at ignore-listed frames
2026-05-10 15:58:46: Error: Could not find a production build in the '.next' directory. Try building your app with 'next build' before starting the production server. https://nextjs.org/docs/messages/production-start-no-build-id
    at ignore-listed frames
2026-05-10 15:58:47: Error: Could not find a production build in the '.next' directory. Try building your app with 'next build' before starting the production server. https://nextjs.org/docs/messages/production-start-no-build-id
    at ignore-listed frames
2026-05-10 15:58:49: Error: Could not find a production build in the '.next' directory. Try building your app with 'next build' before starting the production server. https://nextjs.org/docs/messages/production-start-no-build-id
    at ignore-listed frames
2026-05-10 15:58:51: Error: Could not find a production build in the '.next' directory. Try building your app with 'next build' before starting the production server. https://nextjs.org/docs/messages/production-start-no-build-id
    at ignore-listed frames
2026-05-10 15:58:53: Error: Could not find a production build in the '.next' directory. Try building your app with 'next build' before starting the production server. https://nextjs.org/docs/messages/production-start-no-build-id
    at ignore-listed frames
2026-05-10 15:58:55: Error: Could not find a production build in the '.next' directory. Try building your app with 'next build' before starting the production server. https://nextjs.org/docs/messages/production-start-no-build-id
    at ignore-listed frames
2026-05-10 15:58:56: Error: Could not find a production build in the '.next' directory. Try building your app with 'next build' before starting the production server. https://nextjs.org/docs/messages/production-start-no-build-id
    at ignore-listed frames
2026-05-10 15:58:58: Error: Could not find a production build in the '.next' directory. Try building your app with 'next build' before starting the production server. https://nextjs.org/docs/messages/production-start-no-build-id
    at ignore-listed frames
2026-05-10 15:59:00: Error: Could not find a production build in the '.next' directory. Try building your app with 'next build' before starting the production server. https://nextjs.org/docs/messages/production-start-no-build-id
    at ignore-listed frames
2026-05-10 15:59:02: Error: Could not find a production build in the '.next' directory. Try building your app with 'next build' before starting the production server. https://nextjs.org/docs/messages/production-start-no-build-id
    at ignore-listed frames
2026-05-10 15:59:04: Error: Could not find a production build in the '.next' directory. Try building your app with 'next build' before starting the production server. https://nextjs.org/docs/messages/production-start-no-build-id
    at ignore-listed frames
2026-05-10 15:59:05: Error: Could not find a production build in the '.next' directory. Try building your app with 'next build' before starting the production server. https://nextjs.org/docs/messages/production-start-no-build-id
    at ignore-listed frames
2026-05-10 15:59:07: Error: Could not find a production build in the '.next' directory. Try building your app with 'next build' before starting the production server. https://nextjs.org/docs/messages/production-start-no-build-id
    at ignore-listed frames
2026-05-10 15:59:09: Error: Could not find a production build in the '.next' directory. Try building your app with 'next build' before starting the production server. https://nextjs.org/docs/messages/production-start-no-build-id
    at ignore-listed frames
2026-05-10 15:59:11: Error: Could not find a production build in the '.next' directory. Try building your app with 'next build' before starting the production server. https://nextjs.org/docs/messages/production-start-no-build-id
    at ignore-listed frames
2026-05-10 15:59:13: Error: Could not find a production build in the '.next' directory. Try building your app with 'next build' before starting the production server. https://nextjs.org/docs/messages/production-start-no-build-id
    at ignore-listed frames
2026-05-10 15:59:15: Error: Could not find a production build in the '.next' directory. Try building your app with 'next build' before starting the production server. https://nextjs.org/docs/messages/production-start-no-build-id
    at ignore-listed frames
2026-05-10 15:59:17: Error: Could not find a production build in the '.next' directory. Try building your app with 'next build' before starting the production server. https://nextjs.org/docs/messages/production-start-no-build-id
    at ignore-listed frames
2026-05-10 15:59:18: Error: Could not find a production build in the '.next' directory. Try building your app with 'next build' before starting the production server. https://nextjs.org/docs/messages/production-start-no-build-id
    at ignore-listed frames
2026-05-10 15:59:20: Error: Could not find a production build in the '.next' directory. Try building your app with 'next build' before starting the production server. https://nextjs.org/docs/messages/production-start-no-build-id
    at ignore-listed frames
2026-05-10 15:59:22: Error: Could not find a production build in the '.next' directory. Try building your app with 'next build' before starting the production server. https://nextjs.org/docs/messages/production-start-no-build-id
    at ignore-listed frames
2026-05-10 15:59:24: Error: Could not find a production build in the '.next' directory. Try building your app with 'next build' before starting the production server. https://nextjs.org/docs/messages/production-start-no-build-id
    at ignore-listed frames
2026-05-10 15:59:25: Error: Could not find a production build in the '.next' directory. Try building your app with 'next build' before starting the production server. https://nextjs.org/docs/messages/production-start-no-build-id
    at ignore-listed frames
2026-05-10 15:59:27: Error: Could not find a production build in the '.next' directory. Try building your app with 'next build' before starting the production server. https://nextjs.org/docs/messages/production-start-no-build-id
    at ignore-listed frames
2026-05-10 15:59:29: Error: Could not find a production build in the '.next' directory. Try building your app with 'next build' before starting the production server. https://nextjs.org/docs/messages/production-start-no-build-id
    at ignore-listed frames
2026-05-10 15:59:31: Error: Could not find a production build in the '.next' directory. Try building your app with 'next build' before starting the production server. https://nextjs.org/docs/messages/production-start-no-build-id
    at ignore-listed frames
2026-05-10 15:59:32: Error: Could not find a production build in the '.next' directory. Try building your app with 'next build' before starting the production server. https://nextjs.org/docs/messages/production-start-no-build-id
    at ignore-listed frames
2026-05-10 15:59:34: Error: Could not find a production build in the '.next' directory. Try building your app with 'next build' before starting the production server. https://nextjs.org/docs/messages/production-start-no-build-id
    at ignore-listed frames
2026-05-10 15:59:36: Error: Could not find a production build in the '.next' directory. Try building your app with 'next build' before starting the production server. https://nextjs.org/docs/messages/production-start-no-build-id
    at ignore-listed frames
2026-05-10 15:59:38: Error: Could not find a production build in the '.next' directory. Try building your app with 'next build' before starting the production server. https://nextjs.org/docs/messages/production-start-no-build-id
    at ignore-listed frames
2026-05-10 15:59:40: Error: Could not find a production build in the '.next' directory. Try building your app with 'next build' before starting the production server. https://nextjs.org/docs/messages/production-start-no-build-id
    at ignore-listed frames
2026-05-10 15:59:41: Error: Could not find a production build in the '.next' directory. Try building your app with 'next build' before starting the production server. https://nextjs.org/docs/messages/production-start-no-build-id
    at ignore-listed frames
2026-05-10 15:59:43: Error: Could not find a production build in the '.next' directory. Try building your app with 'next build' before starting the production server. https://nextjs.org/docs/messages/production-start-no-build-id
    at ignore-listed frames
2026-05-10 15:59:45: Error: Could not find a production build in the '.next' directory. Try building your app with 'next build' before starting the production server. https://nextjs.org/docs/messages/production-start-no-build-id
    at ignore-listed frames
2026-05-10 15:59:47: Error: Could not find a production build in the '.next' directory. Try building your app with 'next build' before starting the production server. https://nextjs.org/docs/messages/production-start-no-build-id
    at ignore-listed frames
2026-05-10 15:59:48: Error: Could not find a production build in the '.next' directory. Try building your app with 'next build' before starting the production server. https://nextjs.org/docs/messages/production-start-no-build-id
    at ignore-listed frames
2026-05-10 15:59:50: Error: Could not find a production build in the '.next' directory. Try building your app with 'next build' before starting the production server. https://nextjs.org/docs/messages/production-start-no-build-id
    at ignore-listed frames
2026-05-10 15:59:52: Error: Could not find a production build in the '.next' directory. Try building your app with 'next build' before starting the production server. https://nextjs.org/docs/messages/production-start-no-build-id
    at ignore-listed frames
2026-05-10 15:59:54: Error: Could not find a production build in the '.next' directory. Try building your app with 'next build' before starting the production server. https://nextjs.org/docs/messages/production-start-no-build-id
    at ignore-listed frames
2026-05-10 15:59:56: Error: Could not find a production build in the '.next' directory. Try building your app with 'next build' before starting the production server. https://nextjs.org/docs/messages/production-start-no-build-id
    at ignore-listed frames
2026-05-10 15:59:58: Error: Could not find a production build in the '.next' directory. Try building your app with 'next build' before starting the production server. https://nextjs.org/docs/messages/production-start-no-build-id
    at ignore-listed frames
2026-05-10 16:00:00: Error: Could not find a production build in the '.next' directory. Try building your app with 'next build' before starting the production server. https://nextjs.org/docs/messages/production-start-no-build-id
    at ignore-listed frames
2026-05-10 16:00:03: Error: Could not find a production build in the '.next' directory. Try building your app with 'next build' before starting the production server. https://nextjs.org/docs/messages/production-start-no-build-id
    at ignore-listed frames
2026-05-10 16:00:05: Error: Could not find a production build in the '.next' directory. Try building your app with 'next build' before starting the production server. https://nextjs.org/docs/messages/production-start-no-build-id
    at ignore-listed frames
2026-05-10 16:00:07: Error: Could not find a production build in the '.next' directory. Try building your app with 'next build' before starting the production server. https://nextjs.org/docs/messages/production-start-no-build-id
    at ignore-listed frames
2026-05-10 16:00:09: Error: Could not find a production build in the '.next' directory. Try building your app with 'next build' before starting the production server. https://nextjs.org/docs/messages/production-start-no-build-id
    at ignore-listed frames
2026-05-10 16:00:12: Error: Could not find a production build in the '.next' directory. Try building your app with 'next build' before starting the production server. https://nextjs.org/docs/messages/production-start-no-build-id
    at ignore-listed frames
2026-05-10 16:00:14: Error: Could not find a production build in the '.next' directory. Try building your app with 'next build' before starting the production server. https://nextjs.org/docs/messages/production-start-no-build-id
    at ignore-listed frames
2026-05-10 16:00:17: Error: Could not find a production build in the '.next' directory. Try building your app with 'next build' before starting the production server. https://nextjs.org/docs/messages/production-start-no-build-id
    at ignore-listed frames
2026-05-10 16:00:19: Error: Could not find a production build in the '.next' directory. Try building your app with 'next build' before starting the production server. https://nextjs.org/docs/messages/production-start-no-build-id
    at ignore-listed frames
2026-05-10 16:00:21: Error: Could not find a production build in the '.next' directory. Try building your app with 'next build' before starting the production server. https://nextjs.org/docs/messages/production-start-no-build-id
    at ignore-listed frames
2026-05-10 16:00:23: Error: Could not find a production build in the '.next' directory. Try building your app with 'next build' before starting the production server. https://nextjs.org/docs/messages/production-start-no-build-id
    at ignore-listed frames
2026-05-10 16:00:26: Error: Could not find a production build in the '.next' directory. Try building your app with 'next build' before starting the production server. https://nextjs.org/docs/messages/production-start-no-build-id
    at ignore-listed frames
2026-05-10 16:00:28: Error: Could not find a production build in the '.next' directory. Try building your app with 'next build' before starting the production server. https://nextjs.org/docs/messages/production-start-no-build-id
    at ignore-listed frames
2026-05-10 16:00:29: Error: Could not find a production build in the '.next' directory. Try building your app with 'next build' before starting the production server. https://nextjs.org/docs/messages/production-start-no-build-id
    at ignore-listed frames
2026-05-10 16:00:31: Error: Could not find a production build in the '.next' directory. Try building your app with 'next build' before starting the production server. https://nextjs.org/docs/messages/production-start-no-build-id
    at ignore-listed frames
2026-05-10 16:00:33: Error: Could not find a production build in the '.next' directory. Try building your app with 'next build' before starting the production server. https://nextjs.org/docs/messages/production-start-no-build-id
    at ignore-listed frames
2026-05-10 16:00:35: Error: Could not find a production build in the '.next' directory. Try building your app with 'next build' before starting the production server. https://nextjs.org/docs/messages/production-start-no-build-id
    at ignore-listed frames
2026-05-10 16:00:37: Error: Could not find a production build in the '.next' directory. Try building your app with 'next build' before starting the production server. https://nextjs.org/docs/messages/production-start-no-build-id
    at ignore-listed frames
2026-05-10 16:00:39: Error: Could not find a production build in the '.next' directory. Try building your app with 'next build' before starting the production server. https://nextjs.org/docs/messages/production-start-no-build-id
    at ignore-listed frames
2026-05-10 16:00:40: Error: Could not find a production build in the '.next' directory. Try building your app with 'next build' before starting the production server. https://nextjs.org/docs/messages/production-start-no-build-id
    at ignore-listed frames
2026-05-10 16:00:42: Error: Could not find a production build in the '.next' directory. Try building your app with 'next build' before starting the production server. https://nextjs.org/docs/messages/production-start-no-build-id
    at ignore-listed frames
2026-05-10 16:00:44: Error: Could not find a production build in the '.next' directory. Try building your app with 'next build' before starting the production server. https://nextjs.org/docs/messages/production-start-no-build-id
    at ignore-listed frames
2026-05-10 16:00:46: Error: Could not find a production build in the '.next' directory. Try building your app with 'next build' before starting the production server. https://nextjs.org/docs/messages/production-start-no-build-id
    at ignore-listed frames
2026-05-10 16:00:49: Error: Could not find a production build in the '.next' directory. Try building your app with 'next build' before starting the production server. https://nextjs.org/docs/messages/production-start-no-build-id
    at ignore-listed frames
2026-05-10 16:00:51: Error: Could not find a production build in the '.next' directory. Try building your app with 'next build' before starting the production server. https://nextjs.org/docs/messages/production-start-no-build-id
    at ignore-listed frames
2026-05-10 16:00:54: Error: Could not find a production build in the '.next' directory. Try building your app with 'next build' before starting the production server. https://nextjs.org/docs/messages/production-start-no-build-id
    at ignore-listed frames
2026-05-10 16:00:56: Error: Could not find a production build in the '.next' directory. Try building your app with 'next build' before starting the production server. https://nextjs.org/docs/messages/production-start-no-build-id
    at ignore-listed frames
2026-05-10 16:00:57: Error: Could not find a production build in the '.next' directory. Try building your app with 'next build' before starting the production server. https://nextjs.org/docs/messages/production-start-no-build-id
    at ignore-listed frames
2026-05-10 16:00:59: Error: Could not find a production build in the '.next' directory. Try building your app with 'next build' before starting the production server. https://nextjs.org/docs/messages/production-start-no-build-id
    at ignore-listed frames
2026-05-10 16:01:01: Error: Could not find a production build in the '.next' directory. Try building your app with 'next build' before starting the production server. https://nextjs.org/docs/messages/production-start-no-build-id
    at ignore-listed frames
2026-05-10 16:01:03: Error: Could not find a production build in the '.next' directory. Try building your app with 'next build' before starting the production server. https://nextjs.org/docs/messages/production-start-no-build-id
    at ignore-listed frames
2026-05-10 16:01:05: Error: Could not find a production build in the '.next' directory. Try building your app with 'next build' before starting the production server. https://nextjs.org/docs/messages/production-start-no-build-id
    at ignore-listed frames
2026-05-10 16:01:07: Error: Could not find a production build in the '.next' directory. Try building your app with 'next build' before starting the production server. https://nextjs.org/docs/messages/production-start-no-build-id
    at ignore-listed frames
2026-05-10 16:01:11: Error: Could not find a production build in the '.next' directory. Try building your app with 'next build' before starting the production server. https://nextjs.org/docs/messages/production-start-no-build-id
    at ignore-listed frames
2026-05-10 16:01:14: Error: Could not find a production build in the '.next' directory. Try building your app with 'next build' before starting the production server. https://nextjs.org/docs/messages/production-start-no-build-id
    at ignore-listed frames
2026-05-10 16:01:16: Error: Could not find a production build in the '.next' directory. Try building your app with 'next build' before starting the production server. https://nextjs.org/docs/messages/production-start-no-build-id
    at ignore-listed frames
2026-05-10 16:01:18: Error: Could not find a production build in the '.next' directory. Try building your app with 'next build' before starting the production server. https://nextjs.org/docs/messages/production-start-no-build-id
    at ignore-listed frames
2026-05-10 16:01:20: Error: Could not find a production build in the '.next' directory. Try building your app with 'next build' before starting the production server. https://nextjs.org/docs/messages/production-start-no-build-id
    at ignore-listed frames
2026-05-10 16:01:23: Error: Could not find a production build in the '.next' directory. Try building your app with 'next build' before starting the production server. https://nextjs.org/docs/messages/production-start-no-build-id
    at ignore-listed frames
2026-05-10 16:01:25: Error: Could not find a production build in the '.next' directory. Try building your app with 'next build' before starting the production server. https://nextjs.org/docs/messages/production-start-no-build-id
    at ignore-listed frames
2026-05-10 16:01:27: Error: Could not find a production build in the '.next' directory. Try building your app with 'next build' before starting the production server. https://nextjs.org/docs/messages/production-start-no-build-id
    at ignore-listed frames
2026-05-10 16:01:28: Error: Could not find a production build in the '.next' directory. Try building your app with 'next build' before starting the production server. https://nextjs.org/docs/messages/production-start-no-build-id
    at ignore-listed frames
2026-05-10 16:01:31: Error: Could not find a production build in the '.next' directory. Try building your app with 'next build' before starting the production server. https://nextjs.org/docs/messages/production-start-no-build-id
    at ignore-listed frames
2026-05-10 16:01:33: Error: Could not find a production build in the '.next' directory. Try building your app with 'next build' before starting the production server. https://nextjs.org/docs/messages/production-start-no-build-id
    at ignore-listed frames
2026-05-10 16:01:35: Error: Could not find a production build in the '.next' directory. Try building your app with 'next build' before starting the production server. https://nextjs.org/docs/messages/production-start-no-build-id
    at ignore-listed frames
2026-05-10 16:01:36: Error: Could not find a production build in the '.next' directory. Try building your app with 'next build' before starting the production server. https://nextjs.org/docs/messages/production-start-no-build-id
    at ignore-listed frames
2026-05-10 16:01:38: Error: Could not find a production build in the '.next' directory. Try building your app with 'next build' before starting the production server. https://nextjs.org/docs/messages/production-start-no-build-id
    at ignore-listed frames
2026-05-10 16:01:40: Error: Could not find a production build in the '.next' directory. Try building your app with 'next build' before starting the production server. https://nextjs.org/docs/messages/production-start-no-build-id
    at ignore-listed frames
2026-05-10 16:01:42: Error: Could not find a production build in the '.next' directory. Try building your app with 'next build' before starting the production server. https://nextjs.org/docs/messages/production-start-no-build-id
    at ignore-listed frames
2026-05-10 16:01:44: Error: Could not find a production build in the '.next' directory. Try building your app with 'next build' before starting the production server. https://nextjs.org/docs/messages/production-start-no-build-id
    at ignore-listed frames
2026-05-10 16:01:47: Error: Could not find a production build in the '.next' directory. Try building your app with 'next build' before starting the production server. https://nextjs.org/docs/messages/production-start-no-build-id
    at ignore-listed frames
2026-05-10 16:01:50: Error: Could not find a production build in the '.next' directory. Try building your app with 'next build' before starting the production server. https://nextjs.org/docs/messages/production-start-no-build-id
    at ignore-listed frames
2026-05-10 16:01:52: Error: Could not find a production build in the '.next' directory. Try building your app with 'next build' before starting the production server. https://nextjs.org/docs/messages/production-start-no-build-id
    at ignore-listed frames
2026-05-10 16:01:54: Error: Could not find a production build in the '.next' directory. Try building your app with 'next build' before starting the production server. https://nextjs.org/docs/messages/production-start-no-build-id
    at ignore-listed frames
2026-05-10 16:01:56: Error: Could not find a production build in the '.next' directory. Try building your app with 'next build' before starting the production server. https://nextjs.org/docs/messages/production-start-no-build-id
    at ignore-listed frames
2026-05-10 16:01:57: Error: Could not find a production build in the '.next' directory. Try building your app with 'next build' before starting the production server. https://nextjs.org/docs/messages/production-start-no-build-id
    at ignore-listed frames
2026-05-10 16:01:59: Error: Could not find a production build in the '.next' directory. Try building your app with 'next build' before starting the production server. https://nextjs.org/docs/messages/production-start-no-build-id
    at ignore-listed frames
2026-05-10 16:02:02: Error: Could not find a production build in the '.next' directory. Try building your app with 'next build' before starting the production server. https://nextjs.org/docs/messages/production-start-no-build-id
    at ignore-listed frames
2026-05-10 16:02:06: Error: Could not find a production build in the '.next' directory. Try building your app with 'next build' before starting the production server. https://nextjs.org/docs/messages/production-start-no-build-id
    at ignore-listed frames
2026-05-10 16:02:09: Error: Could not find a production build in the '.next' directory. Try building your app with 'next build' before starting the production server. https://nextjs.org/docs/messages/production-start-no-build-id
    at ignore-listed frames
2026-05-10 16:02:12: Error: Could not find a production build in the '.next' directory. Try building your app with 'next build' before starting the production server. https://nextjs.org/docs/messages/production-start-no-build-id
    at ignore-listed frames
2026-05-10 16:02:15: Error: Could not find a production build in the '.next' directory. Try building your app with 'next build' before starting the production server. https://nextjs.org/docs/messages/production-start-no-build-id
    at ignore-listed frames
2026-05-10 16:02:17: Error: Could not find a production build in the '.next' directory. Try building your app with 'next build' before starting the production server. https://nextjs.org/docs/messages/production-start-no-build-id
    at ignore-listed frames
2026-05-10 16:02:20: Error: Could not find a production build in the '.next' directory. Try building your app with 'next build' before starting the production server. https://nextjs.org/docs/messages/production-start-no-build-id
    at ignore-listed frames
2026-05-10 16:02:22: Error: Could not find a production build in the '.next' directory. Try building your app with 'next build' before starting the production server. https://nextjs.org/docs/messages/production-start-no-build-id
    at ignore-listed frames
2026-05-10 16:02:24: Error: Could not find a production build in the '.next' directory. Try building your app with 'next build' before starting the production server. https://nextjs.org/docs/messages/production-start-no-build-id
    at ignore-listed frames
2026-05-10 16:02:26: Error: Could not find a production build in the '.next' directory. Try building your app with 'next build' before starting the production server. https://nextjs.org/docs/messages/production-start-no-build-id
    at ignore-listed frames
2026-05-10 16:02:29: Error: Could not find a production build in the '.next' directory. Try building your app with 'next build' before starting the production server. https://nextjs.org/docs/messages/production-start-no-build-id
    at ignore-listed frames
2026-05-10 16:02:31: Error: Could not find a production build in the '.next' directory. Try building your app with 'next build' before starting the production server. https://nextjs.org/docs/messages/production-start-no-build-id
    at ignore-listed frames
2026-05-10 16:02:34: Error: Could not find a production build in the '.next' directory. Try building your app with 'next build' before starting the production server. https://nextjs.org/docs/messages/production-start-no-build-id
    at ignore-listed frames
2026-05-10 16:02:37: Error: Could not find a production build in the '.next' directory. Try building your app with 'next build' before starting the production server. https://nextjs.org/docs/messages/production-start-no-build-id
    at ignore-listed frames
2026-05-10 16:02:39: Error: Could not find a production build in the '.next' directory. Try building your app with 'next build' before starting the production server. https://nextjs.org/docs/messages/production-start-no-build-id
    at ignore-listed frames
2026-05-10 16:02:41: Error: Could not find a production build in the '.next' directory. Try building your app with 'next build' before starting the production server. https://nextjs.org/docs/messages/production-start-no-build-id
    at ignore-listed frames
2026-05-10 16:02:43: Error: Could not find a production build in the '.next' directory. Try building your app with 'next build' before starting the production server. https://nextjs.org/docs/messages/production-start-no-build-id
    at ignore-listed frames
2026-05-10 16:02:45: Error: Could not find a production build in the '.next' directory. Try building your app with 'next build' before starting the production server. https://nextjs.org/docs/messages/production-start-no-build-id
    at ignore-listed frames
2026-05-10 16:02:47: Error: Could not find a production build in the '.next' directory. Try building your app with 'next build' before starting the production server. https://nextjs.org/docs/messages/production-start-no-build-id
    at ignore-listed frames
2026-05-10 16:02:50: Error: Could not find a production build in the '.next' directory. Try building your app with 'next build' before starting the production server. https://nextjs.org/docs/messages/production-start-no-build-id
    at ignore-listed frames
2026-05-10 16:02:52: Error: Could not find a production build in the '.next' directory. Try building your app with 'next build' before starting the production server. https://nextjs.org/docs/messages/production-start-no-build-id
    at ignore-listed frames
2026-05-10 16:02:54: Error: Could not find a production build in the '.next' directory. Try building your app with 'next build' before starting the production server. https://nextjs.org/docs/messages/production-start-no-build-id
    at ignore-listed frames
2026-05-10 16:02:56: Error: Could not find a production build in the '.next' directory. Try building your app with 'next build' before starting the production server. https://nextjs.org/docs/messages/production-start-no-build-id
    at ignore-listed frames
2026-05-10 16:02:58: Error: Could not find a production build in the '.next' directory. Try building your app with 'next build' before starting the production server. https://nextjs.org/docs/messages/production-start-no-build-id
    at ignore-listed frames
2026-05-10 16:03:00: Error: Could not find a production build in the '.next' directory. Try building your app with 'next build' before starting the production server. https://nextjs.org/docs/messages/production-start-no-build-id
    at ignore-listed frames
2026-05-10 16:03:02: Error: Could not find a production build in the '.next' directory. Try building your app with 'next build' before starting the production server. https://nextjs.org/docs/messages/production-start-no-build-id
    at ignore-listed frames
2026-05-10 16:03:05: Error: Could not find a production build in the '.next' directory. Try building your app with 'next build' before starting the production server. https://nextjs.org/docs/messages/production-start-no-build-id
    at ignore-listed frames
2026-05-10 16:03:07: Error: Could not find a production build in the '.next' directory. Try building your app with 'next build' before starting the production server. https://nextjs.org/docs/messages/production-start-no-build-id
    at ignore-listed frames
2026-05-10 16:03:10: Error: Could not find a production build in the '.next' directory. Try building your app with 'next build' before starting the production server. https://nextjs.org/docs/messages/production-start-no-build-id
    at ignore-listed frames
2026-05-10 16:03:14: Error: Could not find a production build in the '.next' directory. Try building your app with 'next build' before starting the production server. https://nextjs.org/docs/messages/production-start-no-build-id
    at ignore-listed frames
2026-05-10 16:03:18: Error: Could not find a production build in the '.next' directory. Try building your app with 'next build' before starting the production server. https://nextjs.org/docs/messages/production-start-no-build-id
    at ignore-listed frames
2026-05-10 16:03:21: Error: Could not find a production build in the '.next' directory. Try building your app with 'next build' before starting the production server. https://nextjs.org/docs/messages/production-start-no-build-id
    at ignore-listed frames
2026-05-10 16:03:26: Error: Could not find a production build in the '.next' directory. Try building your app with 'next build' before starting the production server. https://nextjs.org/docs/messages/production-start-no-build-id
    at ignore-listed frames
2026-05-10 16:03:29: Error: Could not find a production build in the '.next' directory. Try building your app with 'next build' before starting the production server. https://nextjs.org/docs/messages/production-start-no-build-id
    at ignore-listed frames
2026-05-10 16:03:31: Error: Could not find a production build in the '.next' directory. Try building your app with 'next build' before starting the production server. https://nextjs.org/docs/messages/production-start-no-build-id
    at ignore-listed frames
2026-05-10 16:03:34: Error: Could not find a production build in the '.next' directory. Try building your app with 'next build' before starting the production server. https://nextjs.org/docs/messages/production-start-no-build-id
    at ignore-listed frames
2026-05-10 16:03:37: Error: Could not find a production build in the '.next' directory. Try building your app with 'next build' before starting the production server. https://nextjs.org/docs/messages/production-start-no-build-id
    at ignore-listed frames
2026-05-10 16:03:40: Error: Could not find a production build in the '.next' directory. Try building your app with 'next build' before starting the production server. https://nextjs.org/docs/messages/production-start-no-build-id
    at ignore-listed frames
2026-05-10 16:03:43: Error: Could not find a production build in the '.next' directory. Try building your app with 'next build' before starting the production server. https://nextjs.org/docs/messages/production-start-no-build-id
    at ignore-listed frames
2026-05-10 16:03:46: Error: Could not find a production build in the '.next' directory. Try building your app with 'next build' before starting the production server. https://nextjs.org/docs/messages/production-start-no-build-id
    at ignore-listed frames
2026-05-10 16:03:49: Error: Could not find a production build in the '.next' directory. Try building your app with 'next build' before starting the production server. https://nextjs.org/docs/messages/production-start-no-build-id
    at ignore-listed frames
2026-05-10 16:03:52: Error: Could not find a production build in the '.next' directory. Try building your app with 'next build' before starting the production server. https://nextjs.org/docs/messages/production-start-no-build-id
    at ignore-listed frames
2026-05-10 16:03:54: Error: Could not find a production build in the '.next' directory. Try building your app with 'next build' before starting the production server. https://nextjs.org/docs/messages/production-start-no-build-id
    at ignore-listed frames
2026-05-10 16:03:57: Error: Could not find a production build in the '.next' directory. Try building your app with 'next build' before starting the production server. https://nextjs.org/docs/messages/production-start-no-build-id
    at ignore-listed frames
2026-05-10 16:04:00: Error: Could not find a production build in the '.next' directory. Try building your app with 'next build' before starting the production server. https://nextjs.org/docs/messages/production-start-no-build-id
    at ignore-listed frames
2026-05-10 16:04:03: Error: Could not find a production build in the '.next' directory. Try building your app with 'next build' before starting the production server. https://nextjs.org/docs/messages/production-start-no-build-id
    at ignore-listed frames
2026-05-10 16:04:05: Error: Could not find a production build in the '.next' directory. Try building your app with 'next build' before starting the production server. https://nextjs.org/docs/messages/production-start-no-build-id
    at ignore-listed frames
2026-05-10 16:04:08: Error: Could not find a production build in the '.next' directory. Try building your app with 'next build' before starting the production server. https://nextjs.org/docs/messages/production-start-no-build-id
    at ignore-listed frames
2026-05-10 16:04:12: Error: Could not find a production build in the '.next' directory. Try building your app with 'next build' before starting the production server. https://nextjs.org/docs/messages/production-start-no-build-id
    at ignore-listed frames
2026-05-10 16:04:16: Error: Could not find a production build in the '.next' directory. Try building your app with 'next build' before starting the production server. https://nextjs.org/docs/messages/production-start-no-build-id
    at ignore-listed frames
2026-05-10 16:04:20: Error: Could not find a production build in the '.next' directory. Try building your app with 'next build' before starting the production server. https://nextjs.org/docs/messages/production-start-no-build-id
    at ignore-listed frames
2026-05-10 16:04:22: Error: Could not find a production build in the '.next' directory. Try building your app with 'next build' before starting the production server. https://nextjs.org/docs/messages/production-start-no-build-id
    at ignore-listed frames
2026-05-10 16:04:26: Error: Could not find a production build in the '.next' directory. Try building your app with 'next build' before starting the production server. https://nextjs.org/docs/messages/production-start-no-build-id
    at ignore-listed frames
2026-05-10 16:04:29: Error: Could not find a production build in the '.next' directory. Try building your app with 'next build' before starting the production server. https://nextjs.org/docs/messages/production-start-no-build-id
    at ignore-listed frames
2026-05-10 16:04:32: Error: Could not find a production build in the '.next' directory. Try building your app with 'next build' before starting the production server. https://nextjs.org/docs/messages/production-start-no-build-id
    at ignore-listed frames
2026-05-10 16:04:36: Error: Could not find a production build in the '.next' directory. Try building your app with 'next build' before starting the production server. https://nextjs.org/docs/messages/production-start-no-build-id
    at ignore-listed frames
2026-05-10 16:04:40: Error: Could not find a production build in the '.next' directory. Try building your app with 'next build' before starting the production server. https://nextjs.org/docs/messages/production-start-no-build-id
    at ignore-listed frames
2026-05-10 16:04:44: Error: Could not find a production build in the '.next' directory. Try building your app with 'next build' before starting the production server. https://nextjs.org/docs/messages/production-start-no-build-id
    at ignore-listed frames
2026-05-10 16:04:46: Error: Could not find a production build in the '.next' directory. Try building your app with 'next build' before starting the production server. https://nextjs.org/docs/messages/production-start-no-build-id
    at ignore-listed frames
2026-05-10 16:04:49: Error: Could not find a production build in the '.next' directory. Try building your app with 'next build' before starting the production server. https://nextjs.org/docs/messages/production-start-no-build-id
    at ignore-listed frames
2026-05-10 16:04:53: Error: Could not find a production build in the '.next' directory. Try building your app with 'next build' before starting the production server. https://nextjs.org/docs/messages/production-start-no-build-id
    at ignore-listed frames
2026-05-10 16:04:56: Error: Could not find a production build in the '.next' directory. Try building your app with 'next build' before starting the production server. https://nextjs.org/docs/messages/production-start-no-build-id
    at ignore-listed frames
2026-05-10 16:05:00: Error: Could not find a production build in the '.next' directory. Try building your app with 'next build' before starting the production server. https://nextjs.org/docs/messages/production-start-no-build-id
    at ignore-listed frames
2026-05-10 16:05:04: Error: Could not find a production build in the '.next' directory. Try building your app with 'next build' before starting the production server. https://nextjs.org/docs/messages/production-start-no-build-id
    at ignore-listed frames
2026-05-10 16:05:08: Error: Could not find a production build in the '.next' directory. Try building your app with 'next build' before starting the production server. https://nextjs.org/docs/messages/production-start-no-build-id
    at ignore-listed frames
2026-05-10 16:05:10: Error: Could not find a production build in the '.next' directory. Try building your app with 'next build' before starting the production server. https://nextjs.org/docs/messages/production-start-no-build-id
    at ignore-listed frames
2026-05-10 16:05:13: Error: Could not find a production build in the '.next' directory. Try building your app with 'next build' before starting the production server. https://nextjs.org/docs/messages/production-start-no-build-id
    at ignore-listed frames
2026-05-10 16:05:16: Error: Could not find a production build in the '.next' directory. Try building your app with 'next build' before starting the production server. https://nextjs.org/docs/messages/production-start-no-build-id
    at ignore-listed frames
2026-05-10 16:05:19: Error: Could not find a production build in the '.next' directory. Try building your app with 'next build' before starting the production server. https://nextjs.org/docs/messages/production-start-no-build-id
    at ignore-listed frames
2026-05-10 16:05:21: Error: Could not find a production build in the '.next' directory. Try building your app with 'next build' before starting the production server. https://nextjs.org/docs/messages/production-start-no-build-id
    at ignore-listed frames
2026-05-10 16:05:24: Error: Could not find a production build in the '.next' directory. Try building your app with 'next build' before starting the production server. https://nextjs.org/docs/messages/production-start-no-build-id
    at ignore-listed frames
2026-05-10 16:05:26: Error: Could not find a production build in the '.next' directory. Try building your app with 'next build' before starting the production server. https://nextjs.org/docs/messages/production-start-no-build-id
    at ignore-listed frames
2026-05-10 16:05:28: Error: Could not find a production build in the '.next' directory. Try building your app with 'next build' before starting the production server. https://nextjs.org/docs/messages/production-start-no-build-id
    at ignore-listed frames
2026-05-10 16:05:32: Error: Could not find a production build in the '.next' directory. Try building your app with 'next build' before starting the production server. https://nextjs.org/docs/messages/production-start-no-build-id
    at ignore-listed frames
2026-05-10 16:05:34: Error: Could not find a production build in the '.next' directory. Try building your app with 'next build' before starting the production server. https://nextjs.org/docs/messages/production-start-no-build-id
    at ignore-listed frames
2026-05-10 16:05:37: Error: Could not find a production build in the '.next' directory. Try building your app with 'next build' before starting the production server. https://nextjs.org/docs/messages/production-start-no-build-id
    at ignore-listed frames
2026-05-10 16:05:40: Error: Could not find a production build in the '.next' directory. Try building your app with 'next build' before starting the production server. https://nextjs.org/docs/messages/production-start-no-build-id
    at ignore-listed frames
2026-05-10 16:05:42: Error: Could not find a production build in the '.next' directory. Try building your app with 'next build' before starting the production server. https://nextjs.org/docs/messages/production-start-no-build-id
    at ignore-listed frames
2026-05-10 16:05:44: Error: Could not find a production build in the '.next' directory. Try building your app with 'next build' before starting the production server. https://nextjs.org/docs/messages/production-start-no-build-id
    at ignore-listed frames
2026-05-10 16:05:47: Error: Could not find a production build in the '.next' directory. Try building your app with 'next build' before starting the production server. https://nextjs.org/docs/messages/production-start-no-build-id
    at ignore-listed frames
2026-05-10 16:05:50: Error: Could not find a production build in the '.next' directory. Try building your app with 'next build' before starting the production server. https://nextjs.org/docs/messages/production-start-no-build-id
    at ignore-listed frames
2026-05-10 16:05:53: Error: Could not find a production build in the '.next' directory. Try building your app with 'next build' before starting the production server. https://nextjs.org/docs/messages/production-start-no-build-id
    at ignore-listed frames
2026-05-10 16:05:55: Error: Could not find a production build in the '.next' directory. Try building your app with 'next build' before starting the production server. https://nextjs.org/docs/messages/production-start-no-build-id
    at ignore-listed frames
2026-05-10 16:05:57: Error: Could not find a production build in the '.next' directory. Try building your app with 'next build' before starting the production server. https://nextjs.org/docs/messages/production-start-no-build-id
    at ignore-listed frames
2026-05-10 16:05:59: Error: Could not find a production build in the '.next' directory. Try building your app with 'next build' before starting the production server. https://nextjs.org/docs/messages/production-start-no-build-id
    at ignore-listed frames
2026-05-10 16:06:01: Error: Could not find a production build in the '.next' directory. Try building your app with 'next build' before starting the production server. https://nextjs.org/docs/messages/production-start-no-build-id
    at ignore-listed frames
2026-05-10 16:06:03: Error: Could not find a production build in the '.next' directory. Try building your app with 'next build' before starting the production server. https://nextjs.org/docs/messages/production-start-no-build-id
    at ignore-listed frames
2026-05-10 16:06:06: Error: Could not find a production build in the '.next' directory. Try building your app with 'next build' before starting the production server. https://nextjs.org/docs/messages/production-start-no-build-id
    at ignore-listed frames
2026-05-10 16:06:08: Error: Could not find a production build in the '.next' directory. Try building your app with 'next build' before starting the production server. https://nextjs.org/docs/messages/production-start-no-build-id
    at ignore-listed frames
2026-05-10 16:06:10: Error: Could not find a production build in the '.next' directory. Try building your app with 'next build' before starting the production server. https://nextjs.org/docs/messages/production-start-no-build-id
    at ignore-listed frames
2026-05-10 16:06:12: Error: Could not find a production build in the '.next' directory. Try building your app with 'next build' before starting the production server. https://nextjs.org/docs/messages/production-start-no-build-id
    at ignore-listed frames
2026-05-10 16:06:14: Error: Could not find a production build in the '.next' directory. Try building your app with 'next build' before starting the production server. https://nextjs.org/docs/messages/production-start-no-build-id
    at ignore-listed frames
2026-05-10 16:06:16: Error: Could not find a production build in the '.next' directory. Try building your app with 'next build' before starting the production server. https://nextjs.org/docs/messages/production-start-no-build-id
    at ignore-listed frames
2026-05-10 16:06:19: Error: Could not find a production build in the '.next' directory. Try building your app with 'next build' before starting the production server. https://nextjs.org/docs/messages/production-start-no-build-id
    at ignore-listed frames
2026-05-10 16:06:21: Error: Could not find a production build in the '.next' directory. Try building your app with 'next build' before starting the production server. https://nextjs.org/docs/messages/production-start-no-build-id
    at ignore-listed frames
2026-05-10 16:06:23: Error: Could not find a production build in the '.next' directory. Try building your app with 'next build' before starting the production server. https://nextjs.org/docs/messages/production-start-no-build-id
    at ignore-listed frames
2026-05-10 16:06:25: Error: Could not find a production build in the '.next' directory. Try building your app with 'next build' before starting the production server. https://nextjs.org/docs/messages/production-start-no-build-id
    at ignore-listed frames
2026-05-10 16:06:27: Error: Could not find a production build in the '.next' directory. Try building your app with 'next build' before starting the production server. https://nextjs.org/docs/messages/production-start-no-build-id
    at ignore-listed frames
2026-05-10 16:06:29: Error: Could not find a production build in the '.next' directory. Try building your app with 'next build' before starting the production server. https://nextjs.org/docs/messages/production-start-no-build-id
    at ignore-listed frames
2026-05-10 16:06:31: Error: Could not find a production build in the '.next' directory. Try building your app with 'next build' before starting the production server. https://nextjs.org/docs/messages/production-start-no-build-id
    at ignore-listed frames
2026-05-10 16:06:34: Error: Could not find a production build in the '.next' directory. Try building your app with 'next build' before starting the production server. https://nextjs.org/docs/messages/production-start-no-build-id
    at ignore-listed frames
2026-05-10 16:06:37: Error: Could not find a production build in the '.next' directory. Try building your app with 'next build' before starting the production server. https://nextjs.org/docs/messages/production-start-no-build-id
    at ignore-listed frames
2026-05-10 16:06:41: Error: Could not find a production build in the '.next' directory. Try building your app with 'next build' before starting the production server. https://nextjs.org/docs/messages/production-start-no-build-id
    at ignore-listed frames
2026-05-10 16:06:44: Error: Could not find a production build in the '.next' directory. Try building your app with 'next build' before starting the production server. https://nextjs.org/docs/messages/production-start-no-build-id
    at ignore-listed frames
2026-05-10 16:06:47: Error: Could not find a production build in the '.next' directory. Try building your app with 'next build' before starting the production server. https://nextjs.org/docs/messages/production-start-no-build-id
    at ignore-listed frames
2026-05-10 16:06:52: Error: Could not find a production build in the '.next' directory. Try building your app with 'next build' before starting the production server. https://nextjs.org/docs/messages/production-start-no-build-id
    at ignore-listed frames
2026-05-10 16:06:54: Error: Could not find a production build in the '.next' directory. Try building your app with 'next build' before starting the production server. https://nextjs.org/docs/messages/production-start-no-build-id
    at ignore-listed frames
2026-05-10 16:06:57: Error: Could not find a production build in the '.next' directory. Try building your app with 'next build' before starting the production server. https://nextjs.org/docs/messages/production-start-no-build-id
    at ignore-listed frames
2026-05-10 16:07:01: Error: Could not find a production build in the '.next' directory. Try building your app with 'next build' before starting the production server. https://nextjs.org/docs/messages/production-start-no-build-id
    at ignore-listed frames
2026-05-10 16:07:05: Error: Could not find a production build in the '.next' directory. Try building your app with 'next build' before starting the production server. https://nextjs.org/docs/messages/production-start-no-build-id
    at ignore-listed frames
2026-05-10 16:07:07: Error: Could not find a production build in the '.next' directory. Try building your app with 'next build' before starting the production server. https://nextjs.org/docs/messages/production-start-no-build-id
    at ignore-listed frames
2026-05-10 16:07:09: Error: Could not find a production build in the '.next' directory. Try building your app with 'next build' before starting the production server. https://nextjs.org/docs/messages/production-start-no-build-id
    at ignore-listed frames
2026-05-10 16:07:12: Error: Could not find a production build in the '.next' directory. Try building your app with 'next build' before starting the production server. https://nextjs.org/docs/messages/production-start-no-build-id
    at ignore-listed frames
2026-05-10 16:07:15: Error: Could not find a production build in the '.next' directory. Try building your app with 'next build' before starting the production server. https://nextjs.org/docs/messages/production-start-no-build-id
    at ignore-listed frames
2026-05-10 16:07:18: Error: Could not find a production build in the '.next' directory. Try building your app with 'next build' before starting the production server. https://nextjs.org/docs/messages/production-start-no-build-id
    at ignore-listed frames
2026-05-10 16:07:20: Error: Could not find a production build in the '.next' directory. Try building your app with 'next build' before starting the production server. https://nextjs.org/docs/messages/production-start-no-build-id
    at ignore-listed frames
2026-05-10 16:07:24: Error: Could not find a production build in the '.next' directory. Try building your app with 'next build' before starting the production server. https://nextjs.org/docs/messages/production-start-no-build-id
    at ignore-listed frames
2026-05-10 16:07:29: Error: Could not find a production build in the '.next' directory. Try building your app with 'next build' before starting the production server. https://nextjs.org/docs/messages/production-start-no-build-id
    at ignore-listed frames
